<?xml version="1.0" encoding="utf-8"?>
<!DOCTYPE datafile PUBLIC "-//Logiqx//DTD ROM Management Datafile//EN" "http://www.logiqx.com/Dats/datafile.dtd">
<datafile>
	<header>
		<name>ibm5170_cdrom</name>
		<description>IBM PC/AT CD-ROM images</description>
		<version></version>
		<author></author>
	</header>
	<machine name="5plus1_10">
		<description>5 Plus One: Pack 10 - The Blues Brothers</description>
		<year>1994</year>
		<publisher>Prism Leisure Corporation PLC</publisher>
		<disk name="Blues Brothers, The (Europe)" sha1="a9a4f1071e7ed928e73535d9bffcd11ee47ac56f" />
	</machine>
	<machine name="5plus1_25">
		<description>5 Plus One: Pack 25 - TV Sports Football</description>
		<year>1994</year>
		<publisher>Prism Leisure Corporation PLC</publisher>
		<disk name="TV Sports Football (Europe)" sha1="4765a2400d6e480a5656a7889331002ee7e910a6" />
	</machine>
	<machine name="bitmpbro">
		<description>The Bitmap Brothers Compilation</description>
		<year>1995</year>
		<publisher>Renegade Software</publisher>
		<disk name="Bitmap Brothers Compilation, The (Europe)" sha1="5f543f56ef0bbee1ddcfd528459b0d0367a6ef3e" />
	</machine>
	<machine name="delphicc">
		<description>Delphine Classic Collection - Adventure</description>
		<year>1994</year>
		<publisher>Kixx</publisher>
		<disk name="Delphine Classic Collection (Europe) (En,De)" sha1="e910498db33534ad63ab62108069e7eda17bd8de" />
	</machine>
	<machine name="hocuspcde">
		<description>Hocus Pocus (Germany)</description>
		<year>1994</year>
		<publisher>Apogee Software</publisher>
		<disk name="Hocus Pocus (Germany)" sha1="d52bdffdb451b91f5bd65c880ba8009198ff5856" />
	</machine>
	<machine name="hocuspcdesw">
		<description>Hocus Pocus (Germany, shareware)</description>
		<year>1994</year>
		<publisher>Apogee Software</publisher>
		<disk name="Hocus Pocus (Germany) (Demo)" sha1="9fde44d5eb760c1c5847c14165894a8c6073b78f" />
	</machine>
	<machine name="hocuspces">
		<description>Hocus Pocus (Spain)</description>
		<year>1997</year>
		<publisher>Apogee Software</publisher>
		<disk name="Hocus Pocus (Spain) (Rerelease)" sha1="7f54622d68dd68da0b5185d6a5475f083315ded3" />
	</machine>
	<machine name="hocuspcus1">
		<description>Hocus Pocus (USA, rerelease)</description>
		<year>1995</year>
		<publisher>Apogee Software</publisher>
		<disk name="Hocus Pocus (USA) (Alt)" sha1="04711c1e225b6127e13cda3358fb7a314c1c0b39" />
	</machine>
	<machine name="hocuspcus2">
		<description>Hocus Pocus (USA, rerelease, alt)</description>
		<year>1995</year>
		<publisher>Apogee Software</publisher>
		<disk name="Hocus Pocus (USA) (Alt 2)" sha1="46799b8b4e1fa697c23ebee08db3dc00818839a3" />
	</machine>
	<machine name="hocuspcus3">
		<description>Hocus Pocus (USA, mail order release)</description>
		<year>1997</year>
		<publisher>Apogee Software</publisher>
		<disk name="Hocus Pocus (USA) (Rerelease)" sha1="7e7a696f365f79304ed68bf98bb46bcaa2dcdd13" />
	</machine>
	<machine name="hocuspcus">
		<description>Hocus Pocus (USA)</description>
		<year>1995</year>
		<publisher>Apogee Software</publisher>
		<disk name="Hocus Pocus (USA)" sha1="2635c948b4b0503bd616e71a950b5a02d0c40578" />
	</machine>
	<machine name="hocuspoc">
		<description>Hocus Pocus (Europe)</description>
		<year>1995</year>
		<publisher>Kixx XL</publisher>
		<disk name="Hocus Pocus (Europe)" sha1="bfd4f851c81965448daf9e2087723c50ec8a7ed8" />
	</machine>
	<machine name="idanthol">
		<description>id Anthology (rev 1)</description>
		<year>1996</year>
		<publisher>id Software</publisher>
		<disk name="id Anthology (USA) (Disc 1) (Vintage)" sha1="f2e0dcc8252d0b11cc770452f6513fc1d2653452" />
		<disk name="id Anthology (USA) (Disc 2) (Doom) (Rev 1)" sha1="0cc44f09c53368ac0a5360db9b16d5d1ddf4380b" />
	</machine>
	<machine name="idanthola">
		<description>id Anthology</description>
		<year>1996</year>
		<publisher>id Software</publisher>
		<disk name="id Anthology (USA) (Disc 2) (Doom)" sha1="b32a547d78a19d2e0a47fdfc64e270b2ecfa000e" />
	</machine>
	<machine name="zool2">
		<description>Zool 2</description>
		<year>1994</year>
		<publisher>Gremlin Interactive</publisher>
		<disk name="Zool 2 (Europe)" sha1="7609f9de95f75227849b307b590063a9d34f3d31" />
	</machine>
	<machine name="zool">
		<description>Zool: Ninja of the "Nth" Dimension</description>
		<year>1996</year>
		<publisher>Gremlin Interactive</publisher>
		<disk name="Zool - Ninja of the Nth Dimension (Europe)" sha1="eaf97c3fbf6f78a55fabf316c258f14201bf4be1" />
	</machine>
</datafile>