<?xml version="1.0" encoding="utf-8"?>
<!DOCTYPE datafile PUBLIC "-//Logiqx//DTD ROM Management Datafile//EN" "http://www.logiqx.com/Dats/datafile.dtd">
<datafile>
	<header>
		<name>MAME - Update CHDs (v0.250 to v0.251)</name>
		<description>MAME - Update CHDs (v0.250 to v0.251)</description>
		<version></version>
		<author></author>
	</header>
	<machine name="huhimage">
		<description>Heat Up Hockey Image (Ver.1.003R)</description>
		<year>2019</year>
		<manufacturer>Sega</manufacturer>
		<disk name="tsb0-sega00001" sha1="2e5703783e5200ef37845d3ca1f862c3541cc21d" />
	</machine>
</datafile>