<?xml version="1.0" encoding="utf-8"?>
<!DOCTYPE datafile PUBLIC "-//Logiqx//DTD ROM Management Datafile//EN" "http://www.logiqx.com/Dats/datafile.dtd">
<datafile>
	<header>
		<name>a7800</name>
		<description>Atari 7800 cartridges</description>
		<version></version>
		<author></author>
	</header>
	<machine name="ddragon">
		<description>Double Dragon (PAL)</description>
		<year>1989</year>
		<publisher>Activision / Technos</publisher>
		<rom name="dbledreu.bin" size="131072" crc="4d634bf5" sha1="da7d495ac858c3b1f66aeb6e981c25bd08d44bd8" />
	</machine>
	<machine name="ddragonu">
		<description>Double Dragon (NTSC)</description>
		<year>1989</year>
		<publisher>Activision / Technos</publisher>
		<rom name="dbledrgn.bin" size="131072" crc="f20773d5" sha1="df67dad8bbf3813e7b96362c55ed4af40d831277" />
	</machine>
	<machine name="rampage">
		<description>Rampage (NTSC)</description>
		<year>1989</year>
		<publisher>Activision</publisher>
		<rom name="rampage.bin" size="131072" crc="d2876ee2" sha1="17401f85fe8b453a6b43b3d0035d993b90568efc" />
	</machine>
</datafile>