<?xml version="1.0" encoding="utf-8"?>
<!DOCTYPE datafile PUBLIC "-//Logiqx//DTD ROM Management Datafile//EN" "http://www.logiqx.com/Dats/datafile.dtd">
<datafile>
	<header>
		<name>apple2_flop_misc</name>
		<description>Apple II miscellaneous disks</description>
		<version></version>
		<author></author>
	</header>
	<machine name="alephbai">
		<description>Aleph Baiters</description>
		<year>1983</year>
		<publisher>Gesher Educational Affiliates</publisher>
		<rom name="1983-aleph-baiters.dsk" size="143360" crc="93020d00" sha1="8a246f2a57f97f9119b01834d48f70a266308f0d" />
	</machine>
	<machine name="borders">
		<description>Borders</description>
		<year>1983</year>
		<publisher>Gesher Educational Affiliates</publisher>
		<rom name="1983-borders.dsk" size="143360" crc="055911fb" sha1="6d7319657630725b52b2b9838788c88549543254" />
	</machine>
	<machine name="georgvar">
		<description>The Georgia Variations</description>
		<year>1984</year>
		<publisher>Gesher Educational Affiliates</publisher>
		<rom name="georgia-1.dsk" size="143360" crc="2080c4e6" sha1="403cd85583604fcd9848134016680c548b180786" />
		<rom name="georgia-a.dsk" size="143360" crc="1d0b1614" sha1="3f8d8119bd1530749c3233327fb71b631526834c" />
		<rom name="georgia-b.dsk" size="143360" crc="3f1c3a6c" sha1="c12372a6053d8c30158aaf2b59c242f5c891ed3a" />
		<rom name="georgia-c.dsk" size="143360" crc="5a45e333" sha1="b360baf30e32f2e6ebcd4b2c06d150a04827c1e4" />
		<rom name="georgia-t.dsk" size="143360" crc="94496733" sha1="046c05edeb0af7cf1329a7193fd6f186c9f3f593" />
	</machine>
	<machine name="noshkosh">
		<description>Nosh Kosh</description>
		<year>1983</year>
		<publisher>Gesher Educational Affiliates</publisher>
		<rom name="1983-nosh-kosh.dsk" size="143360" crc="329e9b03" sha1="053dd8ae8f556be8550de63cc0d407a18a6efac6" />
	</machine>
</datafile>