<?xml version="1.0" encoding="utf-8"?>
<!DOCTYPE datafile PUBLIC "-//Logiqx//DTD ROM Management Datafile//EN" "http://www.logiqx.com/Dats/datafile.dtd">
<datafile>
	<header>
		<name>aquarius_cass</name>
		<description>Mattel Aquarius cassettes</description>
		<version></version>
		<author></author>
	</header>
	<machine name="doomsday">
		<description>Doomsday Defender</description>
		<year>2022</year>
		<publisher>Cronosoft</publisher>
		<rom name="DDv50DR.caq" size="16803" crc="ef1fd7a8" sha1="d2685ad2d989f5f5ac0b526c9188606bfcc00333" />
	</machine>
</datafile>