<?xml version="1.0" encoding="utf-8"?>
<!DOCTYPE datafile PUBLIC "-//Logiqx//DTD ROM Management Datafile//EN" "http://www.logiqx.com/Dats/datafile.dtd">
<datafile>
	<header>
		<name>bbc_rom</name>
		<description>Acorn BBC Micro ROMs</description>
		<version></version>
		<author></author>
	</header>
	<machine name="fbbs3">
		<description>FBBS 3.0</description>
		<year>1986</year>
		<publisher>&lt;unknown&gt;</publisher>
		<rom name="FBBS-3.0.rom" size="16384" crc="1d0e5b2d" sha1="3dfa2813351c2e092fd0b5a82d21cc7604ee4326" />
	</machine>
	<machine name="metaasm345">
		<description>Meta Assembler 3.45A</description>
		<year>1986</year>
		<publisher>Crash Barrier</publisher>
		<rom name="MetaAssembler-3.45A.rom" size="16384" crc="acfef67f" sha1="2bfb179a0e6f144adda832bd6a70fcd96720914d" />
		<rom name="MetaEditor-3.45A.rom" size="16384" crc="e9e66160" sha1="12b222e5bbd91e75ea8c6be45d5031931676c206" />
	</machine>
	<machine name="mmfs">
		<description>MMFS 1.52</description>
		<year>2022</year>
		<publisher>Dave Banks</publisher>
		<rom name="MMFS-1.52.rom" size="16384" crc="1075a514" sha1="e16c6758230ba5703761986871d380d0568bad7d" />
	</machine>
	<machine name="mmfst">
		<description>MMFS Turbo 1.52</description>
		<year>2022</year>
		<publisher>Dave Banks</publisher>
		<rom name="MMFS_Turbo-1.52.rom" size="16384" crc="9282dee5" sha1="7911e7322e10cc934612e3f5fe9085876ff936cb" />
	</machine>
	<machine name="palesar">
		<description>Palesar RAM Manager 1.04</description>
		<year>1986</year>
		<publisher>Palesar</publisher>
		<rom name="Palesar_ROM_Manager-1.04.rom" size="8192" crc="88a87bd6" sha1="bbc11dabc31adac732bca75ac8e508d902bdbdcd" />
	</machine>
	<machine name="ripoff">
		<description>Kevin's Rip-off ROM 1.00</description>
		<year>1985</year>
		<publisher>&lt;unknown&gt;</publisher>
		<rom name="RipOff-1.00.rom" size="8192" crc="ee09a27f" sha1="d5c3c56c857f00531637667844318f8f892c3ebd" />
	</machine>
	<machine name="ripper13">
		<description>Ripper V1 (13 Commands)</description>
		<year>1985</year>
		<publisher>DickSoft</publisher>
		<rom name="Ripper-V1-13.rom" size="8192" crc="77000148" sha1="8771ac84f4dfcf928de3b070af7c47ed7a0f9091" />
	</machine>
	<machine name="ripper">
		<description>Ripper V1</description>
		<year>1985</year>
		<publisher>DickSoft</publisher>
		<rom name="Ripper-V1.rom" size="16384" crc="7e7a8d4e" sha1="6ef99d02cfd53761595078685821b4c6ee8b5743" />
	</machine>
	<machine name="ripperdm">
		<description>Ripper V1 (Disk Menu)</description>
		<year>1985</year>
		<publisher>DickSoft</publisher>
		<rom name="Ripper-V1-DM.rom" size="16384" crc="ded000f6" sha1="8073b599926ff5bf444a5a5f1ae225b03cb0f472" />
	</machine>
	<machine name="sci">
		<description>Sci 1.34</description>
		<year>1988</year>
		<publisher>Chessfield Software</publisher>
		<rom name="Sci-1.34.rom" size="16384" crc="2765c985" sha1="74a5bbaa9134f545dbff760644960f98bc84f3c6" />
	</machine>
	<machine name="spchsynth">
		<description>Speech Synthesis 0.01</description>
		<year>1984</year>
		<publisher>Acorn</publisher>
		<rom name="SpeechSynthesis-0.01.rom" size="16384" crc="0dd88733" sha1="b468796aeaf8a5f948ffdedec0a67deb67673018" />
	</machine>
	<machine name="ssmp">
		<description>SSMP 2.00</description>
		<year>1987</year>
		<publisher>University of Cambridge</publisher>
		<rom name="SSMP-2.00.rom" size="16384" crc="c8c25658" sha1="ca098b5d837250392bbb421430506f8803e5d901" />
	</machine>
	<machine name="viewfiler02">
		<description>ViewFiler 0.2</description>
		<year>1984</year>
		<publisher>Acornsoft</publisher>
		<rom name="ViewFiler-0.2.rom" size="16384" crc="11e936b0" sha1="28c3a2135539bf63d56c52dbdc41e2fe8bba8f5b" />
	</machine>
	<machine name="viewt">
		<description>View Trilogy</description>
		<year>1985</year>
		<publisher>Acornsoft</publisher>
		<rom name="ViewTrilogy.rom" size="65536" crc="e56b0e01" sha1="726a091ad1b3e64e9ebff6e405d508288c2bc78b" />
	</machine>
	<machine name="vtclock">
		<description>VT Clock 1.16</description>
		<year>1984</year>
		<publisher>BBC</publisher>
		<rom name="VTClock-1.16.rom" size="8192" crc="913e3d17" sha1="83b0aec4896ffb430614a84756a6a1855b0e9f66" />
	</machine>
</datafile>