<?xml version="1.0" encoding="utf-8"?>
<!DOCTYPE datafile PUBLIC "-//Logiqx//DTD ROM Management Datafile//EN" "http://www.logiqx.com/Dats/datafile.dtd">
<datafile>
	<header>
		<name>bbcm_cart</name>
		<description>Acorn BBC Master cartridges</description>
		<version></version>
		<author></author>
	</header>
	<machine name="mastersdr2">
		<description>Master SD R2</description>
		<year>2020</year>
		<publisher>Ramtop</publisher>
		<rom name="swmmfs-1.44r2.rom" size="16384" crc="36bc3af1" sha1="6086e31b3dd46595403a03e3027a5acd4d74d60b" />
	</machine>
</datafile>