<?xml version="1.0" encoding="utf-8"?>
<!DOCTYPE datafile PUBLIC "-//Logiqx//DTD ROM Management Datafile//EN" "http://www.logiqx.com/Dats/datafile.dtd">
<datafile>
	<header>
		<name>coleco</name>
		<description>Coleco ColecoVision cartridges</description>
		<version></version>
		<author></author>
	</header>
	<machine name="frogger2p">
		<description>Frogger II: Threedeep! (prototype, 19840615)</description>
		<year>1984</year>
		<publisher>Parker Brothers</publisher>
		<rom name="frogger ii - threeedeep (jun 15, 1984 prototype).1" size="8192" crc="29ae3ab6" sha1="6e77709b74cae4c8d080ad4a8aa8eaef274e7a81" />
		<rom name="frogger ii - threeedeep (jun 15, 1984 prototype).2" size="8192" crc="c63c4408" sha1="d2682cd8166882935179de590c4f26d90b96ff23" />
	</machine>
	<machine name="starwarsp">
		<description>Star Wars: The Arcade Game (prototype, 19840412)</description>
		<year>1984</year>
		<publisher>Parker Brothers</publisher>
		<rom name="star wars - the arcade game (apr 12, 1984 prototype).1" size="8192" crc="21174d6a" sha1="ea45736701e2cc55fec1f4f8c3839824be46be4b" />
		<rom name="star wars - the arcade game (apr 12, 1984 prototype).2" size="8192" crc="93940cce" sha1="cef3d0f085a148ab5760afbe93384f8f12773770" />
	</machine>
</datafile>