<?xml version="1.0" encoding="utf-8"?>
<!DOCTYPE datafile PUBLIC "-//Logiqx//DTD ROM Management Datafile//EN" "http://www.logiqx.com/Dats/datafile.dtd">
<datafile>
	<header>
		<name>ekara_japan_a</name>
		<description>Takara e-pitch / e-kara (Japan) A-x series cartridges</description>
		<version></version>
		<author></author>
	</header>
	<machine name="a2">
		<description>A-2 Mermaid Melody Pichi Pichi Pitch vol.2 (Japan)</description>
		<year>2003</year>
		<publisher>Takara</publisher>
		<rom name="ekara_a2.bin" size="2097152" crc="b6fef794" sha1="be006eacd157f9c2d896730d66f1cd746ad7b9b4" />
	</machine>
</datafile>