<?xml version="1.0" encoding="utf-8"?>
<!DOCTYPE datafile PUBLIC "-//Logiqx//DTD ROM Management Datafile//EN" "http://www.logiqx.com/Dats/datafile.dtd">
<datafile>
	<header>
		<name>ibm5150</name>
		<description>IBM PC floppy disk images</description>
		<version></version>
		<author></author>
	</header>
	<machine name="arcahits">
		<description>Arcade Hits</description>
		<year>1991</year>
		<publisher>Hi-Tech Expressions</publisher>
		<rom name="Arcade Hits [Hi-Tech] [1991] [5.25DD] [Disk 1 of 2].img" size="368640" crc="47b4d1c7" sha1="81feab1b381da26bfa158bf1de41c055ccfdb6df" />
		<rom name="Arcade Hits [Hi-Tech] [1991] [5.25DD] [Disk 2 of 2].img" size="368640" crc="e2b11c16" sha1="94984c2827eee98e725a95419dd5992bc076c3bb" />
	</machine>
	<machine name="bombuzal">
		<description>Bombuzal</description>
		<year>1989</year>
		<publisher>Image Works</publisher>
		<rom name="Bombuzal [Image Works] [1989] [5.25DD] [Disk 1 of 3].img" size="368640" crc="01e773bb" sha1="4aa64f68e3e7e044461454774a2d2b219ccad570" />
		<rom name="Bombuzal [Image Works] [1989] [5.25DD] [Disk 2 of 3].img" size="368640" crc="c195547d" sha1="92dede1856756ac71e28aa4361ba5622d63dcc5d" />
		<rom name="Bombuzal [Image Works] [1989] [5.25DD] [Disk 3 of 3].img" size="368640" crc="da9473dd" sha1="5dd0d47e48d2a84611e4a1000a50211c437ddf5a" />
	</machine>
	<machine name="megaman_35">
		<description>Mega Man (3.5")</description>
		<year>1990</year>
		<publisher>Hi-Tech Expressions</publisher>
		<rom name="Mega Man [Hi-Tech Expressions] [1990] [3.5DD] [Disk 1 of 1].img" size="737280" crc="36071b36" sha1="fce8195960bf0c6d43949a718217e7fb545ffd43" />
	</machine>
	<machine name="polepos">
		<description>Pole Position</description>
		<year>1988</year>
		<publisher>Thunder Mountain</publisher>
		<rom name="Pole Position [Thunder Mountain] [1988] [5.25SS] [Disk 1 of 1].img" size="184320" crc="2cb270ac" sha1="2ed2eb92335f3a0902bed1dc277901f667d18ab6" />
	</machine>
	<machine name="sfightmna">
		<description>Street Fighting Man (alt)</description>
		<year>1989</year>
		<publisher>Mastertronic</publisher>
		<rom name="Street Fighting Man [Mastertronic] [1989] [5.25DD] [Disk 2 of 2].img" size="368640" crc="329f904a" sha1="a85d3f442e9ada0d89d8d11d4210fee8b1d67141" />
	</machine>
	<machine name="tmht">
		<description>Teenage Mutant Hero Turtles (5.25")</description>
		<year>1990</year>
		<publisher>Ultra Games</publisher>
		<rom name="Teenage Mutant Hero Turtles [Ultra Games] [1990] [5.25DD] [Disk 1 of 4].img" size="368640" crc="7c959ffe" sha1="3a5d8bb595f90dffb8ae7059faaf4081ec87e78c" status="baddump" />
		<rom name="Teenage Mutant Hero Turtles [Ultra Games] [1990] [5.25DD] [Disk 2 of 4].img" size="368640" crc="27bb035e" sha1="48de740a6ef7a7e7ef6425af31e604254c969891" />
		<rom name="Teenage Mutant Hero Turtles [Ultra Games] [1990] [5.25DD] [Disk 3 of 4].img" size="368640" crc="d1b117ad" sha1="12be275954f1824a3ece233f03d49899e47f8e77" />
		<rom name="Teenage Mutant Hero Turtles [Ultra Games] [1990] [5.25DD] [Disk 4 of 4].img" size="368640" crc="7e97fb7e" sha1="84d7d56ec39084275bd369c634d673c08fb699d9" />
	</machine>
	<machine name="tmht_35es">
		<description>Teenage Mutant Hero Turtles (Spain, 3.5")</description>
		<year>1990</year>
		<publisher>MCM</publisher>
		<rom name="Teenage Mutant Hero Turtles (Spain) [MCM] [1990] [3.5DD] [Disk 1 of 2].img" size="737280" crc="7aed9f2e" sha1="d6dd066b0504c8cc6ab31d726d6fa46ced89d08e" status="baddump" />
		<rom name="Teenage Mutant Hero Turtles (Spain) [MCM] [1990] [3.5DD] [Disk 2 of 2].img" size="737280" crc="b68eb50c" sha1="348b6c8b58a1da393328f884c08b76d4b73c7739" />
	</machine>
	<machine name="tmht_es">
		<description>Teenage Mutant Hero Turtles (Spain, 5.25")</description>
		<year>1990</year>
		<publisher>MCM</publisher>
		<rom name="Teenage Mutant Hero Turtles (Spain) [MCM] [1990] [5.25DD] [Disk 1 of 4].img" size="368640" crc="c741f1fe" sha1="579c45c9076cab0970132d6f09172eb85e7dc832" />
		<rom name="Teenage Mutant Hero Turtles (Spain) [MCM] [1990] [5.25DD] [Disk 2 of 4].img" size="368640" crc="5abff359" sha1="38eb129548176fb29d16e8def86a6be597893a67" />
		<rom name="Teenage Mutant Hero Turtles (Spain) [MCM] [1990] [5.25DD] [Disk 3 of 4].img" size="368640" crc="187b0539" sha1="e4cf04c8d0f7a30a555426391710e2cd8178666b" />
	</machine>
	<machine name="zeliard">
		<description>Zeliard (5.25")</description>
		<year>1990</year>
		<publisher>Sierra On-Line</publisher>
		<rom name="Zeliard [Sierra] [1990] [5.25DD] [Disk 1 of 3].img" size="368640" crc="7c0d3382" sha1="b87f7db6326b31ebf17cded19bb50a212ba51b81" />
		<rom name="Zeliard [Sierra] [1990] [5.25DD] [Disk 2 of 3].img" size="368640" crc="60b2ab4e" sha1="0c51db72ae0540f5917c641f768d1d141ac429c0" />
		<rom name="Zeliard [Sierra] [1990] [5.25DD] [Disk 3 of 3].img" size="368640" crc="5d06480d" sha1="675c557dfee5d9e31f34eb39b2bea25f93f1286b" />
	</machine>
	<machine name="zeliard_35a">
		<description>Zeliard (3.5", v2.0)</description>
		<year>1991</year>
		<publisher>Sierra On-Line</publisher>
		<rom name="Zeliard (v2.0) [Sierra] [1991] [3.5DD] [Disk 1 of 2].img" size="737280" crc="1262c699" sha1="a7b70e74143a086d5c15f167ade43371782e93ef" status="baddump" />
		<rom name="Zeliard (v2.0) [Sierra] [1991] [3.5DD] [Disk 2 of 2].img" size="737280" crc="1fb34823" sha1="94777bea1cfd5659fedc9c83c05806e857a84e2a" />
	</machine>
	<machine name="zeliard_35">
		<description>Zeliard (3.5")</description>
		<year>1990</year>
		<publisher>Sierra On-Line</publisher>
		<rom name="Zeliard [Sierra] [1990] [3.5DD] [Disk 1 of 2].img" size="737280" crc="aa42915e" sha1="7e90ba433d1c8d0ff13e415a64a5c59904811719" />
		<rom name="Zeliard [Sierra] [1990] [3.5DD] [Disk 2 of 2].img" size="737280" crc="96181d15" sha1="f17c3f8c6f149a269bfe5ac9007556fdf3bb3257" />
	</machine>
</datafile>