<?xml version="1.0" encoding="utf-8"?>
<!DOCTYPE datafile PUBLIC "-//Logiqx//DTD ROM Management Datafile//EN" "http://www.logiqx.com/Dats/datafile.dtd">
<datafile>
	<header>
		<name>msx1_flop</name>
		<description>MSX1 disk images</description>
		<version></version>
		<author></author>
	</header>
	<machine name="penguina">
		<description>Penguin (Netherlands, cracked, alt)</description>
		<year>1988</year>
		<publisher>Eurosoft</publisher>
		<rom name="penguin (1988)(eurosoft)(nl).dsk" size="368640" crc="d0252c04" sha1="8b5e5de08ce07b929e07be2d4eca84eb5bac1748" status="baddump" />
	</machine>
</datafile>