<?xml version="1.0" encoding="utf-8"?>
<!DOCTYPE datafile PUBLIC "-//Logiqx//DTD ROM Management Datafile//EN" "http://www.logiqx.com/Dats/datafile.dtd">
<datafile>
	<header>
		<name>nes</name>
		<description>Nintendo Entertainment System cartridges</description>
		<version></version>
		<author></author>
	</header>
	<machine name="2gemsiam">
		<description>2 in 1 - GEMiNIM &amp; Siamond</description>
		<year>2008</year>
		<publisher>RetroZone</publisher>
		<rom name="39sf010a.prg" size="131072" crc="bf3c0601" sha1="ea92849c5e7285b61a00f3ac37cdc773ba6758a3" />
	</machine>
	<machine name="crazyland">
		<description>Crazy Land (USA, prototype)</description>
		<year>1991</year>
		<publisher>Vap</publisher>
		<rom name="crazy land chr 5-27 6017.u5" size="131072" crc="cc045b61" sha1="c474fcb5af3440caec27870a705b19339e004ff2" />
		<rom name="crazy land prg 5-27 3bdb.u1" size="131072" crc="96ddee6e" sha1="dd19c0437fb9efd0a27c4277c7b1b7d32c59a643" />
	</machine>
	<machine name="galaxy5kup">
		<description>Galaxy 5000 - Racing in the 51st Century (USA, prototype)</description>
		<year>1991</year>
		<publisher>Activision</publisher>
		<rom name="p.u1" size="131072" crc="6a28dab9" sha1="cee41dfc69e3a3a296a993ebf30a6da0311ace64" />
	</machine>
	<machine name="hoopsup">
		<description>Hoops (USA, prototype)</description>
		<year>1989</year>
		<publisher>Jaleco</publisher>
		<rom name="hoops c.ic3" size="131072" crc="0ea4d276" sha1="13866ec46255892f01d2c14a7b0e576c0a601331" />
	</machine>
	<machine name="irontankup">
		<description>Iron Tank - The Invasion of Normandy (USA, prototype)</description>
		<year>1988</year>
		<publisher>SNK</publisher>
		<rom name="1 a7004 usa.chr" size="131072" crc="c2551ea2" sha1="719ca2a44a3ddd300e385aa30cc759d53d06a960" />
		<rom name="2 a7004 usa.prg" size="131072" crc="e767160a" sha1="296f56202a898126f018fc2fa18353834c4b0650" />
	</machine>
	<machine name="mickmack1">
		<description>Mick &amp; Mack as the Global Gladiators (prototype, 19930630)</description>
		<year>1993</year>
		<publisher>Virgin Games</publisher>
		<rom name="char.bin" size="123904" crc="e708cfcf" sha1="4267be581c9aa147024eea020736aa0435df9e5f" />
		<rom name="global.bin" size="131072" crc="38593a7d" sha1="9f0dde1399073f4d66496308bfa32c2193cce138" />
	</machine>
	<machine name="mickmack2">
		<description>Mick &amp; Mack as the Global Gladiators (prototype, 19930616)</description>
		<year>1993</year>
		<publisher>Virgin Games</publisher>
		<rom name="char.bin" size="91136" crc="0f6b18b5" sha1="a41ae5747c149e91b92889f7f3338eef07a6d7bb" />
		<rom name="global.bin" size="131072" crc="363cf68f" sha1="0b6a02662893618197f14ed97660074073915363" />
	</machine>
	<machine name="mickmack3">
		<description>Mick &amp; Mack as the Global Gladiators (prototype, 19930528)</description>
		<year>1993</year>
		<publisher>Virgin Games</publisher>
		<rom name="char.bin" size="88064" crc="5df34bc5" sha1="a7fb017a86143aaabb9e8162f0d3d4406fdee7a4" />
		<rom name="global.bin" size="131072" crc="dd4ca37f" sha1="ad6c20f26781a5d804a82b8b19eef5c2f5feba0f" />
	</machine>
	<machine name="mickmack4">
		<description>Mick &amp; Mack as the Global Gladiators (prototype, 19930528, alt)</description>
		<year>1993</year>
		<publisher>Virgin Games</publisher>
		<rom name="global.bin" size="131072" crc="251b679f" sha1="6354c17c54e76daee57748a325650e0439fb4ca7" />
	</machine>
	<machine name="mickmack">
		<description>Mick &amp; Mack as the Global Gladiators (prototype, 19930709)</description>
		<year>1993</year>
		<publisher>Virgin Games</publisher>
		<rom name="global.bin" size="131072" crc="38960ce6" sha1="973ecc6714098115719235e68f4bd5d49710f7d6" />
	</machine>
	<machine name="nightbas">
		<description>Nighttime Bastards</description>
		<year>2014</year>
		<publisher>Infinite NES Lives</publisher>
		<rom name="nighttime bastards.chr" size="8192" crc="39a54075" sha1="7336854e7ea9ae679aa3177aba456d2abb594587" />
		<rom name="nighttime bastards.prg" size="32768" crc="c45ca4db" sha1="afe7a747539bf64554a3edcdc781ffa12033c0c3" />
	</machine>
	<machine name="rallybikp">
		<description>Rally Bike (USA, prototype, 19900226)</description>
		<year>1990</year>
		<publisher>Romstar</publisher>
		<rom name="rally bike death 2-26-90.prg" size="131072" crc="f43be259" sha1="22d4cca9d826d62731026448a41dde61b6766c23" />
	</machine>
	<machine name="rbibb2p">
		<description>R.B.I. Baseball 2 (USA, prototype, 19900307)</description>
		<year>1990</year>
		<publisher>Tengen</publisher>
		<rom name="rbi 2 nes prg 3-7 053c.prg" size="131072" crc="5e36afda" sha1="3dce69df6bfcbddb28b7e1ef94f4116d84482d1c" />
	</machine>
	<machine name="roadblstup">
		<description>RoadBlasters (USA, prototype)</description>
		<year>1990</year>
		<publisher>Mindscape</publisher>
		<rom name="roadblasters (prototype).chr" size="131072" crc="605caf59" sha1="010331e23cb615f0f89f810a2f3464216f5d2d55" />
		<rom name="roadblasters (prototype).prg" size="131072" crc="c66bf6b6" sha1="aa7b2f6f17c7b84469afb20b4b835d4841883e72" />
	</machine>
	<machine name="shadninjp">
		<description>Shadow of the Ninja (USA, sample)</description>
		<year>1990</year>
		<publisher>Natsume</publisher>
		<rom name="ninja chr 10-16.u5" size="131072" crc="49c1f66d" sha1="af9a84e55cae2fa646d36bdd8ea5eb4a4a9bffcc" />
		<rom name="ninja prg 10-16.u1" size="131072" crc="8b2ffbcc" sha1="440ee7ff29af54de2ce526b0a66fa71b28d0a7e3" />
	</machine>
	<machine name="silkwormp">
		<description>Silkworm (USA, prototype)</description>
		<year>1990</year>
		<publisher>American Sammy</publisher>
		<rom name="silkworm prg nes ver 1.ic1" size="131072" crc="0530a8b7" sha1="cc54cd29674138ca5f11380cb703fe82bda7ab61" />
	</machine>
	<machine name="sudoku07">
		<description>Sudoku 2007</description>
		<year>2007</year>
		<publisher>RetroZone</publisher>
		<rom name="at27c010.prg" size="32768" crc="737a2c4b" sha1="8113124890165d33b2828cf73c196d7de42c66f3" status="baddump" />
		<rom name="at27c512.chr" size="8192" crc="aaf8120e" sha1="bfbc8d480ff73b3af746401510f98b1b2c18af86" status="baddump" />
	</machine>
</datafile>