<?xml version="1.0" encoding="utf-8"?>
<!DOCTYPE datafile PUBLIC "-//Logiqx//DTD ROM Management Datafile//EN" "http://www.logiqx.com/Dats/datafile.dtd">
<datafile>
	<header>
		<name>pc8801_flop</name>
		<description>NEC PC-8801 disk images</description>
		<version></version>
		<author></author>
	</header>
	<machine name="ddasha">
		<description>D' (alt)</description>
		<year>1988</year>
		<publisher>テクノソフト (Techno Soft)</publisher>
		<rom name="disk a.d88" size="370608" crc="21e87aa2" sha1="c289cecaf154af4f8918933a3f57dc341abbd366" />
		<rom name="disk b.d88" size="378768" crc="d44b38d8" sha1="20352d2528bca6b1428a3ec0f2ed93ca42f11852" />
		<rom name="user disk.d88" size="370608" crc="c1be51fd" sha1="c612f1b60913245407db3d423e6fd645d0670fd7" status="baddump" />
	</machine>
	<machine name="ddashb">
		<description>D' (cracked)</description>
		<year>1988</year>
		<publisher>テクノソフト (Techno Soft)</publisher>
		<rom name="disk a.d88" size="370608" crc="28b8a82e" sha1="52d16aa387dd04f7fdebed03e6f1ccf6ac86bd74" />
		<rom name="disk b.d88" size="361360" crc="e4ddaede" sha1="6528eafb1923fb28c0ab2356630164790f5913d1" />
		<rom name="user disk.d88" size="370608" crc="1b05ac8b" sha1="5c8ca0d6c66726f25d2cfe030e9de85a49e103ad" />
	</machine>
	<machine name="dkong3dg">
		<description>Donkey Kong 3 - Dai Gyakushuu</description>
		<year>1984</year>
		<publisher>ハドソン (Hudson Soft)</publisher>
		<rom name="dk3.mfm" size="1106654" crc="de1e77b3" sha1="0fe1569ce3dd7bb0879ae896e90ecfa57426860d" />
	</machine>
	<machine name="fruitpan">
		<description>Fruit Panic</description>
		<year>1984</year>
		<publisher>ポニカ (PonyCa)</publisher>
		<rom name="fruits panic.d88" size="348576" crc="de8c8be5" sha1="4a91c67b42ccfd4da8db6a79fc0b787032d56424" />
	</machine>
</datafile>