<?xml version="1.0" encoding="utf-8"?>
<!DOCTYPE datafile PUBLIC "-//Logiqx//DTD ROM Management Datafile//EN" "http://www.logiqx.com/Dats/datafile.dtd">
<datafile>
	<header>
		<name>sms</name>
		<description>Sega Master System cartridges</description>
		<version></version>
		<author></author>
	</header>
	<machine name="kingqstp1">
		<description>King's Quest - Quest for the Crown (USA, prototype, 19890203)</description>
		<year>1989</year>
		<publisher>Parker Brothers</publisher>
		<rom name="king's quest 2-3-89.ic1" size="131072" crc="fd27bef1" sha1="9811eb06f4e67bea9c08c4e3446eafed78e2d275" />
	</machine>
	<machine name="monopolyp">
		<description>Monopoly (USA, prototype)</description>
		<year>1988</year>
		<publisher>Sega</publisher>
		<rom name="monopoly [proto 1].bin" size="131072" crc="e0d1049b" sha1="6d100d43cddfb761d3560786c26e345873452a4b" />
	</machine>
	<machine name="smgpup">
		<description>Super Monaco GP (USA, prototype)</description>
		<year>1990</year>
		<publisher>Sega</publisher>
		<rom name="ic2" size="131072" crc="22418c88" sha1="ddf9c5089cae542d4c752edc98d20dfba81696e7" />
		<rom name="super monaco 7-18-90.ic1" size="131072" crc="e17df02f" sha1="deb24d9b3bbb740ab4e1834328e190b689e85329" />
	</machine>
</datafile>