<?xml version="1.0" encoding="utf-8"?>
<!DOCTYPE datafile PUBLIC "-//Logiqx//DTD ROM Management Datafile//EN" "http://www.logiqx.com/Dats/datafile.dtd">
<datafile>
	<header>
		<name>snes</name>
		<description>Nintendo SNES cartridges</description>
		<version></version>
		<author></author>
	</header>
	<machine name="xmas11">
		<description>16 Bit Xmas 2011 - Christmas Craze (USA)</description>
		<year>2011</year>
		<publisher>RetroZone</publisher>
		<rom name="xmas11demo.smc" size="524288" crc="d23ca2d7" sha1="7b3fcb6f3cc80ae6a8ba496669944b2d9dccb6be" />
	</machine>
	<machine name="xmas12">
		<description>16 Bit Xmas 2012 - Snowball Fight (USA)</description>
		<year>2012</year>
		<publisher>RetroZone</publisher>
		<rom name="xmas12demo.smc" size="131072" crc="db518e68" sha1="03241ca4455840420b5780e579c614f3f08eab41" />
	</machine>
</datafile>