<?xml version="1.0" encoding="utf-8"?>
<!DOCTYPE datafile PUBLIC "-//Logiqx//DTD ROM Management Datafile//EN" "http://www.logiqx.com/Dats/datafile.dtd">
<datafile>
	<header>
		<name>spectrum_cass</name>
		<description>Sinclair ZX Spectrum cassettes</description>
		<version></version>
		<author></author>
	</header>
	<machine name="ace2088a">
		<description>ACE 2088 (MCM)</description>
		<year>1989</year>
		<publisher>MCM Software</publisher>
		<rom name="ace 2088 - side 1 (mcm).tzx" size="44111" crc="bd9335cb" sha1="256304ec85749e665fb9f16ef822a0a69442c6d6" />
		<rom name="ace 2088 - side 2 (mcm).tzx" size="48638" crc="251a1fd1" sha1="7cf41d8731f05507f3c3fbb85158e64350489bd4" />
	</machine>
	<machine name="adidasch_b">
		<description>Adidas Championship Football (Erbe)</description>
		<year>1990</year>
		<publisher>Erbe Software</publisher>
		<rom name="adidas championship football (erbe).tzx" size="106650" crc="b49842f2" sha1="f66c01025a8f5175ed21766e7c865c7659729337" />
	</machine>
	<machine name="adidtieb_a">
		<description>Adidas Championship Tie Break (Musical 1)</description>
		<year>1990</year>
		<publisher>Musical 1</publisher>
		<rom name="adidas championship tie-break (musical 1).tzx" size="55127" crc="3c02c1b6" sha1="05c66d99e27a077d73c5ed1af53f10c20c747ffc" />
	</machine>
</datafile>