<?xml version="1.0" encoding="utf-8"?>
<!DOCTYPE datafile PUBLIC "-//Logiqx//DTD ROM Management Datafile//EN" "http://www.logiqx.com/Dats/datafile.dtd">
<datafile>
	<header>
		<name>stv</name>
		<description>Sega Titan Video cartridges</description>
		<version></version>
		<author></author>
	</header>
	<machine name="nclubdis">
		<description>Name Club Disney (J 980614 V1.000)</description>
		<year>1998</year>
		<publisher>Sega</publisher>
		<rom name="ic22" size="2097152" crc="cfd5eb54" sha1="878195c70ad931d3015d497d2739a0867ff83cf7" status="baddump" />
		<rom name="ic24" size="2097152" crc="943682eb" sha1="ad41625244509affe7b6d6caffef58bb7bf75b72" />
		<rom name="ic26" size="2097152" crc="a17bd53a" sha1="e05079e3bfc7187b70ddc4b48de9e5ffcb19e473" />
		<rom name="ic28" size="2097152" crc="9a597bff" sha1="8cc265a89bbc42d4e6d55e23a4ed87fc1224c9dc" />
		<rom name="ic30" size="2097152" crc="3eb020f6" sha1="6b87a6e7ab9eb820b7661fa6ea8c29bf8ead820d" />
		<rom name="ic32" size="2097152" crc="ac26d375" sha1="a01125eb4bca7823eb12d4e03d93612e09dcddda" />
		<rom name="ic34" size="2097152" crc="e157cd99" sha1="52c976540157cc63c599ee34ec5bade7e489599d" />
	</machine>
</datafile>