<?xml version="1.0" encoding="utf-8"?>
<!DOCTYPE datafile PUBLIC "-//Logiqx//DTD ROM Management Datafile//EN" "http://www.logiqx.com/Dats/datafile.dtd">
<datafile>
	<header>
		<name>x68k_flop</name>
		<description>Sharp X68k disk images</description>
		<version></version>
		<author></author>
	</header>
	<machine name="38mankk">
		<description>38 Man Kilo no Kokuu</description>
		<year>1989</year>
		<publisher>システムサコム (System Sacom)</publisher>
		<rom name="38man_kilo_no_kokuu_disk1.mfm" size="3432787" crc="d06e68e0" sha1="3cb3b040db005bb8f20e52c619c2a6d9da9c4a86" />
		<rom name="38man_kilo_no_kokuu_disk2.mfm" size="3398408" crc="36b9d432" sha1="b2275f1eb8e8d3b7ed159cbf7cdb89570386db8c" />
		<rom name="38man_kilo_no_kokuu_disk3.mfm" size="3432703" crc="32d0efd6" sha1="4ee7def5a89de7c957914bb4fc575d6486775420" />
		<rom name="38man_kilo_no_kokuu_disk4.mfm" size="3434548" crc="9448e4c2" sha1="6ec8795b55389170dc9a535e4e95bae506fe69fd" />
	</machine>
	<machine name="casablan">
		<description>Casablanca ni Ai o - Satsujin-sha wa Jikuu o Koete</description>
		<year>1989</year>
		<publisher>シンキングラビット (Thinking Rabbit)</publisher>
		<rom name="casablanca_ni_ai_o_disk0.mfm" size="3438841" crc="e78a95c0" sha1="202a0bde6302fc121b694eeec73663d514e5fad3" />
		<rom name="casablanca_ni_ai_o_disk1.mfm" size="3431650" crc="b79a61d4" sha1="689b9ce8a980cde62039afbe379fd09d4bb0234e" />
	</machine>
	<machine name="dbringer">
		<description>Death Bringer</description>
		<year>1989</year>
		<publisher>日本テレネット (Nihon Telenet)</publisher>
		<rom name="death_bringer_disk_a.mfm" size="3416404" crc="c5716fdc" sha1="6f3f2bdace24e592e9e3c4173a885fa63aeced78" />
		<rom name="death_bringer_disk_b.mfm" size="3440324" crc="bef8c544" sha1="7919e80ae4dd95c62bc5c31bc062a6057b0f5e5f" />
		<rom name="death_bringer_disk_c.mfm" size="3442986" crc="bf957d34" sha1="ccedb644d4136465676a40b97266b410e32e787d" />
	</machine>
	<machine name="dome">
		<description>Dome</description>
		<year>1988</year>
		<publisher>システムサコム (System Sacom)</publisher>
		<rom name="dome_disk1.mfm" size="3433073" crc="45ba5018" sha1="790247a5e1553fb78959f324036cb65044c67b33" />
		<rom name="dome_disk2.mfm" size="3436897" crc="fa43bce2" sha1="3c9ba35ce7f3c15313633455be9034d5a43bbf41" />
		<rom name="dome_disk3.mfm" size="3441764" crc="5dcaf579" sha1="9ef54b09f332a78316954e9c94d757bfc924bba6" />
		<rom name="dome_disk4.mfm" size="3434337" crc="7cd22d8e" sha1="4b61fc0484d29b45efbf9029523c0ef80c261195" />
		<rom name="dome_disk5.mfm" size="3434875" crc="ebee8ffd" sha1="93a6c62277bfd9b971b66cae48becfa1ddffe9fe" />
	</machine>
	<machine name="emeraldd">
		<description>Emerald Dragon</description>
		<year>1990</year>
		<publisher>グローディア (Glodia)</publisher>
		<rom name="emerald_dragon_data_disk.mfm" size="3442955" crc="ead64b9d" sha1="b918a72e0ed1ccc65daba1dba8e246dbe10134c8" />
		<rom name="emerald_dragon_ending_disk.mfm" size="3423922" crc="5f9dce67" sha1="43709132719a1cae4fc882972e153bc505b2b092" />
		<rom name="emerald_dragon_opening_disk.mfm" size="3445528" crc="5ead9c98" sha1="3c620a3c097f978b5b139daea5c7295bbdec2830" />
		<rom name="emerald_dragon_system_disk.mfm" size="3435049" crc="8f66ed86" sha1="6761115e69058a75690f7a6216ae125d99169689" />
		<rom name="emerald_dragon_visual_disk_a.mfm" size="3433503" crc="ac8c5699" sha1="2cfb3fb0adba10ba10738d8b80f43c0a5bafff6e" />
		<rom name="emerald_dragon_visual_disk_b.mfm" size="3425440" crc="20bb1a16" sha1="98c79ab1a4c85e7728c2c3e9fce0d92e38a66b10" />
	</machine>
	<machine name="genocid2">
		<description>Genocide 2 - Master of the Dark Communion</description>
		<year>1991</year>
		<publisher>Zoom</publisher>
		<rom name="genocide2_data_disk_1.mfm" size="3443369" crc="b46c94f7" sha1="279de76a9da0da7d1968e96ece5d4e76ffd3b192" />
		<rom name="genocide2_data_disk_2.mfm" size="3444039" crc="2ec69087" sha1="6fd49f1ba5c8769d230d5332ab7756021a50e328" />
		<rom name="genocide2_data_disk_3.mfm" size="3443714" crc="817870c2" sha1="6e47bb65a3da56d22293e494d1381d738b5008ff" />
		<rom name="genocide2_system_disk.mfm" size="3444252" crc="d9689f02" sha1="ecea70c429a430eea90f471f94f37ade5f54282f" />
	</machine>
	<machine name="hotfilex1">
		<description>The Hot File Express (1993-10-28)</description>
		<year>1993</year>
		<publisher>Kyouto Media</publisher>
		<rom name="the_hot_file_express_1993-10-28.mfm" size="3423115" crc="6b53b0dd" sha1="36c82aca646ce58d80e16105529c3e386da78914" />
	</machine>
	<machine name="hotfilex2">
		<description>The Hot File Express (1991-12-24)</description>
		<year>1991</year>
		<publisher>Kyouto Media</publisher>
		<rom name="the_hot_file_express_1991-12-24.mfm" size="3396905" crc="56ae6aad" sha1="67f29de49e2a65be000544e19c818106af07bd89" />
	</machine>
	<machine name="signchou">
		<description>Signatory - Chouinsha</description>
		<year>1991</year>
		<publisher>NCS</publisher>
		<rom name="signatory_scenario_disk_a.mfm" size="3443616" crc="cf4064ca" sha1="5c3c2026e24899a0f70da0e8739ab09ee437113f" />
		<rom name="signatory_scenario_disk_b.mfm" size="3424730" crc="8b336066" sha1="293eca46eeec581ed1260a83ae1ad978d190f8cb" />
		<rom name="signatory_scenario_disk_c.mfm" size="3435026" crc="e94c48bc" sha1="19e9ced5a13661db545502cd3222c0652af7c7c2" />
		<rom name="signatory_scenario_disk_d.mfm" size="3426221" crc="d361311e" sha1="8dea2ddf682a25b191ea8aa3eaa8953f0c0901a3" />
		<rom name="signatory_system_disk.mfm" size="3423046" crc="2663a3c0" sha1="e56bebcf064d10af97c97a0743921f7dc9def42e" />
	</machine>
	<machine name="softhrd2">
		<description>Soft de Hard na Monogatari II</description>
		<year>1989</year>
		<publisher>システムサコム (System Sacom)</publisher>
		<rom name="soft_de_hard_na_monogatari_2_disk_1.mfm" size="3443657" crc="bcb4add3" sha1="477de1bce6a06aaef5bb7f47ddf75e0dff9a5b45" />
		<rom name="soft_de_hard_na_monogatari_2_disk_2.mfm" size="3433371" crc="0c45661a" sha1="08825eb9661446447bf492ff6fa69692be9f48b5" />
		<rom name="soft_de_hard_na_monogatari_2_disk_3.mfm" size="3431294" crc="42c37e55" sha1="c269012e86ba9536379b9e65b2d7b4711b52d607" />
		<rom name="soft_de_hard_na_monogatari_2_disk_4.mfm" size="3433745" crc="3c48bdf6" sha1="6f599a1f9e962a01ad68d42481aac8dcfd12f1e9" />
	</machine>
	<machine name="sxwin31b">
		<description>SX-Window v3.1 (alt 2)</description>
		<year>1994</year>
		<publisher>Sharp</publisher>
		<rom name="sxwindow-31-application-disk-1.dim" size="1261824" crc="0d4da5ec" sha1="8ecc69fee353bad716a9c885559a9c1c7128244f" />
		<rom name="sxwindow-31-application-disk-2.dim" size="1261824" crc="de2642dd" sha1="087fc8effe96b696f1463f7595cd726756b195b8" />
		<rom name="sxwindow-31-application-disk-3.dim" size="1261824" crc="47eaed0b" sha1="c5ac4f5e275da7e357c24789f1a031a44b044b27" />
		<rom name="sxwindow-31-expansion-disk.dim" size="1261824" crc="049cbf8b" sha1="e10ccb9636baa56efb9415e6db10c03f9f5c5d6b" />
		<rom name="sxwindow-31-system-disk.dim" size="1261824" crc="23ed2194" sha1="c8283da6b63de6c84e708b3cd886ca78ff344f4d" />
	</machine>
	<machine name="tritornf">
		<description>Tritorn Final</description>
		<year>1989</year>
		<publisher>ザインソフト (Zain Soft)</publisher>
		<rom name="tritorn_final_disk_a.mfm" size="3417974" crc="c9f79876" sha1="b86be1a27af10d3a64c0e35c3be0f7322cb66037" />
		<rom name="tritorn_final_disk_b.mfm" size="3425033" crc="afefa2c2" sha1="74ba8a04d34feeffb5cc30f26fad18f1d4498e21" />
		<rom name="tritorn_final_disk_c.mfm" size="3441324" crc="7a67ce01" sha1="49e37858f4bb41a6a838e55e30597ef11768fcdb" />
		<rom name="tritorn_final_disk_d.mfm" size="3434982" crc="ae58cc9a" sha1="ba511f6dfb6b797dd4906780c8db5efdc91dd9c9" />
	</machine>
	<machine name="warning">
		<description>Warning Type 68</description>
		<year>1988</year>
		<publisher>コスモスコンピュータ (Cosmos Computer)</publisher>
		<rom name="warning_type_68_disk_a.mfm" size="3423969" crc="f8acfc02" sha1="b17a4d009b2df4249676625b490f64a111f3845c" />
		<rom name="warning_type_68_disk_b.mfm" size="3443422" crc="701f4a8d" sha1="7d50dfded4c65aac7931f08f7900643f6910ddaa" />
	</machine>
</datafile>