<?xml version="1.0" encoding="utf-8"?>
<!DOCTYPE datafile PUBLIC "-//Logiqx//DTD ROM Management Datafile//EN" "http://www.logiqx.com/Dats/datafile.dtd">
<datafile>
	<header>
		<name>casloopy</name>
		<description>Casio Loopy cartridges</description>
		<version></version>
		<author></author>
	</header>
	<machine name="animelnd">
		<description>Anime Land</description>
		<year>1994</year>
		<publisher>Casio</publisher>
		<rom name="animelnd.bin" size="2097152" crc="665cd0a2" sha1="8d50867aba721185560fc92bed75c92263a1da39" />
	</machine>
	<machine name="dreamchg">
		<description>Dream Change - Kokin-chan no Fashion Party</description>
		<year>1995</year>
		<publisher>Casio</publisher>
		<rom name="dreamchg.bin" size="2097152" crc="0b850185" sha1="b5d73661ea83167d2b07516c7c66a8a85b28415b" />
	</machine>
	<machine name="harihari">
		<description>HariHari Seal Paradise</description>
		<year>1995</year>
		<publisher>Casio</publisher>
		<rom name="harihari.bin" size="2097152" crc="39a417d6" sha1="1adbd97181b61a1a65e21976b0146e9dd80fbdbf" />
	</machine>
	<machine name="loopytwn">
		<description>Loopy Town no Oheya ga Hoshii!</description>
		<year>1996</year>
		<publisher>Casio</publisher>
		<rom name="CHIP1.IC104" size="2097152" crc="bae71d45" sha1="79628715ccedd9bc3fd72d21fa9ea6513b88cf51" />
		<rom name="CHIP2.IC105" size="1048576" crc="e0514d03" sha1="4dd02faa1ebf6754da0ade417e488512f3502620" />
	</machine>
	<machine name="ltlromance">
		<description>Little Romance</description>
		<year>1996</year>
		<publisher>Casio</publisher>
		<rom name="d23c8000.ic105" size="1048576" crc="a868e597" sha1="87226d26dbb3a95ce8f75a595bd874af6e5cb17b" />
		<rom name="d23c16000.ic104" size="2097152" crc="947a96c3" sha1="df27293c136420d4c21724517953510292319433" />
	</machine>
	<machine name="lupiton">
		<description>Lupiton no Wonder Palette</description>
		<year>1995</year>
		<publisher>Casio</publisher>
		<rom name="lupiton.bin" size="2097152" crc="338a5af7" sha1="ddb3e2b363ef0325a1370511f3692ca47031cb46" />
	</machine>
	<machine name="nigaoart">
		<description>Nigaoe Artist</description>
		<year>1995</year>
		<publisher>Casio</publisher>
		<rom name="nigaoart.bin" size="2097152" crc="63d59881" sha1="d2b830acf8440e4726e851514d609700375b27db" />
	</machine>
	<machine name="pccllect">
		<description>Pasokon Collection</description>
		<year>1995</year>
		<publisher>Casio</publisher>
		<rom name="pccllect.bin" size="2097152" crc="9cd4d282" sha1="15ac5a8e71fc8371505da8368d04c9634655d1d5" />
	</machine>
	<machine name="vswordp">
		<description>Video Seal Wordprocessor</description>
		<year>1995</year>
		<publisher>Casio</publisher>
		<rom name="mx23c8100.lsi102" size="1048576" crc="5764591f" sha1="16a2ade7e08f16e44d5c74c714840df1b48da4ad" />
	</machine>
	<machine name="wanwanam">
		<description>Wanwan Aijou Monogatari</description>
		<year>1995</year>
		<publisher>Casio</publisher>
		<rom name="wanwanam.bin" size="2097152" crc="291ab2bc" sha1="77a63cf194c5b06633e25b43916629b6f3428870" />
	</machine>
</datafile>