<?xml version="1.0" encoding="utf-8"?>
<!DOCTYPE datafile PUBLIC "-//Logiqx//DTD ROM Management Datafile//EN" "http://www.logiqx.com/Dats/datafile.dtd">
<datafile>
	<header>
		<name>cgenie_cass</name>
		<description>EACA Colour Genie EG2000 cassettes</description>
		<version></version>
		<author></author>
	</header>
	<machine name="3dhaunted">
		<description>3D Haunted House</description>
		<year>1984</year>
		<publisher>&lt;unknown&gt;</publisher>
		<rom name="3d_haunted_house.cas" size="23233" crc="befb6c2e" sha1="1d69248ade349dfae7f5a6a7159f00820031a3df" />
	</machine>
	<machine name="a10bomb">
		<description>A10 Bomber</description>
		<year>1983</year>
		<publisher>Ipswich Software Factory</publisher>
		<rom name="a10_bomber_part1.cas" size="10896" crc="ccdf41b9" sha1="cca297ab82ba2797ab11445867d80b696098fbee" />
		<rom name="a10_bomber_part2.cas" size="5082" crc="43401ddc" sha1="0f4af119a5be9341df993010dd0ad379efa84591" />
	</machine>
	<machine name="abenteue">
		<description>Abenteuerland</description>
		<year>198?</year>
		<publisher>&lt;unknown&gt;</publisher>
		<rom name="abenteuerland.cas" size="9241" crc="7426c4c2" sha1="1ce8e08fb838b0043e9eb82c8dff6131aa8fd78a" />
	</machine>
	<machine name="adressd2">
		<description>Adressdatei II</description>
		<year>198?</year>
		<publisher>&lt;unknown&gt;</publisher>
		<rom name="adressdatei2.cas" size="10894" crc="3fe7d06a" sha1="398c8fb13df611b3fea49d8a9b3ed02139e12b35" />
	</machine>
	<machine name="africa">
		<description>Africa</description>
		<year>198?</year>
		<publisher>&lt;unknown&gt;</publisher>
		<rom name="africa.cas" size="6985" crc="31aea58f" sha1="537d6363062e065270a0785ac68a753bc9b8e603" />
	</machine>
	<machine name="airaid">
		<description>Airaid</description>
		<year>198?</year>
		<publisher>Kwerty Software</publisher>
		<rom name="airaid.cas" size="1716" crc="d71d174d" sha1="663f33b5d5aff65977c21d5c19058a4cb9a62f78" />
	</machine>
	<machine name="alienatt">
		<description>Alien Attack</description>
		<year>198?</year>
		<publisher>&lt;unknown&gt;</publisher>
		<rom name="alien_attack.cas" size="9311" crc="28bccdc2" sha1="c55bb27b65dae5dea75e85c6bdf9a24c13fcd327" />
	</machine>
	<machine name="aliens">
		<description>Aliens</description>
		<year>198?</year>
		<publisher>Kwerty Software</publisher>
		<rom name="aliens.cas" size="1860" crc="842183b4" sha1="43f52f4ec5e18a10a320f3f2eb94e9b6262c3866" />
	</machine>
	<machine name="andromed16">
		<description>Andromeda (16k)</description>
		<year>1982</year>
		<publisher>TCG</publisher>
		<rom name="andromeda_16k.cas" size="14974" crc="686df610" sha1="07e28a16ef5b16aef1d323be19de0a58aaf31c56" />
	</machine>
	<machine name="andromed">
		<description>Andromeda (32k)</description>
		<year>1982</year>
		<publisher>TCG</publisher>
		<rom name="andromeda_32k.cas" size="12580" crc="2cb51a33" sha1="afe5dff537b70d5e8a61b72517c1a42fdeb67971" />
	</machine>
	<machine name="astrnaut">
		<description>Astronaut</description>
		<year>1984</year>
		<publisher>Arcade Games</publisher>
		<rom name="astronaut.cas" size="9136" crc="d5ed2e25" sha1="abff9551fb39f2ee90e9db2c903ab2069f3cf12e" />
	</machine>
	<machine name="backgamm">
		<description>Backgammon</description>
		<year>1983</year>
		<publisher>JD Tronics</publisher>
		<rom name="backgammon.cas" size="9178" crc="b68e12c8" sha1="7bc2560cc346d92d6b50023134c7156aa0406224" />
	</machine>
	<machine name="baeng">
		<description>BängBäng - 2 player gun fight</description>
		<year>1983</year>
		<publisher>TCS</publisher>
		<rom name="baeng_baeng.cas" size="8943" crc="0e1badf1" sha1="0a6dd2a49555ea0e0049eb02f19f60c9de382ab8" />
	</machine>
	<machine name="bakpak">
		<description>Bak-Pak</description>
		<year>1984</year>
		<publisher>Arcade Games</publisher>
		<rom name="bak_pak_part1.cas" size="2250" crc="0df488f6" sha1="e34d45f854cf0f2a73b6e8af4298b8cae78fbc2f" />
		<rom name="bak_pak_part2.cas" size="7763" crc="2986f798" sha1="649409c747c857e250509b1505fd15e6430accc0" />
	</machine>
	<machine name="ballon">
		<description>Ballon</description>
		<year>1984</year>
		<publisher>TCS</publisher>
		<rom name="ballon.cas" size="4223" crc="d776a1ae" sha1="5b16818e0416eff29afde04265236993d1aa02ba" />
	</machine>
	<machine name="bang">
		<description>Bang Bang</description>
		<year>1983</year>
		<publisher>TCS / Gumboot Software</publisher>
		<rom name="bang_bang.cas" size="8843" crc="aebb750b" sha1="c9e208680590dd70d059c29803a08dd83d888526" />
	</machine>
	<machine name="basicm">
		<description>Basic-Monitor</description>
		<year>1984</year>
		<publisher>TCS</publisher>
		<rom name="basic_monitor.cas" size="3700" crc="a1ad2580" sha1="855110e0ed1afad663e4c42d2faf057d15a7bf79" />
	</machine>
	<machine name="basicode">
		<description>Basicode</description>
		<year>1983</year>
		<publisher>TCS</publisher>
		<rom name="basicode.cas" size="2235" crc="e6a1197f" sha1="414917715d178797c24949066cd43536b3779fb5" />
	</machine>
	<machine name="basicp5">
		<description>Basic +5</description>
		<year>1983</year>
		<publisher>TCS</publisher>
		<rom name="basic_plus5.cas" size="5286" crc="429afec6" sha1="8e35a9f0e5203dd5ec5f19eb4d8e79cbc348ff44" />
	</machine>
	<machine name="baspack">
		<description>Basic-Packer 2.13</description>
		<year>1983</year>
		<publisher>TCS</publisher>
		<rom name="basic_packer_213.cas" size="4553" crc="e5ad8250" sha1="1fa80a80cad5da8d873391eeec546e41eb7ce7a8" />
	</machine>
	<machine name="baspacka">
		<description>Basic-Packer 2.13 (alternate)</description>
		<year>1983</year>
		<publisher>TCS</publisher>
		<rom name="basic_packer_213_alt.cas" size="4484" crc="1e3f7e36" sha1="cdac9b43a3e212a4659fb6101c18554e7a94edbf" />
	</machine>
	<machine name="benchm">
		<description>Benchmark Test</description>
		<year>198?</year>
		<publisher>&lt;unknown&gt;</publisher>
		<rom name="bench.cas" size="71" crc="14b4126e" sha1="2ff27b8586c8f86e110cd90ae291293d22702123" />
	</machine>
	<machine name="berlineru">
		<description>Die Berliner Uhr</description>
		<year>198?</year>
		<publisher>&lt;unknown&gt;</publisher>
		<rom name="die_berliner_uhr.cas" size="6487" crc="58d28104" sha1="ff3dcd0caf0cfffc894a2f9d699c4505f944c6f3" />
	</machine>
	<machine name="blastaro">
		<description>Blastaroids</description>
		<year>1983</year>
		<publisher>Algray Software</publisher>
		<rom name="blastaroids.cas" size="14732" crc="7940150b" sha1="2106d97de6affdad3b20077f73da89a36e959cc3" />
	</machine>
	<machine name="bluesmak">
		<description>Bluesmaker</description>
		<year>1984</year>
		<publisher>TCS</publisher>
		<rom name="bluesmaker.cas" size="984" crc="6a23d327" sha1="9c2dd48fa30a6f1fd14287ca1d0e709054bc76c4" />
	</machine>
	<machine name="botschaf">
		<description>Botschaft</description>
		<year>1985</year>
		<publisher>Scholz Baeumner Schaffarzik (SBS)</publisher>
		<rom name="botschaft.cas" size="11166" crc="62fe0ec5" sha1="5c56da9a4bb46f63d5882d060e5e0392ef1db02c" />
	</machine>
	<machine name="breakout">
		<description>Break-Out</description>
		<year>1984</year>
		<publisher>&lt;unknown&gt;</publisher>
		<rom name="break_out.cas" size="7271" crc="f97a49df" sha1="af9d5bac73d5672bcb8585c3e6294bf99985fda0" />
	</machine>
	<machine name="bruecke">
		<description>Brücke</description>
		<year>1984</year>
		<publisher>&lt;unknown&gt;</publisher>
		<rom name="bruecke.cas" size="11802" crc="64603229" sha1="3234b383e34683f95bafde379efb47579f0994bf" />
	</machine>
	<machine name="bumm">
		<description>Bumm Bumm</description>
		<year>198?</year>
		<publisher>TCS</publisher>
		<rom name="bumm_bumm.cas" size="3949" crc="4ed535ac" sha1="5851c745328330db09613e2978939784e6796e48" />
	</machine>
	<machine name="casloader">
		<description>Genie I II / TRS 80 Cassettenlader</description>
		<year>1984</year>
		<publisher>&lt;unknown&gt;</publisher>
		<rom name="cassettenlader.cas" size="1565" crc="4a8d0624" sha1="f8c6ed55aa811cd973153589057810c6e42ccfc4" />
	</machine>
	<machine name="caveman">
		<description>Cave Man</description>
		<year>198?</year>
		<publisher>&lt;unknown&gt;</publisher>
		<rom name="cave_man.cas" size="14943" crc="6b0ed55c" sha1="caab54c624825d5e2ba13d69e81d383d00442687" />
	</machine>
	<machine name="charedit">
		<description>Character Generator/Editor</description>
		<year>198?</year>
		<publisher>Gumboot Software</publisher>
		<rom name="character_generator_editor.cas" size="1453" crc="bd332d6a" sha1="100d2420e57e9460b087bba31dbb38ea354fd74b" />
	</machine>
	<machine name="charset">
		<description>Charset</description>
		<year>198?</year>
		<publisher>&lt;unknown&gt;</publisher>
		<rom name="charset.cas" size="305" crc="80207b26" sha1="d6251291d1d8980134f13485bb2f4028b53df843" />
	</machine>
	<machine name="chessm">
		<description>Chess Machine</description>
		<year>1984</year>
		<publisher>Heinz Hübben Software Verlag</publisher>
		<rom name="chess_machine.cas" size="13860" crc="666382ef" sha1="19fff13390ea5fd95cb437539d908daf6c2e7237" />
	</machine>
	<machine name="chomper">
		<description>Chomper</description>
		<year>198?</year>
		<publisher>Kansas Software</publisher>
		<rom name="chomper.cas" size="8664" crc="d07a57eb" sha1="38c04901e05daae9c45d75e78bc07c159e310533" />
	</machine>
	<machine name="chop83">
		<description>Chopper (1983)</description>
		<year>1983</year>
		<publisher>Jürgen Buchmüller</publisher>
		<rom name="chopper_83.cas" size="12070" crc="c7f7a7db" sha1="d0367eda05f81ba68f8557655263c1e84e6ea538" />
	</machine>
	<machine name="chopper">
		<description>Chopper (TCS)</description>
		<year>198?</year>
		<publisher>TCS</publisher>
		<rom name="chopper_tcs.cas" size="28005" crc="f50af062" sha1="9c0c08159c22990625e8bd13737cab3a922139d9" />
	</machine>
	<machine name="ciaagent">
		<description>CIA-Agent</description>
		<year>1985</year>
		<publisher>Scholz Baeumner Schaffarzik (SBS)</publisher>
		<rom name="cia-agent.cas" size="16483" crc="c3d5e46d" sha1="573343e9d5611a9a117f6e2a42d05c26234d8b4f" />
	</machine>
	<machine name="colasm">
		<description>Colour-Assembler</description>
		<year>1983</year>
		<publisher>TCS</publisher>
		<rom name="colasm.cas" size="6611" crc="06eecba7" sha1="1ed872352cac33b591af3923c1252a63108e7005" />
	</machine>
	<machine name="colchess">
		<description>Colour Genie Chess</description>
		<year>1984</year>
		<publisher>Gumboot Software</publisher>
		<rom name="colour_genie_chess.cas" size="11595" crc="83635309" sha1="113b4685533a0314b2fb2f397818b1e9c6d41267" />
	</machine>
	<machine name="colcom">
		<description>Colour Basic Compiler 3.05</description>
		<year>1982</year>
		<publisher>TCS</publisher>
		<rom name="colour_basic_compiler.cas" size="15376" crc="0c5cd9bf" sha1="20adf907fcd64fcab4692b96e2299ee895d355d0" />
	</machine>
	<machine name="coldemo">
		<description>Colour Genie Demonstration Kassette</description>
		<year>198?</year>
		<publisher>Carsten Schmidt</publisher>
		<rom name="colourdemo.cas" size="9038" crc="40f5d193" sha1="2c060677dc1c3f529c6064de6cae4ca7355bf0c7" />
	</machine>
	<machine name="coldesig">
		<description>Colour Design 3.0</description>
		<year>19??</year>
		<publisher>&lt;unknown&gt;</publisher>
		<rom name="colour_design_30.cas" size="885" crc="33d17906" sha1="9b1ad0270028469d8eed74d964db3286c317a54d" />
	</machine>
	<machine name="colemu3w">
		<description>Colour Emu 3.0 Welcome Tape</description>
		<year>1997</year>
		<publisher>&lt;homebrew&gt;</publisher>
		<rom name="colemu3_welcome.cas" size="930" crc="2e331055" sha1="3c5a8a98b0c2701d7688535910c32d217fefe7b3" />
	</machine>
	<machine name="colforth">
		<description>Colour-Forth 2.0 (with cassette support)</description>
		<year>1983</year>
		<publisher>TCS</publisher>
		<rom name="colour_forth_20_cas.cas" size="13168" crc="beafbb67" sha1="5cba7cbec48288082f5fa861dee05116ad51f60d" />
	</machine>
	<machine name="colfortha">
		<description>Colour-Forth 2.0</description>
		<year>1983</year>
		<publisher>TCS</publisher>
		<rom name="colour_forth_20.cas" size="7282" crc="a7bfda87" sha1="ecd40c8e01dfdcb2c9721fcfeee0398de6a98e99" />
	</machine>
	<machine name="colfrog">
		<description>Colour Frog</description>
		<year>1983</year>
		<publisher>TCS</publisher>
		<rom name="colourfrog.cas" size="9305" crc="ce33fcef" sha1="e79d20e8060b37a46887b7419e03720c9869739c" />
	</machine>
	<machine name="colfroga">
		<description>Colour Frog (no title screen)</description>
		<year>1983</year>
		<publisher>TCS</publisher>
		<rom name="colourfrog_notitle.cas" size="8261" crc="ee47e6d0" sha1="31172642811fac02c1fb099524dde0edb0b7cc5d" />
	</machine>
	<machine name="colkong16a">
		<description>Colour Kong (16k, no autostart)</description>
		<year>1983</year>
		<publisher>TCS</publisher>
		<rom name="colour_kong_16k_noautostart.cas" size="8778" crc="c9142253" sha1="a964784ebb1c7e3891f081262b67dda95973efea" />
	</machine>
	<machine name="colkong16">
		<description>Colour Kong (16k)</description>
		<year>1983</year>
		<publisher>TCS</publisher>
		<rom name="colour_kong_16k.cas" size="8767" crc="5f8bd564" sha1="1c634ab78a9ca45aa14d0ddbafc646211d0a2433" />
	</machine>
	<machine name="colkong">
		<description>Colour Kong (32k)</description>
		<year>1983</year>
		<publisher>TCS</publisher>
		<rom name="colour_kong_32k.cas" size="12371" crc="4090f9bb" sha1="973329d96ceaab24e0ee32cebccbe2a12b922899" />
	</machine>
	<machine name="colmon2">
		<description>Colour-Monitor 2.0</description>
		<year>198?</year>
		<publisher>&lt;unknown&gt;</publisher>
		<rom name="colour_monitor_2.cas" size="4228" crc="ce41d842" sha1="1d319322b7995e66aed38ab14e29a3a71870be61" />
	</machine>
	<machine name="colmon3">
		<description>Colour-Monitor 3.0</description>
		<year>1983</year>
		<publisher>TCS</publisher>
		<rom name="colour_monitor_3.cas" size="15127" crc="778e61b9" sha1="5a300f5135b55af7ba1865f87e9a0cf94ce70c14" />
	</machine>
	<machine name="colours">
		<description>Colours</description>
		<year>????</year>
		<publisher>&lt;unknown&gt;</publisher>
		<rom name="colours.cas" size="373" crc="a7138b4d" sha1="b50d8189c9e30fb3eeaccfc23553b6cd0a7673da" />
	</machine>
	<machine name="colpasc">
		<description>Colour-PASCAL 2.0</description>
		<year>198?</year>
		<publisher>&lt;unknown&gt;</publisher>
		<rom name="colour_pascal_20.cas" size="11932" crc="29764085" sha1="a6bb1fa89b21d114f235987701ddb6fcb768cb96" />
	</machine>
	<machine name="colpont">
		<description>Colour Genie Pontoon</description>
		<year>198?</year>
		<publisher>&lt;unknown&gt;</publisher>
		<rom name="colour_genie_pontoon.cas" size="8374" crc="15f2092d" sha1="06e94447992a7cd37306688b867aa3b5ff13bc43" />
	</machine>
	<machine name="colqix">
		<description>Colour Qix</description>
		<year>198?</year>
		<publisher>&lt;unknown&gt;</publisher>
		<rom name="colour_qix.cas" size="8919" crc="e235fe24" sha1="de80c8af1fe60f5ed9b8e41e932ed827645dea65" />
	</machine>
	<machine name="colrot">
		<description>Colour-ROT</description>
		<year>1983</year>
		<publisher>TCS</publisher>
		<rom name="colrot.cas" size="12168" crc="492e7a97" sha1="6620ab52ca1e9eb2a97e5a1acbea5d5a9e31a6cf" />
	</machine>
	<machine name="colsch16">
		<description>Colour Schach (TCS, 16k)</description>
		<year>1983</year>
		<publisher>TCS</publisher>
		<rom name="colour_schach_tcs_16k.cas" size="11329" crc="dcbeec18" sha1="75e67fd3ca02f1974eef772aa62bf4eac71ec501" />
	</machine>
	<machine name="colsch">
		<description>Colour Schach (TCS)</description>
		<year>1983</year>
		<publisher>TCS</publisher>
		<rom name="colour_schach_tcs.cas" size="11163" crc="564552f3" sha1="01df0681bd293d288181de703cfc3718f5647d66" />
	</machine>
	<machine name="colscha">
		<description>Colour Schach</description>
		<year>1983</year>
		<publisher>&lt;unknown&gt;</publisher>
		<rom name="colour_schach.cas" size="10197" crc="afdff446" sha1="3b7eb4e829e5de33bb8bff094ffe5300e9c358b2" />
	</machine>
	<machine name="colzap">
		<description>Colour-Zap Ver 1.0 (TCS)</description>
		<year>1983</year>
		<publisher>TCS</publisher>
		<rom name="colourzap.cas" size="5538" crc="c1f1cb0d" sha1="9175e630b02a709b3eb606b765a5492a6c780783" />
	</machine>
	<machine name="cosmic">
		<description>Cosmic Attack</description>
		<year>198?</year>
		<publisher>Kansas Software</publisher>
		<rom name="cosmic_attack.cas" size="9791" crc="90a2d75b" sha1="51cdc81d1a24aceb35d20b6d7a3af0f2a69e0cdd" />
	</machine>
	<machine name="cquest1">
		<description>Colour Quest 1: Find the Diamond of Balmarlon</description>
		<year>1983</year>
		<publisher>Gumboot Software</publisher>
		<rom name="colour_quest_1_diamond_of_balmarlon.cas" size="21439" crc="cc0e9b18" sha1="51b31feda5796d71ff5f17411ba714e0f5fc6d58" />
	</machine>
	<machine name="cquest2">
		<description>Colour Quest 2: The Vegan Incident</description>
		<year>1983</year>
		<publisher>Gumboot Software</publisher>
		<rom name="colour_quest_2_the_vegan_incident.cas" size="21439" crc="c7176083" sha1="25b7706ed049bce3a24dbad5acd84ef8626a62ea" />
	</machine>
	<machine name="cquest3">
		<description>Colour Quest 3: Enchanted Gardens</description>
		<year>1983</year>
		<publisher>Gumboot Software</publisher>
		<rom name="colour_quest_3_enchanted_gardens.cas" size="23266" crc="7d3d7d45" sha1="b832717605cb476f68e8b73512829723e9e8eb37" />
	</machine>
	<machine name="cquest4a">
		<description>Colour Quest 4: Camelot Adventure (Marcos Software)</description>
		<year>1983</year>
		<publisher>Gumboot Software</publisher>
		<rom name="colour_quest_4_camelot_adventure_marcos.cas" size="15848" crc="e506e65b" sha1="37adfff2e338a46d8252646b6e7724d0c7a90e66" />
	</machine>
	<machine name="cquest4">
		<description>Colour Quest 4: Camelot Adventure</description>
		<year>1983</year>
		<publisher>Gumboot Software</publisher>
		<rom name="colour_quest_4_camelot_adventure.cas" size="15848" crc="7025017a" sha1="d70f3235ef9a8acaa9c36f841c1a1144ed33e331" />
	</machine>
	<machine name="cquest6">
		<description>Colour Quest 6: Fishing Quest</description>
		<year>1983</year>
		<publisher>Gumboot Software</publisher>
		<rom name="colour_quest_6_fishing_quest.cas" size="21442" crc="6bb944d0" sha1="ac6faa6ea09f609828e2eb2ab2d15c7c193fb4fe" />
	</machine>
	<machine name="crzchase">
		<description>Crazy Chaser</description>
		<year>198?</year>
		<publisher>&lt;unknown&gt;</publisher>
		<rom name="crazy_chaser.cas" size="3756" crc="53dacd2d" sha1="5b17aefcf5620115134366a195c459548596b7dd" />
	</machine>
	<machine name="crzpaint">
		<description>Crazy Paint</description>
		<year>1983</year>
		<publisher>TCS</publisher>
		<rom name="crazy_paint.cas" size="12575" crc="da7b13f9" sha1="d7c260b0b631868bfdfa030ad32d9e6ced43ef54" />
	</machine>
	<machine name="crzpaintc">
		<description>Crazy Paint (The Colour Connection)</description>
		<year>1984</year>
		<publisher>The Colour Connection</publisher>
		<rom name="crazy_paint_tcc.cas" size="13619" crc="618ab21a" sha1="bb4d5e672a51fe8737ec29d2bde48e4fed4e3092" />
	</machine>
	<machine name="crzpaintca">
		<description>Crazy Paint (The Colour Connection, alternate)</description>
		<year>1984</year>
		<publisher>The Colour Connection</publisher>
		<rom name="crazy_paint_tcc_a.cas" size="13690" crc="e58fad86" sha1="ad03518821cc0915f8b28e592528b309abe1fca6" />
	</machine>
	<machine name="deathsta">
		<description>Deathstar</description>
		<year>1983</year>
		<publisher>Algray Software</publisher>
		<rom name="deathstar.cas" size="16864" crc="2cef9b37" sha1="d6a1e9e48c26334effc5a63dbe1f4f1a470a297a" />
	</machine>
	<machine name="deathtra">
		<description>Deathtrap</description>
		<year>198?</year>
		<publisher>&lt;unknown&gt;</publisher>
		<rom name="deathtrap.cas" size="31369" crc="e1af988c" sha1="ab7021a3a2d695e44efb5a6dbfab121445b255a1" />
	</machine>
	<machine name="defendag">
		<description>Defender (Andreas Goldau)</description>
		<year>198?</year>
		<publisher>Andreas Goldau Softwareproduction</publisher>
		<rom name="defender_andreas_goldau.cas" size="4515" crc="f4bfe618" sha1="feb736a6c7cbae2ce9859e0b8d3b8052f1c3f310" />
	</machine>
	<machine name="defender">
		<description>Defender</description>
		<year>198?</year>
		<publisher>&lt;unknown&gt;</publisher>
		<rom name="defender.cas" size="4525" crc="55d5419c" sha1="b10e277f3885d5c6bffa373dae59f089b4188b4f" />
	</machine>
	<machine name="demond">
		<description>Demon Derby</description>
		<year>198?</year>
		<publisher>&lt;unknown&gt;</publisher>
		<rom name="demon_derby.cas" size="7486" crc="2723467e" sha1="1bb48d35f5101ee3035cd2cffe320a7c9946af1f" />
	</machine>
	<machine name="dezhex">
		<description>Dez-Hex</description>
		<year>198?</year>
		<publisher>&lt;unknown&gt;</publisher>
		<rom name="dezhex.cas" size="319" crc="ec3d2069" sha1="59d372eab833d176156aec9d3a1a1739cccfe4f8" />
	</machine>
	<machine name="digboy">
		<description>DIG-BOY</description>
		<year>1983</year>
		<publisher>TCS</publisher>
		<rom name="digboy.cas" size="14960" crc="839706b5" sha1="58bac8f61a35a8d355e9db67d74cef22219099c2" />
	</machine>
	<machine name="disvilla">
		<description>Disastrous Villa</description>
		<year>1985</year>
		<publisher>Scholz Baeumner Schaffarzik (SBS)</publisher>
		<rom name="disastrous_villa.cas" size="18449" crc="49ddf596" sha1="627f0260dd37460b6eaf8b75045f57bfc516aa44" />
	</machine>
	<machine name="dracula">
		<description>Die Juwelen des Grafen Dracula</description>
		<year>198?</year>
		<publisher>Cooperated Software</publisher>
		<rom name="dracula_part1.cas" size="3400" crc="6073eb6b" sha1="e8402d69c4b9b2bc59600068f50b8a6aba112874" />
		<rom name="dracula_part2.cas" size="13422" crc="c495ef9e" sha1="120c77d86ac90fb2a2b21559eadb1cd677def4c2" />
	</machine>
	<machine name="eagle">
		<description>Eagle</description>
		<year>1983</year>
		<publisher>TCS</publisher>
		<rom name="eagle.cas" size="14946" crc="d4385ff5" sha1="d4370e14eeabefb6d004881ade29d0b6ba314951" />
	</machine>
	<machine name="eatman">
		<description>Eatman</description>
		<year>1983</year>
		<publisher>Computer Service W. Neumann / Molimerx Ltd</publisher>
		<rom name="eatman.cas" size="4039" crc="592374c6" sha1="f45ba06f3bf75bebf1d8a251cc1e63eb386bc348" />
	</machine>
	<machine name="ebasic">
		<description>EBASIC (32k version)</description>
		<year>1985</year>
		<publisher>&lt;unknown&gt;</publisher>
		<rom name="ebasic.cas" size="1168" crc="d6f5c431" sha1="76db6e94b5715b2653dcac3010193a667e69d527" />
	</machine>
	<machine name="editdef">
		<description>Editor fuer definierbare Zeichen</description>
		<year>1983</year>
		<publisher>TCG</publisher>
		<rom name="editdef.cas" size="6888" crc="c54f7a61" sha1="32db514aa648da670426581cd139bc5d99fcc28f" />
	</machine>
	<machine name="editdefa">
		<description>Editor fuer definierbare Zeichen (modified?)</description>
		<year>198?</year>
		<publisher>&lt;unknown&gt;</publisher>
		<rom name="editdefa.cas" size="7477" crc="da0d26f5" sha1="d8375ae9692bd6d51354268f8a0e13d0d97cfcde" />
	</machine>
	<machine name="eis">
		<description>Eis</description>
		<year>1983</year>
		<publisher>TCS</publisher>
		<rom name="eis.cas" size="14944" crc="46408e4a" sha1="5e298ee1caed250cec35987ec8d400a375948f37" />
	</machine>
	<machine name="eliminat">
		<description>Eliminator</description>
		<year>1984</year>
		<publisher>TCC</publisher>
		<rom name="eliminator.cas" size="12487" crc="b9373dc5" sha1="2db022702d50d37895aae3f10ce0bdb83e6015ed" />
	</machine>
	<machine name="eliminatg">
		<description>Eliminator (Gumboot)</description>
		<year>1984</year>
		<publisher>Gumboot Software</publisher>
		<rom name="eliminator_gumboot.cas" size="12758" crc="50b1dd34" sha1="582ee5609376389a717cf0dc583e0b81f23c0002" />
	</machine>
	<machine name="empire">
		<description>Empire</description>
		<year>198?</year>
		<publisher>&lt;unknown&gt;</publisher>
		<rom name="empire.cas" size="22112" crc="de3d4df0" sha1="e8a0099f878caf3c733181e45dc9ce4013d86779" />
	</machine>
	<machine name="excopy">
		<description>Extended Copy</description>
		<year>198?</year>
		<publisher>TTS</publisher>
		<rom name="excopy.cas" size="5103" crc="d0398461" sha1="4901ea77e5c3e419516eb3a63705d71ca46e2527" />
	</machine>
	<machine name="exrevers">
		<description>ExReversic</description>
		<year>1983</year>
		<publisher>TCS</publisher>
		<rom name="exreversic.cas" size="8979" crc="3f399b18" sha1="2d2289660c806321a1456e7d2038f5ba282bd75d" />
	</machine>
	<machine name="extrabas">
		<description>Extra-Basic</description>
		<year>198?</year>
		<publisher>&lt;unknown&gt;</publisher>
		<rom name="extra-basic.cas" size="1172" crc="730d07ea" sha1="90ce8df0d9ae0627aa6f43dc75642a5080946f0d" />
	</machine>
	<machine name="fastfood">
		<description>Fast Food</description>
		<year>1983</year>
		<publisher>cc Computer Studio</publisher>
		<rom name="fast.cas" size="14963" crc="863a9880" sha1="cdc5f191aa3f103f715fbcf413abe42a3bb018e4" />
	</machine>
	<machine name="firebird">
		<description>Firebird</description>
		<year>1983</year>
		<publisher>Heinz Hübben Software Verlag</publisher>
		<rom name="firebird.cas" size="13935" crc="1a315ba6" sha1="f6f2b69a15831eb2e079cacbdad1eae8f3cc82aa" />
	</machine>
	<machine name="floh">
		<description>Der Flohwalzer</description>
		<year>198?</year>
		<publisher>&lt;unknown&gt;</publisher>
		<rom name="floh.cas" size="678" crc="15255e0e" sha1="2f489c1acc88c8f2fd1340fb01c4795548918792" />
	</machine>
	<machine name="flugsim">
		<description>Colour Genie Flugsimulator</description>
		<year>1984</year>
		<publisher>TCS</publisher>
		<rom name="flugsimulator.cas" size="15791" crc="4f569c0b" sha1="c5c34f397ecc6d1849e3915a8c914b6d34cae6bc" />
	</machine>
	<machine name="flybytes">
		<description>Flying Bytes</description>
		<year>1984</year>
		<publisher>Arcade Games</publisher>
		<rom name="flying_bytes.cas" size="24898" crc="f515e0a3" sha1="62d768657473d588e779161c860ba31a3171f76c" />
	</machine>
	<machine name="fraggels">
		<description>Im Reich der Fraggels</description>
		<year>19??</year>
		<publisher>Scholz Baeumner Schaffarzik (SBS)</publisher>
		<rom name="im_reich_der_fraggels.cas" size="12655" crc="cb9944dc" sha1="66090cde8f90d2f7edd08ccd22c776b8e4b4082a" />
	</machine>
	<machine name="galattj">
		<description>Galactic Attack (Joystick)</description>
		<year>1983</year>
		<publisher>Microbyte Software</publisher>
		<rom name="galactic_attack_joystick_part1.cas" size="2531" crc="cfeb5ae2" sha1="95fa317db189e6733e88597d6837b9cd520de947" />
		<rom name="galactic_attack_joystick_part2.cas" size="6629" crc="23307149" sha1="e7bf5d73809475932e173b2d11c876898f8b26ff" status="baddump" />
	</machine>
	<machine name="galattk">
		<description>Galactic Attack (Keyboard)</description>
		<year>1983</year>
		<publisher>Microbyte Software</publisher>
		<rom name="galactic_attack_keyboard_part1.cas" size="2531" crc="cfeb5ae2" sha1="95fa317db189e6733e88597d6837b9cd520de947" />
		<rom name="galactic_attack_keyboard_part2.cas" size="7980" crc="571cadd8" sha1="c0aaa5c6d0457c25cd0f79da91246cc04b6c8b7e" />
	</machine>
	<machine name="genieped">
		<description>Geniepede</description>
		<year>1983</year>
		<publisher>Ipswich Software Factory</publisher>
		<rom name="geniepede_part1.cas" size="3468" crc="6a0014d8" sha1="9f6c649b824e303d17cf26ed62310a8fcc9762c1" />
		<rom name="geniepede_part2.cas" size="5963" crc="22634e4f" sha1="e283b8ab4918f0bb6b929f32f42194704bf8fd1f" />
	</machine>
	<machine name="glueck">
		<description>Glückspilz</description>
		<year>1983</year>
		<publisher>&lt;unknown&gt;</publisher>
		<rom name="glueckspilz.cas" size="14635" crc="83338074" sha1="01534f2031033b303f01fcde171576b511a2deb5" />
	</machine>
	<machine name="gobbleg">
		<description>Gobble Garden</description>
		<year>198?</year>
		<publisher>Kwerty Software</publisher>
		<rom name="gobble_garden.cas" size="3642" crc="275609c4" sha1="ba0a76cf44769a9c334f8a662dabcea7d376bc9d" />
	</machine>
	<machine name="gorilla32">
		<description>Gorilla (32k)</description>
		<year>1983</year>
		<publisher>Heinz Hübben Software Verlag</publisher>
		<rom name="gorilla_32k.cas" size="16873" crc="b207dd02" sha1="00403df3b9b1a49eda23402c3d9ab2ecf5137005" />
	</machine>
	<machine name="gorilla">
		<description>Gorilla</description>
		<year>1983</year>
		<publisher>Heinz Hübben Software Verlag</publisher>
		<rom name="gorilla.cas" size="18182" crc="dac2b981" sha1="589610cac34a48918396fb3dbf49b58c5e97f7e9" />
	</machine>
	<machine name="gotya">
		<description>Gotya</description>
		<year>198?</year>
		<publisher>&lt;unknown&gt;</publisher>
		<rom name="gotya.cas" size="3762" crc="897669f8" sha1="f160c805efbe072c3ac39225cb0dadfba94efd95" />
	</machine>
	<machine name="grabit">
		<description>Grabit</description>
		<year>198?</year>
		<publisher>&lt;unknown&gt;</publisher>
		<rom name="grabit.cas" size="8603" crc="3e9c4548" sha1="3fd648cab1743d1576b68bb2b0ef59d9f38d4c25" />
	</machine>
	<machine name="grafiked">
		<description>Grafik-Editor</description>
		<year>1983</year>
		<publisher>TCG</publisher>
		<rom name="grafik_editor.cas" size="41591" crc="5304128b" sha1="a356579efa5074af9b95161d43841ec2fb256517" status="baddump" />
	</machine>
	<machine name="grandpri">
		<description>Grand Prix</description>
		<year>1985</year>
		<publisher>Arcade Games / Gumboot Software</publisher>
		<rom name="grand_prix.cas" size="35550" crc="49a37d3c" sha1="ae779186f1f64b40fc8015ed9cde2c71ab7a070a" />
	</machine>
	<machine name="grauen">
		<description>Schiff des Grauens</description>
		<year>198?</year>
		<publisher>Scholz Baeumner Schaffarzik (SBS)</publisher>
		<rom name="grauen.cas" size="17741" crc="303501b0" sha1="338e296726852171d0d616009c1b66f9f7980785" />
	</machine>
	<machine name="hdeath">
		<description>House of Death</description>
		<year>1985</year>
		<publisher>Scholz Baeumner Schaffarzik (SBS)</publisher>
		<rom name="house_of_death.cas" size="18254" crc="2f7c3a05" sha1="33072ea1c975e8cbb4d07db4ed7d8b3e76d2c2b5" />
	</machine>
	<machine name="hektik32">
		<description>Hektik (32k)</description>
		<year>1983</year>
		<publisher>TCS</publisher>
		<rom name="hektik_32k.cas" size="14683" crc="ee16c405" sha1="0f3f0a984258334d719c3cc46e1e642af5ddcf9a" />
	</machine>
	<machine name="hektik">
		<description>Hektik</description>
		<year>1983</year>
		<publisher>TCS</publisher>
		<rom name="hektik.cas" size="14663" crc="ccc3e799" sha1="9dca67b2b1778394e4bac9294c0e149e329cb989" />
	</machine>
	<machine name="hektike">
		<description>Hektik (English)</description>
		<year>1984</year>
		<publisher>Arcade Games</publisher>
		<rom name="hektik_english.cas" size="14974" crc="61af69f7" sha1="b38c31e19070b62613ca97015f4b75e9f00d93b9" />
	</machine>
	<machine name="helikopt">
		<description>Helikopter</description>
		<year>1983</year>
		<publisher>Heinz Hübben Software Verlag</publisher>
		<rom name="helikopter.cas" size="18184" crc="a9c0d6b3" sha1="26204317036a5e1e590273c071ba95f1f2ceb0a7" />
	</machine>
	<machine name="herorun">
		<description>Hero Run</description>
		<year>198?</year>
		<publisher>&lt;unknown&gt;</publisher>
		<rom name="hero_run.cas" size="4597" crc="34cb4c00" sha1="7bdc82b557b1ee77d49714b148c25f7081381629" />
	</machine>
	<machine name="horror">
		<description>Horror Castle</description>
		<year>198?</year>
		<publisher>Scholz Baeumner Schaffarzik (SBS)</publisher>
		<rom name="horror_castle.cas" size="22235" crc="8fb37d9b" sha1="f90abe321c00c14dbb23df5d8cadf8ee745a7bbc" />
	</machine>
	<machine name="intboard">
		<description>Intellegent Games Boards</description>
		<year>198?</year>
		<publisher>&lt;unknown&gt;</publisher>
		<rom name="intellegent_games_boards.cas" size="7507" crc="95296e94" sha1="897ec025524753d3156b62f68508fe557bb76f32" />
	</machine>
	<machine name="invaderd">
		<description>Invader Demo</description>
		<year>198?</year>
		<publisher>Gumboot Software</publisher>
		<rom name="invader_demo_part1.cas" size="1098" crc="19cb9e54" sha1="3ae52a539a1298263f003e245cde146d898d6b85" />
		<rom name="invader_demo_part2.cas" size="789" crc="3f6aeecd" sha1="76cc489ffcf64c84da4c536a2312691bb9dda6aa" />
		<rom name="invader_demo_part3.cas" size="36" crc="fde266e7" sha1="1b91a094834b891bc132b4841dd9aca477f68124" status="baddump" />
	</machine>
	<machine name="invaders">
		<description>Invaders from Space</description>
		<year>1983</year>
		<publisher>Molimerx Ltd</publisher>
		<rom name="invaders_from_space.cas" size="3873" crc="5ff53875" sha1="9c26737267874291fb6d0f30be74465914f3d005" />
	</machine>
	<machine name="invasion">
		<description>Invasion aus dem Weltraum</description>
		<year>1982</year>
		<publisher>TCS</publisher>
		<rom name="invasion_aus_dem_weltraum.cas" size="8486" crc="80709671" sha1="9a840b13fce7a870d5726d8f1ee9b54adb724951" />
	</machine>
	<machine name="jackpot">
		<description>Jackpot</description>
		<year>1984</year>
		<publisher>&lt;unknown&gt;</publisher>
		<rom name="jackpot_part1.cas" size="608" crc="d7d2ffcc" sha1="4fc14f4a68eafbbdda15cba16ac74a92224e757f" />
		<rom name="jackpot_part2.cas" size="11115" crc="a7e92981" sha1="3e2c61770b09ff643b74652ef62350e8e7cd6934" />
	</machine>
	<machine name="jetset">
		<description>Jet Set Billy (16k)</description>
		<year>1984</year>
		<publisher>Arcade Games</publisher>
		<rom name="jet_set_billy_part1.cas" size="2159" crc="9b15a65f" sha1="7c1ccf8379069249750bdd1ba6c5ea6547e219b8" />
		<rom name="jet_set_billy_part2.cas" size="9233" crc="03c0a076" sha1="81223ed22469680ea534a24eca3f36c66b760415" status="baddump" />
	</machine>
	<machine name="jpoker">
		<description>Joker Poker</description>
		<year>1983</year>
		<publisher>TCS</publisher>
		<rom name="joker_poker.cas" size="12580" crc="7f8c7e6e" sha1="80a95c7dbd2a87905792b1a7179f624185570ea3" />
	</machine>
	<machine name="jumbo">
		<description>Jumbo</description>
		<year>1984</year>
		<publisher>Gumboot Software</publisher>
		<rom name="jumbo.cas" size="13327" crc="bb5f6b32" sha1="9c449b437dd7e5ceee4389a27756bb086d9333e2" />
	</machine>
	<machine name="kaefer">
		<description>Marienkäfer</description>
		<year>1984</year>
		<publisher>&lt;unknown&gt;</publisher>
		<rom name="marienkaefer.cas" size="17154" crc="363efe8f" sha1="3636dd5f21a934b1a1fbda86c23d4d890d283730" />
	</machine>
	<machine name="king">
		<description>King</description>
		<year>1983</year>
		<publisher>TCS</publisher>
		<rom name="king.cas" size="10900" crc="6c72fcba" sha1="75072d623bcd54eb51caa207ed36fbdb1e2a9289" />
	</machine>
	<machine name="kniffel">
		<description>Kniffel</description>
		<year>1985</year>
		<publisher>TTS</publisher>
		<rom name="kniffel.cas" size="10558" crc="92afa140" sha1="491a15dbd9a2b9a2b6da3bb7a0c5bd596330bfcc" />
	</machine>
	<machine name="kong">
		<description>Kong</description>
		<year>1983</year>
		<publisher>Algray Software</publisher>
		<rom name="kong.cas" size="11458" crc="f8a581c8" sha1="2dbe432c596fa8d73ec24cf7620ab1bc10934ff0" />
	</machine>
	<machine name="labyfear">
		<description>Labyrinth of Fear</description>
		<year>1983</year>
		<publisher>Algray Software</publisher>
		<rom name="labyrinth_fear_part1.cas" size="4563" crc="92e3a0f6" sha1="72167fca3b9c6e4560b0eb398a46743fb041c2d3" />
		<rom name="labyrinth_fear_part2.cas" size="9368" crc="0887f599" sha1="ff1abfee3a0454553355c91f0712bfd6560884f4" />
	</machine>
	<machine name="laenquiz">
		<description>Länder-Quiz</description>
		<year>1984</year>
		<publisher>TCS</publisher>
		<rom name="laender-quiz.cas" size="20942" crc="84ec25a8" sha1="de4684ee33cb22579db8cedf0506acd4816ef27b" />
	</machine>
	<machine name="lasverga">
		<description>Las Vergas Spiel-Automat</description>
		<year>198?</year>
		<publisher>&lt;unknown&gt;</publisher>
		<rom name="las_vergas.cas" size="5614" crc="25a123a3" sha1="9fa20b57c2f589a5f4d3f28d7737252e095caeac" />
	</machine>
	<machine name="life">
		<description>Life</description>
		<year>1983</year>
		<publisher>TCS</publisher>
		<rom name="life.cas" size="5661" crc="3cd71efe" sha1="7122d9f00c23333e3aa9e4906982db4b768e0936" />
	</machine>
	<machine name="linearg">
		<description>Lineare Gleichungssysteme</description>
		<year>198?</year>
		<publisher>&lt;unknown&gt;</publisher>
		<rom name="lineare_gleichungssysteme.cas" size="2552" crc="b109dc16" sha1="90c417c040e19c63231d813f97d54875901acc3b" />
	</machine>
	<machine name="linedraw">
		<description>Line Drawing</description>
		<year>????</year>
		<publisher>&lt;unknown&gt;</publisher>
		<rom name="line_drawing.cas" size="198" crc="79386ba8" sha1="9d73180e81180fde198ce4923c463203abc56382" />
	</machine>
	<machine name="listform">
		<description>Listing-Formatierer</description>
		<year>198?</year>
		<publisher>&lt;unknown&gt;</publisher>
		<rom name="listing_formatierer.cas" size="669" crc="68f61c65" sha1="5658fbf41e04293a81103d2665f8b337351bceee" />
	</machine>
	<machine name="lunarlan">
		<description>Lunar Lander</description>
		<year>1983</year>
		<publisher>TCS</publisher>
		<rom name="lunar_lander.cas" size="15529" crc="a7b9958c" sha1="e2c13fd8fc71f9e84e255c7161512d6be73555ea" />
	</machine>
	<machine name="maddriv">
		<description>Mad Driver</description>
		<year>1983</year>
		<publisher>&lt;unknown&gt;</publisher>
		<rom name="mad_driver.cas" size="2812" crc="445b2a7b" sha1="e795cf2f8e0ab4a5b538c0002b857af9012916f7" />
	</machine>
	<machine name="madmen">
		<description>Exterminator II: The Mad Menagerie</description>
		<year>1984</year>
		<publisher>Algray Software</publisher>
		<rom name="mad_menagerie.cas" size="11237" crc="b509a408" sha1="9b8e58e7cead34d0df33efd66a2b7d9270281d9e" status="baddump" />
	</machine>
	<machine name="madtree">
		<description>Madtree</description>
		<year>1983</year>
		<publisher>TCS</publisher>
		<rom name="madtree.cas" size="14713" crc="d1ce532c" sha1="25981c3b3b55bea4add93a45b7844277305a8fd0" />
	</machine>
	<machine name="madven2">
		<description>Madventure 2: Shipwreck</description>
		<year>1984</year>
		<publisher>&lt;unknown&gt;</publisher>
		<rom name="madventure_2_shipwreck.cas" size="15678" crc="583bd6c4" sha1="6f2544d834afa623129cbdc5173a925a0a8f728f" />
	</machine>
	<machine name="magicc">
		<description>Magic Carpet Demo</description>
		<year>198?</year>
		<publisher>Gumboot Software</publisher>
		<rom name="magic_carpet_demo.cas" size="540" crc="ee4ce9ab" sha1="91298ce70f468b36acade91b1461284f83fc58a8" />
	</machine>
	<machine name="mampf2a">
		<description>Mampf Man II (alt)</description>
		<year>1983</year>
		<publisher>TCS</publisher>
		<rom name="mampfman2_alt.cas" size="17091" crc="f2be825b" sha1="ddae6342f05506d8c33f5148f04191988867d36a" />
	</machine>
	<machine name="mampf2">
		<description>Mampf Man II</description>
		<year>1983</year>
		<publisher>TCS</publisher>
		<rom name="mampfman2.cas" size="17071" crc="7271468e" sha1="94263f254813b9a2368169e6b5a65ef9a70935fb" />
	</machine>
	<machine name="martianr">
		<description>Martian Rescue</description>
		<year>1983</year>
		<publisher>Ipswich Software Factory</publisher>
		<rom name="martian_rescue_part1.cas" size="3022" crc="8d5ffce6" sha1="aa9611c147d8c545023187a86976d0ceb1e305cc" />
		<rom name="martian_rescue_part2.cas" size="8707" crc="02eef20e" sha1="f7e935fcf73630b364daa26c6fb870b3eb4e88ee" />
	</machine>
	<machine name="mauer">
		<description>Mauer</description>
		<year>1983</year>
		<publisher>&lt;unknown&gt;</publisher>
		<rom name="mauer.cas" size="8219" crc="4cdd4b14" sha1="a24cf2d5198f510b059175ed9da41545ec77e2ed" />
	</machine>
	<machine name="mazechas">
		<description>Maze Chaser</description>
		<year>198?</year>
		<publisher>Superb Software</publisher>
		<rom name="maze_chaser.cas" size="3849" crc="7e2dbe6b" sha1="78c7192a1b5dddf34a70835ad6a991dd2dfd36a8" />
	</machine>
	<machine name="mazeman">
		<description>Maze Man</description>
		<year>1983</year>
		<publisher>&lt;unknown&gt;</publisher>
		<rom name="maze_man.cas" size="3893" crc="8c2b443f" sha1="f838fe9c0eab8124e4c11439cd7bc0f252aca0a1" />
	</machine>
	<machine name="mctapec">
		<description>M/C Tape Copier</description>
		<year>1983</year>
		<publisher>Gumboot Software</publisher>
		<rom name="mc_tape_copier.cas" size="811" crc="79ebc27b" sha1="3d0de95e403723acb5af343b7e93fb1a1446dc31" />
	</machine>
	<machine name="megapede">
		<description>Megapede</description>
		<year>1984</year>
		<publisher>Timo Pohl</publisher>
		<rom name="mega84.cas" size="14627" crc="e9eb70ca" sha1="eba49ce24914931a6461f93ef55c5a0d2dbec565" />
	</machine>
	<machine name="meteor32">
		<description>Meteor (32k)</description>
		<year>1983</year>
		<publisher>TCS</publisher>
		<rom name="meteor_32k.cas" size="8678" crc="304b7dd5" sha1="66bb229467f7f613a34e2000c0a05e8bc6c9292f" />
	</machine>
	<machine name="meteor">
		<description>Meteor</description>
		<year>1983</year>
		<publisher>TCS</publisher>
		<rom name="meteor.cas" size="8664" crc="196bd713" sha1="b4f297690ca6a92bbac5c5b8fb062ba066f76ca7" />
	</machine>
	<machine name="micronop">
		<description>Micronopoly</description>
		<year>1983</year>
		<publisher>JD Tronics</publisher>
		<rom name="micronopoly_part1.cas" size="2599" crc="7f9132c5" sha1="4f9025f77ced85a233c36e3b073f46557bb5312b" />
		<rom name="micronopoly_part2.cas" size="21165" crc="73983a6d" sha1="57d343b8cb4468e51d29ab64c458b4dd10e30e84" />
	</machine>
	<machine name="milliped">
		<description>Millipede</description>
		<year>1984</year>
		<publisher>Gonzalo</publisher>
		<rom name="millipede.cas" size="3643" crc="6cc25a76" sha1="db48df71f579359cd86cf9f51a249738b7a6a989" />
	</machine>
	<machine name="monroe">
		<description>Unknown (data?)</description>
		<year>198?</year>
		<publisher>&lt;unknown&gt;</publisher>
		<rom name="monroe.cas" size="4234" crc="4a3f4fc6" sha1="09fc4317e99f8d6e2dc9c895be8f09f1a2999ce6" />
	</machine>
	<machine name="mordzepp">
		<description>Mord im Zeppelin</description>
		<year>198?</year>
		<publisher>Scholz Baeumner Schaffarzik (SBS)</publisher>
		<rom name="mord_im_zeppelin.cas" size="16009" crc="6b58fc55" sha1="cf8ed9f6b5dc0045394ec6938130e61519e5a8f4" />
	</machine>
	<machine name="motten">
		<description>Motten</description>
		<year>1982</year>
		<publisher>TCS</publisher>
		<rom name="motten.cas" size="14666" crc="bff4ae32" sha1="22114d7b772c5d9423f54a263eac7d4ccdf6a6d7" />
	</machine>
	<machine name="musik">
		<description>Musik</description>
		<year>1983</year>
		<publisher>TCS</publisher>
		<rom name="musik.cas" size="15675" crc="d3cf8484" sha1="16b05a3801e20992b984c2640f284027bb5adf89" />
	</machine>
	<machine name="mystad1">
		<description>Mysterious Adventures No. 1: The Golden Baton</description>
		<year>1982</year>
		<publisher>Molimerx Ltd</publisher>
		<rom name="mysterious_adventures_1_the_golden_baton.cas" size="14142" crc="e92f427d" sha1="8adb3fd417b4f427fa790846427bb912c768115e" />
	</machine>
	<machine name="mystad2">
		<description>Mysterious Adventures No. 2: The Time Machine</description>
		<year>1982</year>
		<publisher>Molimerx Ltd</publisher>
		<rom name="mysterious_adventures_2_the_time_machine.cas" size="14144" crc="ee33066e" sha1="2ea2a8cc1ca2e32e54f1c5b03093489d9e19893c" />
	</machine>
	<machine name="mystad3">
		<description>Mysterious Adventures No. 3: Arrow of Death (Pt. 1)</description>
		<year>1982</year>
		<publisher>Molimerx Ltd</publisher>
		<rom name="mysterious_adventures_3_arrow_of_death_pt_1.cas" size="14142" crc="5a26e79d" sha1="877dc5469a5ddf9f64999937a89beb19aec195fb" />
	</machine>
	<machine name="mystad6">
		<description>Mysterious Adventures No. 6: Circus</description>
		<year>1982</year>
		<publisher>Molimerx Ltd</publisher>
		<rom name="mysterious_adventures_6_circus.cas" size="14142" crc="2dc62f1d" sha1="53aba7c053e988379a206e558224691efcad87a8" />
	</machine>
	<machine name="mysttave">
		<description>Mysterious Tavern</description>
		<year>198?</year>
		<publisher>Scholz Baeumner Schaffarzik (SBS)</publisher>
		<rom name="mysterious_tavern.cas" size="16067" crc="ac5c9138" sha1="cf6b7a71e620902648ec71b1348acd66b7d8fa37" />
	</machine>
	<machine name="natomors">
		<description>Nato Morsing Standard Code</description>
		<year>1983</year>
		<publisher>&lt;unknown&gt;</publisher>
		<rom name="nato_morsing.cas" size="6725" crc="82256162" sha1="7fb1841bcf577a2b1fee3eefe4314bd893ad1ecf" />
	</machine>
	<machine name="ne555">
		<description>NE555 timer chip information and calculator</description>
		<year>1983</year>
		<publisher>TCS</publisher>
		<rom name="ne555.cas" size="15266" crc="25a880ad" sha1="84768dc4aa55b3f904a3db49c001f8555740f34f" />
	</machine>
	<machine name="netzo">
		<description>Netzo</description>
		<year>1983</year>
		<publisher>TCS</publisher>
		<rom name="netzo.cas" size="15026" crc="7078e42e" sha1="8bfbe9e8fff3f4f9e1a4279f9d1bec26a1d5fa29" />
	</machine>
	<machine name="nodos80">
		<description>NODOS 80</description>
		<year>198?</year>
		<publisher>&lt;unknown&gt;</publisher>
		<rom name="nodos80.cas" size="3030" crc="0f0bae5e" sha1="02140862076c6577a38c0945e63ee88bd292a0b5" />
	</machine>
	<machine name="numberup">
		<description>Numbers Up Shoot Out</description>
		<year>1984</year>
		<publisher>&lt;unknown&gt;</publisher>
		<rom name="numbers_up_shoot_out.cas" size="4300" crc="4fbbdedf" sha1="cb5fcf2f25ebb049d9671f021ca617ac36b1058c" />
	</machine>
	<machine name="numberupa">
		<description>Numbers Up Shoot Out (Alt)</description>
		<year>1984</year>
		<publisher>&lt;unknown&gt;</publisher>
		<rom name="numbers_up_shoot_out_alt.cas" size="4408" crc="f46e2163" sha1="5e343536490549453eea58c84f7779f1c873982b" />
	</machine>
	<machine name="orgel">
		<description>Orgel</description>
		<year>1982</year>
		<publisher>TCS</publisher>
		<rom name="orgel.cas" size="14945" crc="96720b1f" sha1="0814fb5a382316b4c6c941e433f45f24e4d81105" />
	</machine>
	<machine name="pacboy">
		<description>Pac Boy</description>
		<year>1984</year>
		<publisher>Heinz Hübben Software Verlag</publisher>
		<rom name="pac_boy.cas" size="13412" crc="3f9d780b" sha1="fb6da292a700917cf687d9e00493ea2b6b53567e" />
	</machine>
	<machine name="pacman">
		<description>Pacman</description>
		<year>1984</year>
		<publisher>&lt;unknown&gt;</publisher>
		<rom name="pacman.cas" size="11423" crc="aef392a7" sha1="e856dc0f8bff2bc1e0a5625e4c0b5402dca96d3c" />
	</machine>
	<machine name="palacem">
		<description>Palace of Ming</description>
		<year>1984</year>
		<publisher>Cooperated Software</publisher>
		<rom name="palace_of_ming_part1.cas" size="4723" crc="c6c2ab2d" sha1="2aa7971670ba3edb511312642bf5e1b643c02de5" />
		<rom name="palace_of_ming_part2.cas" size="14675" crc="e8a48700" sha1="4733fd624dfede24569c030b95f4ab253fb263a7" />
	</machine>
	<machine name="panik">
		<description>Panik</description>
		<year>1982</year>
		<publisher>TCS</publisher>
		<rom name="panik.cas" size="10687" crc="aaede4b2" sha1="00a71dbdd2d5e5503edbe0601afe6470cc1a6941" />
	</machine>
	<machine name="peng">
		<description>Peng</description>
		<year>198?</year>
		<publisher>TCS</publisher>
		<rom name="peng.cas" size="189" crc="fa181451" sha1="8b99f5a78b36e18941a2db3924082bb75a35728c" />
	</machine>
	<machine name="plato">
		<description>Plato</description>
		<year>198?</year>
		<publisher>Gumboot Software</publisher>
		<rom name="plato.cas" size="4349" crc="d190456d" sha1="9070a2bd778121e6eaf6ebd520bfd0d4357cf087" />
	</machine>
	<machine name="plotter25">
		<description>Plotter 2.5</description>
		<year>1983</year>
		<publisher>TCS</publisher>
		<rom name="plotter_25.cas" size="7919" crc="5374ce34" sha1="3dd154e672b00040b1f214101f130c21d36c71e7" status="baddump" />
	</machine>
	<machine name="pointcha">
		<description>Point Chase</description>
		<year>1983</year>
		<publisher>&lt;unknown&gt;</publisher>
		<rom name="point_chase.cas" size="4598" crc="bcd77040" sha1="78ddf40b7d07c6f7512cf161e6d0ba2ca1962290" />
	</machine>
	<machine name="polepos">
		<description>Pole Position</description>
		<year>1984</year>
		<publisher>&lt;unknown&gt;</publisher>
		<rom name="pole_position.cas" size="14362" crc="cfd0d6ce" sha1="bfced1e2d8128d38b4657c330ff67037759de832" />
	</machine>
	<machine name="primzahl">
		<description>Primzahlsuche</description>
		<year>198?</year>
		<publisher>&lt;unknown&gt;</publisher>
		<rom name="primzahl.cas" size="265" crc="fab5342c" sha1="50ff9a026009c37a36be786c4d002d71dd7fd91b" />
	</machine>
	<machine name="progmod">
		<description>Programm-Modifizierer</description>
		<year>198?</year>
		<publisher>&lt;unknown&gt;</publisher>
		<rom name="programm_modifizierer.cas" size="669" crc="89dd8429" sha1="6c07fb60ebca8d3b44f5f4404dd745c79eb5e3bf" />
	</machine>
	<machine name="protheus">
		<description>Protheus Schach</description>
		<year>1983</year>
		<publisher>&lt;unknown&gt;</publisher>
		<rom name="protheus_schach.cas" size="10900" crc="afaf88b1" sha1="56e9eeb426aafa8673f5722d7cf39c08364a9bce" />
	</machine>
	<machine name="psgdemo">
		<description>PSG-Demo</description>
		<year>????</year>
		<publisher>&lt;unknown&gt;</publisher>
		<rom name="psgdemo.cas" size="554" crc="72862969" sha1="bf33cd2a242af2e1d3c7e51c3596ba31c5e95fef" />
	</machine>
	<machine name="puckman">
		<description>Puckman</description>
		<year>1983</year>
		<publisher>JD Tronics</publisher>
		<rom name="puckman_part1.cas" size="5836" crc="40d0ea9d" sha1="7c67510c2b6f4d8acf42d05af714176fa894776f" />
		<rom name="puckman_part2.cas" size="8786" crc="ae609eb7" sha1="88382bb5a4d19b9b3c1a06a225de7fd1fbd117e9" />
	</machine>
	<machine name="punktej">
		<description>Punktejagd</description>
		<year>198?</year>
		<publisher>&lt;unknown&gt;</publisher>
		<rom name="punktejagd.cas" size="12723" crc="cf8d2338" sha1="6039fcf9ce92afef485285fa821ad64e53ddf48b" />
	</machine>
	<machine name="punter">
		<description>Punter</description>
		<year>1984</year>
		<publisher>Gumboot Software</publisher>
		<rom name="punter.cas" size="9571" crc="621e8bee" sha1="16a55bd4152fdf3f49c00a014cd12a05ef91b8ec" />
	</machine>
	<machine name="qman">
		<description>Q*Man</description>
		<year>1984</year>
		<publisher>Schmidtke Software / Arcade Games</publisher>
		<rom name="q_man.cas" size="15679" crc="329eae74" sha1="f41765b35871341d2040c21713a51186318a452c" />
	</machine>
	<machine name="quandry">
		<description>Quandry</description>
		<year>1984</year>
		<publisher>Omega Software</publisher>
		<rom name="quandry.cas" size="1538" crc="50496f50" sha1="3a8171224d0d21658488bcecd2d1aac43219ce5e" />
	</machine>
	<machine name="quasimo">
		<description>Quasimodo</description>
		<year>1984</year>
		<publisher>Kingsoft</publisher>
		<rom name="quasimodo_part1.cas" size="6119" crc="c7602cb9" sha1="241b5e207423c7acd0d6cbe95fb891fd4c773284" />
		<rom name="quasimodo_part2.cas" size="11230" crc="a4831e03" sha1="b0a3cfab075df61393bee9ad2588c9abd9a4fb0d" />
	</machine>
	<machine name="racing">
		<description>Racing</description>
		<year>1984</year>
		<publisher>Gumboot Software</publisher>
		<rom name="racing.cas" size="9133" crc="ef390d94" sha1="45b69ff1221a369528a050be51cbf9d3d09435fc" />
	</machine>
	<machine name="racingd">
		<description>Racing Driver</description>
		<year>1982</year>
		<publisher>Molimerx Ltd</publisher>
		<rom name="racing_driver.cas" size="5840" crc="ff756596" sha1="5f5e866de2267b5073b78c4a4119cbe65332e411" />
	</machine>
	<machine name="realcomp">
		<description>Real-Compiler</description>
		<year>198?</year>
		<publisher>MM-Software</publisher>
		<rom name="real-compiler.cas" size="6574" crc="6039fc15" sha1="32caf3be70be33ec59b43330b01cd544bc651073" />
	</machine>
	<machine name="roulette">
		<description>Roulette</description>
		<year>1982</year>
		<publisher>&lt;unknown&gt;</publisher>
		<rom name="roulette.cas" size="8775" crc="6c25fee4" sha1="27d2f1dc2ed3e894d3517039464b869991cb1bfc" status="baddump" />
	</machine>
	<machine name="rs232">
		<description>RS-232 Treiberprogramm</description>
		<year>198?</year>
		<publisher>&lt;unknown&gt;</publisher>
		<rom name="rs232_treiber_programm.cas" size="245" crc="af255c9f" sha1="1dc5a336b43a6e886d50d1a10d5ef92cccdf6d8e" />
	</machine>
	<machine name="santapar">
		<description>Santa Paravia und Fuimaccio</description>
		<year>1984</year>
		<publisher>TCS</publisher>
		<rom name="santa.cas" size="13860" crc="082f657b" sha1="5fc0b26380d705a63a427e71348ef8a92ce7c7e5" />
	</machine>
	<machine name="saug">
		<description>Saug</description>
		<year>1983</year>
		<publisher>TCS</publisher>
		<rom name="saug.cas" size="11921" crc="fb9b1600" sha1="fcfb22926d6363235e9a1764d9429f40789e9ef0" />
	</machine>
	<machine name="schnick">
		<description>Schnick Schnack Schnuck</description>
		<year>1986</year>
		<publisher>&lt;unknown&gt;</publisher>
		<rom name="schnick_schnack_schnuck.cas" size="10666" crc="1a6c4b26" sha1="a95ffb94e894fc2c74f95906d5ac2c6263c026b5" />
	</machine>
	<machine name="screened">
		<description>Screen Editor (incl. Adventure screen)</description>
		<year>198?</year>
		<publisher>&lt;unknown&gt;</publisher>
		<rom name="screen_editor.cas" size="1701" crc="fb8352cc" sha1="202d7c91b6fc12a0a3b0ecc8adfb9b40cc091cdc" />
	</machine>
	<machine name="scuttle">
		<description>Scuttle</description>
		<year>198?</year>
		<publisher>&lt;unknown&gt;</publisher>
		<rom name="scuttle.cas" size="14942" crc="7f0ffd52" sha1="544304cb3e8a4c44472a578b16533ed1092213a6" />
	</machine>
	<machine name="shaper">
		<description>Shaper: Shape Table Editor</description>
		<year>1983</year>
		<publisher>&lt;unknown&gt;</publisher>
		<rom name="shaper_shape_table_editor.cas" size="8803" crc="600a0c4b" sha1="5588207df56dca6005515e22af7f2a7747568ff2" status="baddump" />
	</machine>
	<machine name="shifttra">
		<description>Shift Transformation</description>
		<year>198?</year>
		<publisher>&lt;unknown&gt;</publisher>
		<rom name="shifttra.cas" size="386" crc="76790c33" sha1="0ec0022eeb014e7b9951d6ce774f42b74e3b047a" />
	</machine>
	<machine name="skramble">
		<description>Skramble</description>
		<year>1983</year>
		<publisher>Algray Software</publisher>
		<rom name="skramble.cas" size="11071" crc="c64db1ee" sha1="b86274ac2700556b3694fd11c6469a94f6bb83cb" />
	</machine>
	<machine name="skramblea">
		<description>Skramble (alt)</description>
		<year>1983</year>
		<publisher>Algray Software</publisher>
		<rom name="skramble_alt.cas" size="21975" crc="bcab3ef0" sha1="743cea96915b0893f9d1e15dbbe62d23672535ab" />
	</machine>
	<machine name="snakesn">
		<description>Snake Snatch</description>
		<year>198?</year>
		<publisher>&lt;unknown&gt;</publisher>
		<rom name="snake_snatch.cas" size="5658" crc="63cc913e" sha1="ec2cdd23ada76e9ff95bac91b7aee9432596bc63" />
	</machine>
	<machine name="softband">
		<description>Soft-Bandit</description>
		<year>1983</year>
		<publisher>&lt;unknown&gt;</publisher>
		<rom name="soft-bandit.cas" size="4361" crc="450e59f1" sha1="ae8dbfd4df3d8620bade71eb06c4f046c9c184fa" />
	</machine>
	<machine name="softschu">
		<description>Software-Schutz</description>
		<year>1983</year>
		<publisher>Harald Bögeholz</publisher>
		<rom name="software_schutz.cas" size="1014" crc="513b8827" sha1="5fae05bf09d028d902c02aedcd6ee885a3482910" />
	</machine>
	<machine name="sounded">
		<description>Sound Editor</description>
		<year>1983</year>
		<publisher>TCG</publisher>
		<rom name="sound_editor.cas" size="3661" crc="b0eca68e" sha1="2da550aec4e440e4f980bc7efb64fee158618bc7" />
	</machine>
	<machine name="spaceatt">
		<description>Space Attack</description>
		<year>1984</year>
		<publisher>TCC</publisher>
		<rom name="space_attack.cas" size="7642" crc="7132e31a" sha1="6e304b85a074db74f5ad977eaa26941c6a3f8ce6" />
	</machine>
	<machine name="spacefig">
		<description>Space-Fight</description>
		<year>1984</year>
		<publisher>&lt;unknown&gt;</publisher>
		<rom name="space_fight.cas" size="7983" crc="a7fec2fb" sha1="0c5718e5f052600338672cd287ef703b63937326" />
	</machine>
	<machine name="spaceman">
		<description>Spaceman</description>
		<year>198?</year>
		<publisher>&lt;unknown&gt;</publisher>
		<rom name="spaceman.cas" size="11654" crc="ac7719ea" sha1="3770fff657839c824632579c749c42315da1bfc3" />
	</machine>
	<machine name="spacesha">
		<description>Space Shares</description>
		<year>198?</year>
		<publisher>&lt;unknown&gt;</publisher>
		<rom name="space_shares.cas" size="7918" crc="0a49a5a3" sha1="55f1e64cb3b13bcde3fb0ea65931f8e928407882" />
	</machine>
	<machine name="spellpic">
		<description>Spell A Picture</description>
		<year>1983</year>
		<publisher>Gumboot Software</publisher>
		<rom name="spell_a_picture.cas" size="13345" crc="eb00247e" sha1="9014e7bcea18dc4918e6a427f8083e50c836edd4" />
	</machine>
	<machine name="spriteed">
		<description>Sprite-Editor</description>
		<year>1983</year>
		<publisher>&lt;unknown&gt;</publisher>
		<rom name="sprite-editor.cas" size="2268" crc="41d3de9e" sha1="a325ba0b8880b61adc23070d6f417d410e2083ce" />
	</machine>
	<machine name="sstartrk">
		<description>Super Star Treck</description>
		<year>198?</year>
		<publisher>&lt;unknown&gt;</publisher>
		<rom name="super_star_treck.cas" size="16473" crc="f643147f" sha1="c7eb591be00b14a0fed594535f68953e2896bd24" />
	</machine>
	<machine name="startrek">
		<description>Star Trek</description>
		<year>1984</year>
		<publisher>Gumboot Software</publisher>
		<rom name="star_trek.cas" size="19351" crc="84bda7ca" sha1="e9579cdecd2a7cf19ac96d76facad50fa9f630c5" />
	</machine>
	<machine name="stockmar">
		<description>Stockmarket Simulation</description>
		<year>198?</year>
		<publisher>&lt;unknown&gt;</publisher>
		<rom name="stockmarket_simulation.cas" size="8271" crc="12047cae" sha1="132333bbb36cbdd425033b34af82d3427ca65c91" />
	</machine>
	<machine name="superbas">
		<description>Super-Basic</description>
		<year>198?</year>
		<publisher>Heinz Hübben Software Verlag</publisher>
		<rom name="super_basic.cas" size="7613" crc="e78f06c4" sha1="92c0244528aec223ab8280f85d0adec614c38380" />
	</machine>
	<machine name="supergen">
		<description>Super Gen v2</description>
		<year>198?</year>
		<publisher>Superb Software</publisher>
		<rom name="super_gen_v2.cas" size="6499" crc="9ab234ad" sha1="7f0412e5d9a102e268a26efc2cf0d89656355d68" />
	</machine>
	<machine name="supergra">
		<description>Super-Grafik</description>
		<year>1984</year>
		<publisher>The Colour Connection</publisher>
		<rom name="super_grafik.cas" size="24406" crc="3a587f5b" sha1="16168e5db18eae1f7755eba92cd40f017b500e15" />
	</machine>
	<machine name="superhrn">
		<description>Superhirn</description>
		<year>198?</year>
		<publisher>TTS</publisher>
		<rom name="superhirn.cas" size="7974" crc="83639092" sha1="b96923d641572626dc4cec5c2e5c8077cf2e8e65" />
	</machine>
	<machine name="swag">
		<description>Swag!</description>
		<year>1985</year>
		<publisher>Arcade Games</publisher>
		<rom name="swag.cas" size="14603" crc="0e3752db" sha1="43fb0bdb0b7ca0ca63ea5bedb70c8383f7240966" />
	</machine>
	<machine name="synthi">
		<description>Synthesizer (TCS)</description>
		<year>1983</year>
		<publisher>TCS</publisher>
		<rom name="synthesizer.cas" size="6964" crc="e8338e8a" sha1="66ba121a611acdcf3a96a84dad39ff6c15ae97ba" />
	</machine>
	<machine name="synthy">
		<description>Synthy</description>
		<year>1984</year>
		<publisher>&lt;unknown&gt;</publisher>
		<rom name="synthy.cas" size="2094" crc="0fe53b80" sha1="07a5ea51cc550e3635a90e05f907d4f008429832" />
	</machine>
	<machine name="syscopy">
		<description>System Copy</description>
		<year>198?</year>
		<publisher>&lt;unknown&gt;</publisher>
		<rom name="system_copy.cas" size="2039" crc="da509486" sha1="492cd7ccfc72bac0f680509518f886aec27b2b3b" />
	</machine>
	<machine name="tapedisk">
		<description>Tape-Disk Converter 1.11</description>
		<year>198?</year>
		<publisher>&lt;unknown&gt;</publisher>
		<rom name="tape-disk_converter_111.cas" size="1488" crc="7a5015ef" sha1="b6b7698f8bda8465df5a0f66a9ad1fd108ee8070" />
	</machine>
	<machine name="tapeedit">
		<description>Tape-Edit</description>
		<year>1983</year>
		<publisher>TCS</publisher>
		<rom name="tape-edit.cas" size="1900" crc="88f886f2" sha1="a95b6277593d1c73f6441847a1d92f07483c4bf7" />
	</machine>
	<machine name="tarnsman">
		<description>Tarnsman of Gor</description>
		<year>1984</year>
		<publisher>&lt;unknown&gt;</publisher>
		<rom name="tarnsman_of_gor_part1.cas" size="4677" crc="d8ae6435" sha1="cd58ccd69c00a81a0b741ca5f84fbd639cc3fc48" />
		<rom name="tarnsman_of_gor_part2.cas" size="17190" crc="6454f9a4" sha1="946847594f94ebcfda35f6ae27472f6ec0f42548" status="baddump" />
	</machine>
	<machine name="tausend">
		<description>Tausendfuss</description>
		<year>1983</year>
		<publisher>TCS</publisher>
		<rom name="tausendfuss.cas" size="3945" crc="ab2ee9d1" sha1="a17c7549469b1f4232c3caacd2069a22729fce7c" />
	</machine>
	<machine name="tausenda">
		<description>Tausendfuss (no autostart)</description>
		<year>1983</year>
		<publisher>TCS</publisher>
		<rom name="tausendfuss_noauto.cas" size="3858" crc="be2dc26b" sha1="a6048eac7691cca43838df62b7fd52f006f81aa6" />
	</machine>
	<machine name="terry">
		<description>Terry's Travels</description>
		<year>1983</year>
		<publisher>Algray Software</publisher>
		<rom name="terrys_travels.cas" size="15322" crc="c2ae5a8e" sha1="d00455a4fbd402f972f870274e9f3d89f2f262d8" />
	</machine>
	<machine name="theword">
		<description>The Word 1.2</description>
		<year>1985</year>
		<publisher>JD Tronics</publisher>
		<rom name="the_word_v12.cas" size="16249" crc="75ea49ab" sha1="1563ebf2e06a952142c4b34012a33acd7515dc68" />
	</machine>
	<machine name="toadman">
		<description>Toad Mania</description>
		<year>1983</year>
		<publisher>Gumboot Software</publisher>
		<rom name="toad_mania.cas" size="9395" crc="b2884bab" sha1="e68c118b4cc3cd7eb2fc5cdeaee1c3c4c5e355fc" />
	</machine>
	<machine name="tohell">
		<description>To Hell And Back</description>
		<year>1986</year>
		<publisher>Battle-Soft</publisher>
		<rom name="to_hell_and_back_part1.cas" size="1500" crc="8e7bd060" sha1="2381025f066a78916ee28e63864ed3ccce721525" />
		<rom name="to_hell_and_back_part2.cas" size="758" crc="3ca238a7" sha1="d77056e16c15800646a0e2b3ced08e5b5b1e8768" />
		<rom name="to_hell_and_back_part3.cas" size="4225" crc="6b2eab58" sha1="b51031832fa4d4018a1fdf881380af883b3f833e" />
		<rom name="to_hell_and_back_part4.cas" size="4225" crc="611d0b71" sha1="3d5839243e7dda98d7cae354d9b8166b6de099f9" />
		<rom name="to_hell_and_back_part5.cas" size="11334" crc="cd501fbd" sha1="471a0cd6914f7a244b67de8ae5bbac39aee3c029" />
	</machine>
	<machine name="topworld">
		<description>Top of the World Music Demo</description>
		<year>????</year>
		<publisher>&lt;unknown&gt;</publisher>
		<rom name="top_of_the_world_music_demo.cas" size="7890" crc="58ee3ef8" sha1="41312cfe79b49f8551640c1f327917ea62dfdedd" />
	</machine>
	<machine name="tracemon">
		<description>Tracemon</description>
		<year>1983</year>
		<publisher>Juergen Buchmueller</publisher>
		<rom name="tracemon.cas" size="8418" crc="0d94e6d9" sha1="aeadec0c59596abf5ed1d6775117df7e810698ce" />
	</machine>
	<machine name="transist">
		<description>Die Physik des Transistors</description>
		<year>198?</year>
		<publisher>&lt;unknown&gt;</publisher>
		<rom name="transist.cas" size="17693" crc="8a4906d4" sha1="dd5e5155fa4f7112d628e1a7841ca30406659df0" />
	</machine>
	<machine name="trashman">
		<description>Trash-Man</description>
		<year>1983</year>
		<publisher>Schmidtke Electronic</publisher>
		<rom name="trash-man.cas" size="24633" crc="a4242319" sha1="dd68375cac1f5ba688c4e428baae53a7ead5c66e" />
	</machine>
	<machine name="triton">
		<description>Triton Battle</description>
		<year>19??</year>
		<publisher>Schmidtke Electronic</publisher>
		<rom name="triton_battle.cas" size="11779" crc="ff0d6909" sha1="262766aac3fea52e3ea47373923b8b2971552245" />
	</machine>
	<machine name="tron">
		<description>Tron</description>
		<year>198?</year>
		<publisher>&lt;unknown&gt;</publisher>
		<rom name="tron.cas" size="10717" crc="9a1ec45e" sha1="5b343b5c9fc9ed5e69f0401e35ea100f13c7dd30" />
	</machine>
	<machine name="ubootjag">
		<description>U-Boot-Jagd</description>
		<year>198?</year>
		<publisher>&lt;unknown&gt;</publisher>
		<rom name="uboot_jagd.cas" size="11533" crc="682aab0c" sha1="9a42c0c59c2447b3a028f634652c7a0a21741f80" />
	</machine>
	<machine name="uhrzeit">
		<description>Uhrzeit</description>
		<year>198?</year>
		<publisher>&lt;unknown&gt;</publisher>
		<rom name="uhrzeit.cas" size="237" crc="b7ef745f" sha1="80ffac03fbf2753420fd4e8b31d35316190d307e" />
	</machine>
	<machine name="unkchase">
		<description>Unknown Chase Game</description>
		<year>198?</year>
		<publisher>&lt;unknown&gt;</publisher>
		<rom name="unknown_chase_game.cas" size="844" crc="87e3020b" sha1="4ebd517f369a90f86008ddff9762dbf39afc4247" />
	</machine>
	<machine name="unkmulti">
		<description>Unknown multi-program tape</description>
		<year>198?</year>
		<publisher>&lt;unknown&gt;</publisher>
		<rom name="uhrcop_scrnprt.cas" size="1517" crc="1c2556a6" sha1="1fdf2762f14af3bd485389bbf001e600ba73fb8b" />
	</machine>
	<machine name="unksole">
		<description>Unknown Game by S. J. Sole</description>
		<year>198?</year>
		<publisher>&lt;unknown&gt;</publisher>
		<rom name="unknown_game_by_sj_sole.cas" size="1643" crc="1e78b799" sha1="b4cd230e6d01058b726586083d09c26771a38b5d" />
	</machine>
	<machine name="utpack2">
		<description>Utilities Package Ver. 2.0</description>
		<year>1983</year>
		<publisher>Algray Software</publisher>
		<rom name="utpack2.cas" size="3387" crc="b7a478ab" sha1="b210efec5d5eda0941b9b7ed3a97d13b7c252d7d" />
	</machine>
	<machine name="viergewi">
		<description>Vier Gewinnt</description>
		<year>1983</year>
		<publisher>&lt;unknown&gt;</publisher>
		<rom name="vier_gewinnt.cas" size="10689" crc="c15bcf55" sha1="cac52aec2887b3e079d97b6e692de718408bf0cf" />
	</machine>
	<machine name="vortex">
		<description>Vortex</description>
		<year>1984</year>
		<publisher>Heinz Hübben Software Verlag</publisher>
		<rom name="vortex.cas" size="15003" crc="086f07d2" sha1="bbe927f080d3b400b3ea81e00e077eb520834e06" />
	</machine>
	<machine name="whatrhym">
		<description>What's My Rhyme</description>
		<year>1984</year>
		<publisher>Gumboot Software</publisher>
		<rom name="whats_my_rhyme.cas" size="11855" crc="3364a9f2" sha1="3a05376d95f802ecc7fda88278e896576f811146" />
	</machine>
	<machine name="wordy">
		<description>Wordy</description>
		<year>198?</year>
		<publisher>Gumboot Software</publisher>
		<rom name="wordy.cas" size="11160" crc="1a287c02" sha1="a3c1e0d15f222a183622f46d62005a2fc27947dc" />
	</machine>
	<machine name="wurm">
		<description>Wurm</description>
		<year>1982</year>
		<publisher>TGC</publisher>
		<rom name="wurm.cas" size="8399" crc="90e8b8dc" sha1="f52adb9179d497e8c2a2c92bffc11bd74263b004" />
	</machine>
	<machine name="zalaga">
		<description>Zalaga</description>
		<year>1984</year>
		<publisher>TCS</publisher>
		<rom name="zalaga.cas" size="4228" crc="d9d9aa24" sha1="62e53a50fdb1c1ac844e88d7571296588feda7bf" />
	</machine>
	<machine name="zalagaa">
		<description>Zalaga (autostart)</description>
		<year>198?</year>
		<publisher>&lt;unknown&gt;</publisher>
		<rom name="zalaga_auto.cas" size="4334" crc="836706e0" sha1="7ae6c09548fecc206dc1c60017ee80dcff537fe3" />
	</machine>
	<machine name="zeichen2">
		<description>Zeicheneditor + (incl. SCREEN-Editor)</description>
		<year>1983</year>
		<publisher>TCS</publisher>
		<rom name="zeicheneditor_plus_2.cas" size="11167" crc="cb3c2089" sha1="77180baeddfbf8fff63488385984fcfd6e5ccbd0" />
	</machine>
	<machine name="zeichene">
		<description>Zeicheneditor +</description>
		<year>1983</year>
		<publisher>TCS</publisher>
		<rom name="zeicheneditor_plus.cas" size="9269" crc="806f9603" sha1="2d1d796ad1067a940ae180d19008e128f2ecb64b" />
	</machine>
	<machine name="zeichens">
		<description>Zeichensätze (incl. Screen-Printer)</description>
		<year>1983</year>
		<publisher>TCS</publisher>
		<rom name="zeichensaetze_with_screen_printer.cas" size="12107" crc="b04587f3" sha1="4b73ed1a1f0ed68b0630941bd8ca6d8b69369ec9" />
	</machine>
</datafile>