<?xml version="1.0" encoding="utf-8"?>
<!DOCTYPE datafile PUBLIC "-//Logiqx//DTD ROM Management Datafile//EN" "http://www.logiqx.com/Dats/datafile.dtd">
<datafile>
	<header>
		<name>digiblast_cart</name>
		<description>Nikko Entertainment B.V. / Grey Innovation digiBLAST cartridges</description>
		<version></version>
		<author></author>
	</header>
	<machine name="sbsp1">
		<description>Sponge Bob Square Pants 1 (Italy / Spain)</description>
		<year>2005</year>
		<publisher>Nikko Entertainment B.V. / Grey Innovation</publisher>
		<rom name="sponge bob square pants 1 (ita spa).bin" size="69206016" crc="56deccb3" sha1="251967cdc72cf06bb92957ecc3ad8a3b1573c91e" />
	</machine>
	<machine name="sonicx1">
		<description>Sonic X 1 (Italy / Spain)</description>
		<year>2005</year>
		<publisher>Nikko Entertainment B.V. / Grey Innovation</publisher>
		<rom name="sonic x 1 (ita esp).bin" size="69206016" crc="63c9ccc0" sha1="762a7b488a3c8b8ee37eaabf85245bfc3e71bbc3" />
	</machine>
	<machine name="totsp1">
		<description>Totally Spies! 1 (Italy)</description>
		<year>2005</year>
		<publisher>Nikko Entertainment B.V. / Grey Innovation</publisher>
		<rom name="totally spies 1 (ita).bin" size="69206016" crc="2f88baaf" sha1="5cda9f4844cd708e577426285a0d7f0024e83168" />
	</machine>
	<machine name="winx1">
		<description>Winx Club 1 (Italy / Spain)</description>
		<year>2005</year>
		<publisher>Nikko Entertainment B.V. / Grey Innovation</publisher>
		<rom name="winx club 1 (ita esp).bin" size="69206016" crc="a870766e" sha1="ade470b1e574761bf35254064b2437dccf1a3c2c" />
	</machine>
	<machine name="wxatari">
		<description>Winx Club + 5 Atari Games (Italy / Spain)</description>
		<year>2005</year>
		<publisher>Nikko Entertainment B.V. / Grey Innovation</publisher>
		<rom name="winx club + 5 atari games (ita esp).bin" size="69206016" crc="09897866" sha1="df1b42368ae776d9028a27796874d5830bfd38c2" />
	</machine>
	<machine name="yugi">
		<description>Yu-Gi-Oh! (Italy / Spain)</description>
		<year>2005</year>
		<publisher>Nikko Entertainment B.V. / Grey Innovation</publisher>
		<rom name="yu-gi-oh (ita esp).bin" size="69206016" crc="2494e958" sha1="76594cebc642c61afa84d20370b40d18e9aabc80" />
	</machine>
</datafile>