<?xml version="1.0" encoding="utf-8"?>
<!DOCTYPE datafile PUBLIC "-//Logiqx//DTD ROM Management Datafile//EN" "http://www.logiqx.com/Dats/datafile.dtd">
<datafile>
	<header>
		<name>electron_cart</name>
		<description>Acorn Electron cartridges</description>
		<version></version>
		<author></author>
	</header>
	<machine name="abr104">
		<description>Advanced Battery-Backed RAM v1.04</description>
		<year>1987</year>
		<publisher>Advanced Computer Products</publisher>
		<rom name="pres-abr-utils-1.04.rom" size="16384" crc="2c009b06" sha1="be245a32bba1f18614963587a61bcb622f404c95" />
	</machine>
	<machine name="abr">
		<description>Advanced Battery-Backed RAM v1.10</description>
		<year>1987</year>
		<publisher>Advanced Computer Products</publisher>
		<rom name="pres-abr-utils-1.10.rom" size="16360" crc="e5aec5c1" sha1="b0066d9ee83a9144eb5942f106776174ae5df0d9" />
	</machine>
	<machine name="ap5">
		<description>Advanced Plus 5</description>
		<year>1985</year>
		<publisher>Advanced Computer Products</publisher>
		<rom name="acp-tube-1.21.rom" size="8192" crc="63fb5a90" sha1="56c1f0ed4267ecd61f4e47ce9ac6954fc344bc3f" />
	</machine>
	<machine name="ap34">
		<description>Advanced Plus 3/4</description>
		<year>1988</year>
		<publisher>P.R.E.S.</publisher>
		<rom name="acp1770-dfs-2.20.rom" size="16384" crc="c42ef768" sha1="666f5dc77724ae5c625d2134b34dcee78073f0e3" />
		<rom name="pres-adfs-v1.15.rom" size="16384" crc="8f81edc3" sha1="32007425058a7b0f8bd5c17b3c22552aa3a03eca" />
	</machine>
	<machine name="click100">
		<description>Click v1.00</description>
		<year>1990</year>
		<publisher>Slogger</publisher>
		<rom name="click-1.00.rom" size="32768" crc="a47cfa73" sha1="d22a61a61cda401fe571f4741c53cfe61235ba00" />
	</machine>
	<machine name="click101">
		<description>Click v1.01</description>
		<year>1990</year>
		<publisher>Slogger</publisher>
		<rom name="click-1.01.rom" size="32768" crc="7b864336" sha1="a46ecc9da40976eeeb95a8823f42078a3a4ae491" />
	</machine>
	<machine name="click103">
		<description>Click v1.03</description>
		<year>1990</year>
		<publisher>Slogger</publisher>
		<rom name="click-1.03.rom" size="32768" crc="955b9d29" sha1="5fbe78d09b1b989c1ff3939a9d29f7597d0e66d9" />
	</machine>
	<machine name="click">
		<description>Click v1.04</description>
		<year>1990</year>
		<publisher>Slogger</publisher>
		<rom name="click-1.04.rom" size="32768" crc="aa16ba3d" sha1="03492c8cc0bfdb46ccb4a53caa28016b2d4e1cb2" />
	</machine>
	<machine name="commstar110">
		<description>Commstar E1.10</description>
		<year>1985</year>
		<publisher>PACE</publisher>
		<rom name="Commstar-E1.10.rom" size="16384" crc="e64f26a5" sha1="b39287ab6809ca0c1ef71dfdc10e717154141557" />
	</machine>
	<machine name="commstar">
		<description>Commstar E1.12</description>
		<year>1985</year>
		<publisher>PACE</publisher>
		<rom name="Commstar-E1.12.rom" size="16384" crc="61a1d49e" sha1="3776c972789cebacd1f92b6f3aa01c8b2c8bd505" />
	</machine>
	<machine name="ctodoom">
		<description>Countdown to Doom</description>
		<year>1984</year>
		<publisher>Acornsoft</publisher>
		<rom name="countdowntodoom_1.rom" size="16384" crc="f8720e7e" sha1="eb414b81760d38c0a0d58a34dc70c2462c12e23c" />
		<rom name="countdowntodoom_2.rom" size="16384" crc="bfad0059" sha1="421a4c6f1ecef42ebf7ddba9765e24eaeb8c20e2" />
	</machine>
	<machine name="cumana100">
		<description>Cumana Floppy Disc System v1.00</description>
		<year>1985</year>
		<publisher>Cumana</publisher>
		<rom name="cumana-dfs-1.00.rom" size="16384" crc="3d351cee" sha1="d6f7af671bf78b3ea7b9a235d47ef8b22b9bee31" />
	</machine>
	<machine name="cumana101">
		<description>Cumana Floppy Disc System v1.01</description>
		<year>1985</year>
		<publisher>Cumana</publisher>
		<rom name="cumana-dfs-1.01.rom" size="16384" crc="bc02e94a" sha1="8cbdbcc91516b4bbe6904db482f9fdaa34ca029d" />
	</machine>
	<machine name="cumana">
		<description>Cumana Floppy Disc System v1.02</description>
		<year>1985</year>
		<publisher>Cumana</publisher>
		<rom name="cumana-dfs-1.02.rom" size="16384" crc="44b21e47" sha1="1c5112d2e629f0e093a961c6348456e4ceac86e3" />
	</machine>
	<machine name="demo">
		<description>Electron Demonstration Cartridge</description>
		<year>198?</year>
		<publisher>Acorn</publisher>
		<rom name="electrondemonstrationcartridge.rom" size="16384" crc="4f4eb0be" sha1="c7514fc7204ab8ff34b4805cff1fdb187d87fe82" />
	</machine>
	<machine name="elksdp1">
		<description>ElkSD Plus 1</description>
		<year>2020</year>
		<publisher>Ramtop</publisher>
		<rom name="eswmmfs-1.44.rom" size="16384" crc="d7f1d4cd" sha1="52e39cc694e1a42e4a94dcd1c3a44aea02aed8ac" />
	</machine>
	<machine name="hopper">
		<description>Hopper</description>
		<year>1984</year>
		<publisher>Acornsoft</publisher>
		<rom name="hopper.rom" size="16384" crc="18db837e" sha1="fa3c6b17fd1ce2efd0115e370f6f6e0b528a05e2" />
	</machine>
	<machine name="lisp">
		<description>LISP</description>
		<year>1984</year>
		<publisher>Acornsoft</publisher>
		<rom name="lisp_1.rom" size="16384" crc="fda4c546" sha1="24c7062fc3666cd6814d72e417146e32eb995b04" />
		<rom name="lisp_2.rom" size="16384" crc="2eb56fc0" sha1="bdf09e553578d27a0cc202d409484dd8c2c3c085" />
	</machine>
	<machine name="logo">
		<description>Logo</description>
		<year>1985</year>
		<publisher>Acornsoft</publisher>
		<rom name="logo-v1.0e_1.rom" size="16384" crc="a0defcf9" sha1="57fdd30894679400cb7c10b331cefd1a2362aeae" />
		<rom name="logo-v1.0e_2.rom" size="16384" crc="753ab82e" sha1="9a22a865ae594a91f0c3c4a88861ae6050d025c3" />
	</machine>
	<machine name="mgc">
		<description>Mega Games Cartridge</description>
		<year>2017</year>
		<publisher>Retro Hardware</publisher>
		<rom name="mgc.rom" size="4194304" crc="cfeb80bc" sha1="064a44e8ac9a31cb300bda568b36162f9c1134d2" />
	</machine>
	<machine name="pascal">
		<description>ISO-Pascal</description>
		<year>1985</year>
		<publisher>Acornsoft</publisher>
		<rom name="pascal_1.rom" size="16384" crc="c4adeb8c" sha1="ed5226520136ffa1212317ad5ab9d09c2a04b88d" />
		<rom name="pascal_2.rom" size="16384" crc="3c368f1c" sha1="1b226ba8bf7bcc63d3f454c47f4c009f9dcac280" />
	</machine>
	<machine name="peg400">
		<description>Pegasus 400 v1.02</description>
		<year>1987</year>
		<publisher>Slogger</publisher>
		<rom name="pegasus400_dfs_slogger-v1.02.rom" size="16384" crc="52d4c45d" sha1="fb6c3adc719b1a2034ec15fc41ecc10345885449" />
	</machine>
	<machine name="peg4001">
		<description>Pegasus 400 v1.01</description>
		<year>1987</year>
		<publisher>Slogger</publisher>
		<rom name="pegasus400_dfs_slogger-v1.01.rom" size="16384" crc="54d79fa6" sha1="bd52bf5b741a760b5d20a753b217191d8958ca19" />
	</machine>
	<machine name="romp144_21">
		<description>ROMPlus-144 v2.1</description>
		<year>1988</year>
		<publisher>JAFA Systems</publisher>
		<rom name="romplus144-v2.1.rom" size="8192" crc="25c2503c" sha1="1eb89f06337f48f6f9bab8351541a6db48d6f573" />
	</machine>
	<machine name="romp144">
		<description>ROMPlus-144 v3.0</description>
		<year>1988</year>
		<publisher>JAFA Systems</publisher>
		<rom name="romplus144-v3.0.rom" size="8192" crc="2f738bff" sha1="682603274a5f8b36c4b1a43e44ede5235a92383c" />
	</machine>
	<machine name="seds100">
		<description>Slogger Electron Disk System v1.00</description>
		<year>1986</year>
		<publisher>Slogger</publisher>
		<rom name="sedfs-1.00.rom" size="16384" crc="4f28b0a6" sha1="e94aa15b2884c1fd2f7bfe81acc5942aa1faceb5" />
	</machine>
	<machine name="seds102">
		<description>Slogger Electron Disk System v1.02</description>
		<year>1986</year>
		<publisher>Slogger</publisher>
		<rom name="sedfs-1.02.rom" size="16384" crc="0a9570f4" sha1="84072e99aa755bec32165b04f5f19f4499e0ba4b" />
	</machine>
	<machine name="seds">
		<description>Slogger Electron Disk System v1.03</description>
		<year>1986</year>
		<publisher>Slogger</publisher>
		<rom name="sedfs-1.03.rom" size="16384" crc="186e84dd" sha1="7cb350b3291447331aaaed2c590f719115a7bfed" />
	</machine>
	<machine name="snapper">
		<description>Snapper</description>
		<year>1983</year>
		<publisher>Acornsoft</publisher>
		<rom name="snapper.rom" size="16384" crc="08befbda" sha1="7db762c705f64e91ab7fe8797e14d1213bc90de1" />
	</machine>
	<machine name="sndexp2">
		<description>Sound Expansion 2.0</description>
		<year>1988</year>
		<publisher>Project Expansions</publisher>
		<rom name="sound_expansion-2.0.rom" size="8192" crc="8b8a85c3" sha1="a438d19431782142b0c1b591d3c025716014bffc" />
	</machine>
	<machine name="sndexp3">
		<description>Sound Expansion 3.0</description>
		<year>1989</year>
		<publisher>Complex Software Systems</publisher>
		<rom name="sound_expansion-3.0.rom" size="16384" crc="65ebfb98" sha1="2e409b92c97cda34ff25c2951e5f799125fe7e32" />
	</machine>
	<machine name="sndexp">
		<description>Sound Expansion</description>
		<year>1988</year>
		<publisher>Project Expansions</publisher>
		<rom name="sound_expansion-1.00.rom" size="8192" crc="01a43480" sha1="9f570abbff97e6615a29c9d2de5ec9f37d22c564" />
	</machine>
	<machine name="sp64">
		<description>Stop Press 64</description>
		<year>1991</year>
		<publisher>Slogger</publisher>
		<rom name="stoppress64-1.00.rom" size="32768" crc="4918221c" sha1="f185873106e7e7225b2e0c718803dc1ec4ebc685" />
	</machine>
	<machine name="spellview">
		<description>Starspell &amp; View</description>
		<year>1989</year>
		<publisher>Slogger</publisher>
		<rom name="starspell-1.00.rom" size="16384" crc="765a71f3" sha1="a02a8ac35aaafef27a1911161c3c06b509ad56a4" />
		<rom name="view-v1.0e.rom" size="16384" crc="5bdea2dd" sha1="64a12be5a1bbcf5bd003f38feb98e0eeafd601ee" />
	</machine>
	<machine name="spellword">
		<description>Starspell &amp; Starword</description>
		<year>1989</year>
		<publisher>Slogger</publisher>
		<rom name="starspell-1.00.rom" size="16384" crc="765a71f3" sha1="a02a8ac35aaafef27a1911161c3c06b509ad56a4" />
		<rom name="starword-1.01.rom" size="16384" crc="eee36568" sha1="ba9d6c11d3875a94ec76a529693ced34b283bd50" />
	</machine>
	<machine name="sshipcom">
		<description>Starship Command</description>
		<year>1983</year>
		<publisher>Acornsoft</publisher>
		<rom name="starshipcommand_1.rom" size="16384" crc="e39ada2d" sha1="9dfa6d622e37d5115cbeaae9c9a4e978f85f2683" />
		<rom name="starshipcommand_2.rom" size="16384" crc="cc91f570" sha1="b51a49717d43676c6cfc14be80f54202b4875607" />
	</machine>
	<machine name="starspell">
		<description>Starspell</description>
		<year>1989</year>
		<publisher>Slogger</publisher>
		<rom name="starspell-1.00.rom" size="16384" crc="765a71f3" sha1="a02a8ac35aaafef27a1911161c3c06b509ad56a4" />
	</machine>
	<machine name="stlefs">
		<description>Solidisk EFS 2.1E</description>
		<year>1985</year>
		<publisher>Solidisk</publisher>
		<rom name="stl-adfs-2.1e.rom" size="32768" crc="8582c9d9" sha1="4ceda3b551ae0198638b07c2b40b3a5ebffb1314" />
	</machine>
	<machine name="stopress">
		<description>Stop Press</description>
		<year>1987</year>
		<publisher>Slogger</publisher>
		<rom name="stoppress-1.9-1.rom" size="16384" crc="900716e1" sha1="1d6d219c51e8a2be305e69b8fecaa76d992d5ba2" />
		<rom name="stoppress-1.9-2.rom" size="16384" crc="559294a4" sha1="36645885d2fe2d5ec34453d944ccc4e72ee80a62" />
	</machine>
	<machine name="treeknow">
		<description>Tree of Knowledge</description>
		<year>1983</year>
		<publisher>Acornsoft</publisher>
		<rom name="treeofknowledge_1.rom" size="16384" crc="c09522e0" sha1="5b107be7a57a01b2719e9953e163f16825a026ab" />
		<rom name="treeofknowledge_2.rom" size="16384" crc="e21ea237" sha1="cc7b911e0e32866b8739144b198561753d0a89b4" />
	</machine>
	<machine name="tube">
		<description>Acorn Tube Interface (prototype)</description>
		<year>1984</year>
		<publisher>Acorn Computers</publisher>
		<rom name="elk-tube-1.21.rom" size="8192" crc="3f50b365" sha1="33f1ff07ba5feb8f6343de1db0d56f7adb2db856" />
	</machine>
	<machine name="upurs">
		<description>UPURS 1.0E</description>
		<year>2012</year>
		<publisher>Martin Barr</publisher>
		<rom name="upurs-1.0e.rom" size="16384" crc="128ce6bd" sha1="d836275efcd8d35aeb239abe1c71ea6f426dc45c" />
	</machine>
	<machine name="view">
		<description>View</description>
		<year>1984</year>
		<publisher>Acornsoft</publisher>
		<rom name="view-v1.0e.rom" size="16384" crc="5bdea2dd" sha1="64a12be5a1bbcf5bd003f38feb98e0eeafd601ee" />
	</machine>
	<machine name="vwsheet">
		<description>ViewSheet</description>
		<year>1984</year>
		<publisher>Acornsoft</publisher>
		<rom name="viewsheet-v1.0e.rom" size="16384" crc="356fe589" sha1="146b3fb6cc9843a64c4e29a69f80db8980fab043" />
	</machine>
</datafile>