<?xml version="1.0" encoding="utf-8"?>
<!DOCTYPE datafile PUBLIC "-//Logiqx//DTD ROM Management Datafile//EN" "http://www.logiqx.com/Dats/datafile.dtd">
<datafile>
	<header>
		<name>horizon</name>
		<description>NorthStar Horizon diskettes</description>
		<version></version>
		<author></author>
	</header>
	<machine name="010disk">
		<description>AUTOLOAD DOS &amp; BASIC, DOC - WORD PROCESSOR NORTHSTAR IN 5/20/85</description>
		<year>198?</year>
		<publisher>&lt;unknown&gt;</publisher>
		<rom name="010disk.nsi" size="179200" crc="8bc7ae20" sha1="69ff3a9639028689d52b0515ccbb96e89b09be27" />
	</machine>
	<machine name="011disk">
		<description>ARTICLE, SYNC BUSTER PRIME DISK 3/19/87</description>
		<year>198?</year>
		<publisher>&lt;unknown&gt;</publisher>
		<rom name="011disk.nsi" size="179200" crc="343800ef" sha1="8f4036c850455399e77821cf02c57e8538b54c2c" />
	</machine>
	<machine name="012disk">
		<description>WORD PROCESSOR FILES, ARTICLE - RBG MONITOR, NORTHSTAR IN 8/20/85</description>
		<year>198?</year>
		<publisher>&lt;unknown&gt;</publisher>
		<rom name="012disk.nsi" size="179200" crc="ed2f9eae" sha1="352d00ebfe37fdaa1a45c31816298a8aa59b9737" />
	</machine>
	<machine name="013disk">
		<description>AUTOLOAD DOS &amp; BASIC, REPORT, PEMBROOK, NORTHSTAR IN 3/26/84</description>
		<year>198?</year>
		<publisher>&lt;unknown&gt;</publisher>
		<rom name="013disk.nsi" size="179200" crc="ce73cbe1" sha1="b2f5e9e5055cb4954b12802d720f2fda05fadab7" />
	</machine>
	<machine name="014disk">
		<description>START 6/18/85, REPORT FILES #34</description>
		<year>198?</year>
		<publisher>&lt;unknown&gt;</publisher>
		<rom name="014disk.nsi" size="179200" crc="c23b0bf5" sha1="b447f28dd5fe9c901a4ef3ccbd15a5438d451b4a" />
	</machine>
	<machine name="015disk">
		<description>WORD PROCESSOR FILES, ARTICLES - RBG MONITOR, NORTHSTAR IN 5/20/85</description>
		<year>198?</year>
		<publisher>&lt;unknown&gt;</publisher>
		<rom name="015disk.nsi" size="179200" crc="5cb460b5" sha1="3ac8a7d59fefd64e64d40fc3ae4c061a0a43eb85" />
	</machine>
	<machine name="016disk">
		<description>DOS &amp; BASIC AUTOLOAD &amp; UTILITIES, STORE, PRINT, PRINT1, PRINT2, NORTHSTAR, IN 4/25/85, USE 3/12/85. USE 5/17/85</description>
		<year>198?</year>
		<publisher>&lt;unknown&gt;</publisher>
		<rom name="016disk.nsi" size="179200" crc="6ce81f89" sha1="49e000cd84c67152b709d862a6d0b1c5a52ce594" />
	</machine>
	<machine name="017disk">
		<description>VIDEO GAMES FILES, VIRGINIA, FUN-PUTT, IN 4/29/84, USE 5/17/85</description>
		<year>198?</year>
		<publisher>&lt;unknown&gt;</publisher>
		<rom name="017disk.nsi" size="179200" crc="73077f43" sha1="e8fab042e1ae961272ac847ac4d5026d465591cc" />
	</machine>
	<machine name="018disk">
		<description>DOS &amp; BASIC AUTOLOAD &amp; UTILITIES, STORE, PRINT, PRINT1, PRINT2, NORTHSTAR, IN 3/27/84</description>
		<year>198?</year>
		<publisher>&lt;unknown&gt;</publisher>
		<rom name="018disk.nsi" size="179200" crc="6ed7a490" sha1="072ac847381c98c3bdff5986008364ca0350ac1e" />
	</machine>
	<machine name="019disk">
		<description>VIDEO GAME FILES - 3/12/85, IN 4/24/84</description>
		<year>198?</year>
		<publisher>&lt;unknown&gt;</publisher>
		<rom name="019disk.nsi" size="179200" crc="5ece7133" sha1="02ab5b30db1d9b70557140ac4eb4f4a2a1a85ba8" />
	</machine>
	<machine name="020disk">
		<description>BAUDOT RTTY, IN 4/24/84</description>
		<year>198?</year>
		<publisher>&lt;unknown&gt;</publisher>
		<rom name="020disk.nsi" size="179200" crc="fc75979f" sha1="aa97590df2721e2ddb04ab935176d58644110152" />
	</machine>
	<machine name="021disk">
		<description>DOS &amp; BASIC AUTOLOAD W/CF, INVOICE &amp; BID, IN 3/26/84</description>
		<year>198?</year>
		<publisher>&lt;unknown&gt;</publisher>
		<rom name="021disk.nsi" size="179200" crc="543c37e3" sha1="0e42f8f772a43cede962fff81971690bec3e25e7" />
	</machine>
	<machine name="022disk">
		<description>VIDEO GAMES - FILE 6/1/84, NORTHSTAR, IN 4/24/84</description>
		<year>198?</year>
		<publisher>&lt;unknown&gt;</publisher>
		<rom name="022disk.nsi" size="179200" crc="c971df34" sha1="ee30af2da36470da1dc24036ee12cdfd7ac24c37" />
	</machine>
	<machine name="023disk">
		<description>VIDEO GAME FILES INCLUDING MASTER, NORTHSTAR, IN 3/27/84</description>
		<year>198?</year>
		<publisher>&lt;unknown&gt;</publisher>
		<rom name="023disk.nsi" size="179200" crc="72eef414" sha1="3529b3ad4e2857eb48564c3522e022e99122beb4" />
	</machine>
	<machine name="024disk">
		<description>AUTOLOAD DOS &amp; BASIC, BILLING SERVICE, NORTHSTAR, IN 6/23/84</description>
		<year>198?</year>
		<publisher>&lt;unknown&gt;</publisher>
		<rom name="024disk.nsi" size="179200" crc="1160c663" sha1="b078ca03fdd01743c7d63b86988adb47f7d55c09" />
	</machine>
	<machine name="025disk">
		<description>CHART OF ACCOUNTS - GENERAL LEDGER WITH DOS, BASIC, CF   DD, IN 4/24/84</description>
		<year>198?</year>
		<publisher>&lt;unknown&gt;</publisher>
		<rom name="025disk.nsi" size="179200" crc="f6108ce6" sha1="ccfbb6bdd3665396f6e231625a362947ebaa71b5" />
	</machine>
	<machine name="026disk">
		<description>AUTOLOAD DOS &amp; MODEM 3/30/84, NONWORKING DOS - SD?,   NORTHSTAR, IN 3/26/84</description>
		<year>198?</year>
		<publisher>&lt;unknown&gt;</publisher>
		<rom name="026disk.nsi" size="179200" crc="83b1b307" sha1="c2a465fccf531d422857f4409c0e4acd46603da8" />
	</machine>
	<machine name="027disk">
		<description>WORD PROCESSING, MIKE, BACKUP 6/23/84</description>
		<year>198?</year>
		<publisher>&lt;unknown&gt;</publisher>
		<rom name="027disk.nsi" size="179200" crc="b9585584" sha1="1bb42db73a32cc9bace8f370ebc6d660cad77d8d" />
	</machine>
	<machine name="028disk">
		<description>AUTOLOAD DOS &amp; BASIC, LOAD MENU NORTHSTAR, PRIME BACK-UP, 3/24/84</description>
		<year>198?</year>
		<publisher>&lt;unknown&gt;</publisher>
		<rom name="028disk.nsi" size="179200" crc="76662967" sha1="82b34187ba2efba9eaadf7e5914a1130af9ddb40" />
	</machine>
	<machine name="029disk">
		<description>FULL 6/18/85, START18, REPORT FILES</description>
		<year>198?</year>
		<publisher>&lt;unknown&gt;</publisher>
		<rom name="029disk.nsi" size="179200" crc="e3fdb427" sha1="52f946e1351fe9f038028412e02c1eb6eb944151" />
	</machine>
	<machine name="030disk">
		<description>PRIME MASTER BACKUP, IN 3/28/84</description>
		<year>198?</year>
		<publisher>&lt;unknown&gt;</publisher>
		<rom name="030disk.nsi" size="179200" crc="22fce681" sha1="7ad44e7a937a1ef39f99264d4db2cd863993e784" />
	</machine>
	<machine name="031disk">
		<description>AUTOLOAD DOS &amp; MODEM, CF, M2D00, MODEM 0100, NORTHSTAR, IN 6/23/84</description>
		<year>198?</year>
		<publisher>&lt;unknown&gt;</publisher>
		<rom name="031disk.nsi" size="179200" crc="1d83dbd6" sha1="2009d221cc8bd74f53bad28d98b1abb186fbd601" />
	</machine>
	<machine name="032disk">
		<description>MRP DEMO, JOBS DRIVE #1, SINGLE DENSITY</description>
		<year>198?</year>
		<publisher>&lt;unknown&gt;</publisher>
		<rom name="032disk.nsi" size="89600" crc="3a0e020a" sha1="c69b43c9b3b3b75f20848755f3f690b8b071612f" />
	</machine>
	<machine name="033disk">
		<description>MRP DEMO, FILES DRIVE #2, SINGLE DENSE</description>
		<year>198?</year>
		<publisher>&lt;unknown&gt;</publisher>
		<rom name="033disk.nsi" size="89600" crc="db5f9ff7" sha1="1b7db22c0106dfba162121591e9b608afb15ac0f" />
	</machine>
	<machine name="034disk">
		<description>WP FILE, JOHN LETTER, MDEM1, 6/20/85</description>
		<year>198?</year>
		<publisher>&lt;unknown&gt;</publisher>
		<rom name="034disk.nsi" size="89600" crc="0c1e88da" sha1="2712e0494a22ac69d8ed6e298319c22d2a18aebb" />
	</machine>
	<machine name="035disk">
		<description>AUTOLOAD DOS &amp; BASIC, DOC - WORD PROCESSOR, NORTHSTAR, 6/25/84</description>
		<year>198?</year>
		<publisher>&lt;unknown&gt;</publisher>
		<rom name="035disk.nsi" size="179200" crc="2a32157c" sha1="bd6609cdc7b37b57e0f99c4ceb83a8b3d731fc44" />
	</machine>
	<machine name="036disk">
		<description>MRP DEMO - FILES   DRIVE #2, IN 8/30/84</description>
		<year>198?</year>
		<publisher>&lt;unknown&gt;</publisher>
		<rom name="036disk.nsi" size="179200" crc="45f239d2" sha1="369600185111649321da0f5337086f4d4557761c" />
	</machine>
	<machine name="037disk">
		<description>REPORT FILES, DRIVE #2, FULL, IN 3/27/84</description>
		<year>198?</year>
		<publisher>&lt;unknown&gt;</publisher>
		<rom name="037disk.nsi" size="179200" crc="e4e55ecc" sha1="4026fa999e07a451da5b2df0cdd30a254b208949" />
	</machine>
	<machine name="038disk">
		<description>DOS &amp; BASIC &amp; CF, MRP DEMO - JOBS DRIVE #1,   IN 8/30/84</description>
		<year>198?</year>
		<publisher>&lt;unknown&gt;</publisher>
		<rom name="038disk.nsi" size="179200" crc="e1ac1749" sha1="1d9a8716fcfc42d754eb01fbdcd76860df2cb935" />
	</machine>
	<machine name="039disk">
		<description>FILES FOR BILLING SERVICE, NORTHSTAR, 3/24/84</description>
		<year>198?</year>
		<publisher>&lt;unknown&gt;</publisher>
		<rom name="039disk.nsi" size="179200" crc="24576c69" sha1="e7db42a1a5e65ba26ae277466c75211a5065d4c6" />
	</machine>
	<machine name="040disk">
		<description>PRIME MASTER, BACK UP, SYSTEM START UP, DD</description>
		<year>198?</year>
		<publisher>&lt;unknown&gt;</publisher>
		<rom name="040disk.nsi" size="179200" crc="a9e6ff37" sha1="65b01d98e3ff0f62d409d534381d1651abc5a0fc" />
	</machine>
	<machine name="041disk">
		<description>AUTOLOAD DOS &amp; BASIC, LOAD 'CHECK', NORTHSTAR, IN 4/29/84</description>
		<year>198?</year>
		<publisher>&lt;unknown&gt;</publisher>
		<rom name="041disk.nsi" size="179200" crc="dd0967a7" sha1="af5dc4cc2dd4f1de72984165a11a4596985f769d" />
	</machine>
	<machine name="042disk">
		<description>AUTOLOAD DOS &amp; BASIC &amp; CF, 'LOAD CHECK', NORTHSTAR, IN 4/29/84</description>
		<year>198?</year>
		<publisher>&lt;unknown&gt;</publisher>
		<rom name="042disk.nsi" size="179200" crc="5793a154" sha1="8b3cfa84e222212a988f503cfff0e7a1f57f6ef7" />
	</machine>
	<machine name="043disk">
		<description>LIBRARY - CLIPPER DD 4/27/84, IN 3/27/84</description>
		<year>198?</year>
		<publisher>&lt;unknown&gt;</publisher>
		<rom name="043disk.nsi" size="179200" crc="50e74ad9" sha1="4e67c35dab4fafb9ec2d17d869d6540996b5b2ec" />
	</machine>
	<machine name="044disk">
		<description>AUTOLOAD DOS &amp; BASIC PRINTER, 'FILL 8206, 128', 'FILL 8206, 176', LOAD MENU, BILLING SERVICE NORTHSTAR, IN 3/21/84</description>
		<year>198?</year>
		<publisher>&lt;unknown&gt;</publisher>
		<rom name="044disk.nsi" size="179200" crc="4b74f2f0" sha1="69775851c35c76057fb8f663826ae9eaa324927e" />
	</machine>
	<machine name="045disk">
		<description>DOC, WORD PROCESSOR, MASTER, SER #998, DD</description>
		<year>198?</year>
		<publisher>&lt;unknown&gt;</publisher>
		<rom name="045disk.nsi" size="179200" crc="2ba5c324" sha1="dbdf4c7ef9ca5aa5a60df9ac8a05ed747e473c5d" />
	</machine>
	<machine name="046disk">
		<description>ASSEMBLER - PLAY, IN 3/26/84</description>
		<year>198?</year>
		<publisher>&lt;unknown&gt;</publisher>
		<rom name="046disk.nsi" size="179200" crc="f6b69df2" sha1="0c1edc56b715c0ce0f8221e611bc916944baf713" />
	</machine>
	<machine name="047disk">
		<description>ASSEMBLER, HOMEBREW, MASTER MIKES DOS, BASIC, MONITOR - M2A00</description>
		<year>198?</year>
		<publisher>&lt;unknown&gt;</publisher>
		<rom name="047disk.nsi" size="89600" crc="1807f94b" sha1="9d912ab95760a6f4403c6288ca6a3308d1f0bd65" />
	</machine>
	<machine name="048disk">
		<description>DOS, BASIC, DAZZ D800, TIC TAC, 11/4/83</description>
		<year>198?</year>
		<publisher>&lt;unknown&gt;</publisher>
		<rom name="048disk.nsi" size="89600" crc="c619b9c6" sha1="0de26dbe361508d0d2d020a9a5ff224613942649" />
	</machine>
	<machine name="049disk">
		<description>SYNCBUSTER COPY 1,   IN 4/12/87</description>
		<year>198?</year>
		<publisher>&lt;unknown&gt;</publisher>
		<rom name="049disk.nsi" size="179200" crc="3d055bd8" sha1="5ef49a119579f22b122572c7e1b65315d09a6f09" />
	</machine>
	<machine name="050disk">
		<description>NSUG #7, GAME PACK, N*TREK, MEMSET  40959</description>
		<year>198?</year>
		<publisher>&lt;unknown&gt;</publisher>
		<rom name="050disk.nsi" size="89600" crc="69365cd8" sha1="a071b795bc71f7fbf62d1fc6352136625517fea3" />
	</machine>
	<machine name="051disk">
		<description>NSUG #10, GAME PACK, ED, SCH2222, ENTER 0 IF NO CHANGE</description>
		<year>198?</year>
		<publisher>&lt;unknown&gt;</publisher>
		<rom name="051disk.nsi" size="89600" crc="10f70d25" sha1="2b23588d2e253f213c28c879f9b92dc4e59f4570" />
	</machine>
	<machine name="052disk">
		<description>NSUG #11</description>
		<year>198?</year>
		<publisher>&lt;unknown&gt;</publisher>
		<rom name="052disk.nsi" size="89600" crc="aac847d3" sha1="76620bd02e2ae8b06b120fec51a992bd2fb0b7a6" />
	</machine>
	<machine name="053disk">
		<description>NSUG #12</description>
		<year>198?</year>
		<publisher>&lt;unknown&gt;</publisher>
		<rom name="053disk.nsi" size="89600" crc="20124471" sha1="c932241532a80e4bf97df3c907eac01b92c44754" />
	</machine>
	<machine name="054disk">
		<description>NSUG #13, BANNER 2, COPY-DOC, (SINGLE DRIVE)</description>
		<year>198?</year>
		<publisher>&lt;unknown&gt;</publisher>
		<rom name="054disk.nsi" size="89600" crc="9cbcaff1" sha1="bb2644d6dc6a73c90f69245388cbe90eda2ff270" />
	</machine>
	<machine name="055disk">
		<description>NSUG #14, GAME PACK, (MEMSET 40959)</description>
		<year>198?</year>
		<publisher>&lt;unknown&gt;</publisher>
		<rom name="055disk.nsi" size="89600" crc="fe57cd2a" sha1="1290a6bc9f603f52645c6d6dbfe09a73d6fa9978" />
	</machine>
	<machine name="056disk">
		<description>NSUG #15</description>
		<year>198?</year>
		<publisher>&lt;unknown&gt;</publisher>
		<rom name="056disk.nsi" size="89600" crc="0dfe79f2" sha1="31246269dfb70755cfd5aa9b6499cd97054a7732" />
	</machine>
	<machine name="057disk">
		<description>NSUG #16, STORM</description>
		<year>198?</year>
		<publisher>&lt;unknown&gt;</publisher>
		<rom name="057disk.nsi" size="89600" crc="a9fb7782" sha1="90d0448532493c2c87a0c0ae515475b5e97a9454" />
	</machine>
	<machine name="058disk">
		<description>NSUG #17</description>
		<year>198?</year>
		<publisher>&lt;unknown&gt;</publisher>
		<rom name="058disk.nsi" size="89600" crc="6a750933" sha1="2987055930b561a3ca8f8c8d3f2367a5499f30d5" />
	</machine>
	<machine name="059disk">
		<description>NSUG #18, GAME PACK</description>
		<year>198?</year>
		<publisher>&lt;unknown&gt;</publisher>
		<rom name="059disk.nsi" size="89600" crc="676836bf" sha1="4ba45b0b25838593c21da12eabef86c84d1cc680" />
	</machine>
	<machine name="060disk">
		<description>NSSE #1, GAME PACK, STARTREK MEMSET 40959, HOMEBREW NORTHSTAR 57343</description>
		<year>198?</year>
		<publisher>&lt;unknown&gt;</publisher>
		<rom name="060disk.nsi" size="89600" crc="bbc20b7c" sha1="18fc3407ff609cce3a6bbe06dcc2ffa44a3ce2f2" />
	</machine>
	<machine name="061disk">
		<description>NSSE #2</description>
		<year>198?</year>
		<publisher>&lt;unknown&gt;</publisher>
		<rom name="061disk.nsi" size="89600" crc="e3615a30" sha1="891d78febb0ee9ab6e7c29fa25cf25f1943e16e7" />
	</machine>
	<machine name="062disk">
		<description>NSSE #3, GUESS, GAME PACK</description>
		<year>198?</year>
		<publisher>&lt;unknown&gt;</publisher>
		<rom name="062disk.nsi" size="89600" crc="2053e724" sha1="171e120ed96263efa5516512fb55e800db4d9dd0" />
	</machine>
	<machine name="063disk">
		<description>NSSE #4</description>
		<year>198?</year>
		<publisher>&lt;unknown&gt;</publisher>
		<rom name="063disk.nsi" size="89600" crc="6fe4faf0" sha1="dd1e558df4a018b5435fc5504e3853a402163457" />
	</machine>
	<machine name="064disk">
		<description>NSSE #5, GAUSS, LF PILOT 2A00</description>
		<year>198?</year>
		<publisher>&lt;unknown&gt;</publisher>
		<rom name="064disk.nsi" size="89600" crc="f8d18bef" sha1="08dcebaed11f7141f7a638cce4e069090171fef5" />
	</machine>
	<machine name="065disk">
		<description>NSSE #6</description>
		<year>198?</year>
		<publisher>&lt;unknown&gt;</publisher>
		<rom name="065disk.nsi" size="89600" crc="c60d227a" sha1="f278f5cd05a3c295edf6581607cb628768a337fb" />
	</machine>
	<machine name="066disk">
		<description>NSSE #7, GAME PACK</description>
		<year>198?</year>
		<publisher>&lt;unknown&gt;</publisher>
		<rom name="066disk.nsi" size="89600" crc="7d43c4a7" sha1="169464a1dca4ac3a59117ddb4f8859d8ad590a56" />
	</machine>
	<machine name="067disk">
		<description>NSSE #8, GAME PACK</description>
		<year>198?</year>
		<publisher>&lt;unknown&gt;</publisher>
		<rom name="067disk.nsi" size="89600" crc="430df895" sha1="f3420eb1727fdbeff2ba34ed559bd351a9f9695a" />
	</machine>
	<machine name="068disk">
		<description>NSSE #9, GOOD DISASSEMBLER, DASM</description>
		<year>198?</year>
		<publisher>&lt;unknown&gt;</publisher>
		<rom name="068disk.nsi" size="89600" crc="564931e2" sha1="d439c2dcb65964026cddb0c264afaf47c918bea4" />
	</machine>
	<machine name="069disk">
		<description>NSSE #10, FINANCIAL</description>
		<year>198?</year>
		<publisher>&lt;unknown&gt;</publisher>
		<rom name="069disk.nsi" size="89600" crc="ce8af2ad" sha1="0a6d581c9bd9cc02ebb6c4dd1df35375b2794b2a" />
	</machine>
	<machine name="070disk">
		<description>NSSE #11, GAME PACK</description>
		<year>198?</year>
		<publisher>&lt;unknown&gt;</publisher>
		<rom name="070disk.nsi" size="89600" crc="52741e29" sha1="34ccbe91cfe43c2508bbeb20dadd772d044e7001" />
	</machine>
	<machine name="071disk">
		<description>NSSE #12</description>
		<year>198?</year>
		<publisher>&lt;unknown&gt;</publisher>
		<rom name="071disk.nsi" size="89600" crc="6000988f" sha1="8cdf538181d8069e2b0908a10edcc147aa031ede" />
	</machine>
	<machine name="072disk">
		<description>NSSE #13, GAME PACK</description>
		<year>198?</year>
		<publisher>&lt;unknown&gt;</publisher>
		<rom name="072disk.nsi" size="89600" crc="f7f9f10b" sha1="d15d6ab0d89d57003a014988152576e0920f1d72" />
	</machine>
	<machine name="073disk">
		<description>GENERAL LEDGER, SINGLE DENSITY</description>
		<year>198?</year>
		<publisher>&lt;unknown&gt;</publisher>
		<rom name="073disk.nsi" size="89600" crc="5eedbe0f" sha1="f6e4d0149078eea525b77c21176576d4225aaa77" />
	</machine>
	<machine name="074disk">
		<description>AUTOLOAD DOS &amp; BASIC, GENERAL LEDGER - CHART OF ACCOUNTS, HOMEBREW, IN 4/29/84</description>
		<year>198?</year>
		<publisher>&lt;unknown&gt;</publisher>
		<rom name="074disk.nsi" size="89600" crc="8192ab41" sha1="fefc6d14ef26b9b0974bb3335a93c3eab4846f50" />
	</machine>
	<machine name="075disk">
		<description>PHONE BOOK (A) 7/22/83</description>
		<year>198?</year>
		<publisher>&lt;unknown&gt;</publisher>
		<rom name="075disk.nsi" size="89600" crc="2e79e711" sha1="a1c0718c74dc45bd231575b235e1973c29bb9e35" />
	</machine>
	<machine name="076disk">
		<description>DICK'S INVOICE, XMAS LETTER, FUN &amp; PIZZA (GYRUSS) (A), CHARLIE'S ESTIMATES (LOAD 'JOB')</description>
		<year>198?</year>
		<publisher>&lt;unknown&gt;</publisher>
		<rom name="076disk.nsi" size="89600" crc="7000a0b3" sha1="0b83efb7ed370bb57d95d39e0b68cd92d8c98597" />
	</machine>
	<machine name="077disk">
		<description>SYSTEM MASTER DISK, SYSTEM START UP, *SPARE*</description>
		<year>198?</year>
		<publisher>&lt;unknown&gt;</publisher>
		<rom name="077disk.nsi" size="179200" crc="a9e6ff37" sha1="65b01d98e3ff0f62d409d534381d1651abc5a0fc" />
	</machine>
	<machine name="078disk">
		<description>HORIZON, SYSTEM DISK, VERSION 5.1DQ, 2034</description>
		<year>198?</year>
		<publisher>&lt;unknown&gt;</publisher>
		<rom name="078disk.nsi" size="179200" crc="f50c58d7" sha1="6df124516bf90b40490a82a6e10a0d099f749d1a" />
	</machine>
	<machine name="079disk">
		<description>CP/M 2.011, 48K SYSTEM</description>
		<year>198?</year>
		<publisher>&lt;unknown&gt;</publisher>
		<rom name="079disk.nsi" size="179200" crc="071f4aa1" sha1="40d00cd395227f75cefbcd86e99f5d995ef8d122" />
	</machine>
	<machine name="080disk">
		<description>NORTHSTAR DOS &amp; BASIC, SERIAL IN FLASHWRITER I</description>
		<year>198?</year>
		<publisher>&lt;unknown&gt;</publisher>
		<rom name="080disk.nsi" size="179200" crc="6a0460a7" sha1="ad100dfc092efdf039567f98d0a70dfc8407e5a1" />
	</machine>
	<machine name="101disk">
		<description>WORKING DOS BACKUP</description>
		<year>198?</year>
		<publisher>&lt;unknown&gt;</publisher>
		<rom name="101disk.nsi" size="179200" crc="eec6923e" sha1="a513f1c30662ed7cbf88a71e22ebfd21425c50fe" />
	</machine>
	<machine name="102disk">
		<description>COPY OF ORIGINAL CPM 2.011 (UNCONF)</description>
		<year>198?</year>
		<publisher>&lt;unknown&gt;</publisher>
		<rom name="102disk.nsi" size="179200" crc="57f0fa36" sha1="26219bb4665817bc7eae06cf5b86f73eb5c5f22b" />
	</machine>
	<machine name="103disk">
		<description>GRAPHICS BACKUP</description>
		<year>198?</year>
		<publisher>&lt;unknown&gt;</publisher>
		<rom name="103disk.nsi" size="179200" crc="4d07ace2" sha1="e416d1ceaa5f77b1c74827f9f43ed2305377122c" />
	</machine>
	<machine name="104disk">
		<description>BIOS BACKUP</description>
		<year>198?</year>
		<publisher>&lt;unknown&gt;</publisher>
		<rom name="104disk.nsi" size="179200" crc="89477ad2" sha1="8261bdcd02798a08d3f6e7967f4e218e16f08c92" />
	</machine>
	<machine name="105disk">
		<description>WORDSTAR + DOCUMENT FILES, BOOT</description>
		<year>198?</year>
		<publisher>&lt;unknown&gt;</publisher>
		<rom name="105disk.nsi" size="179200" crc="b0b2b657" sha1="a3258a917ae7404c923fb332a83d00f703d7cf3f" />
	</machine>
	<machine name="106disk">
		<description>FORTRAN, CBASIC-2, MBASIC, MAC, NO BOOT</description>
		<year>198?</year>
		<publisher>&lt;unknown&gt;</publisher>
		<rom name="106disk.nsi" size="179200" crc="502880c5" sha1="ec8bdd0a5689878e340afb0444bcb53b6329402d" />
	</machine>
	<machine name="107disk">
		<description>CONFIGURED CPM 2.2 BACKUP</description>
		<year>198?</year>
		<publisher>&lt;unknown&gt;</publisher>
		<rom name="107disk.nsi" size="179200" crc="79b1f126" sha1="cc589a3f6409cf022ab2b213520a8db536ec9007" />
	</machine>
	<machine name="108disk">
		<description>PICTURES (N-DOS)</description>
		<year>198?</year>
		<publisher>&lt;unknown&gt;</publisher>
		<rom name="108disk.nsi" size="179200" crc="3a49d613" sha1="917321551321462187e45867dd2196cd185c1e57" />
	</machine>
	<machine name="109disk">
		<description>BDS 'C' COMPILER, VERSION 1.42 (COPY) S/N 0425 - VOL 2/2</description>
		<year>198?</year>
		<publisher>&lt;unknown&gt;</publisher>
		<rom name="109disk.nsi" size="179200" crc="91d2f716" sha1="e542a7a61159b636c601de684c16a47d32dc7e0f" />
	</machine>
	<machine name="110disk">
		<description>BDS 'C' COMPILER, VERSION 1.42 (COPY) S/N 0425 - VOL 1/2</description>
		<year>198?</year>
		<publisher>&lt;unknown&gt;</publisher>
		<rom name="110disk.nsi" size="179200" crc="2602040e" sha1="685006273d70d21aa0e7d6fc089667bcd774b733" />
	</machine>
	<machine name="111disk">
		<description>BDS C COMPILER, VOL 2/2</description>
		<year>198?</year>
		<publisher>&lt;unknown&gt;</publisher>
		<rom name="111disk.nsi" size="179200" crc="91d2f716" sha1="e542a7a61159b636c601de684c16a47d32dc7e0f" />
	</machine>
	<machine name="112disk">
		<description>BDS C COMPILER, VOL 1/2</description>
		<year>198?</year>
		<publisher>&lt;unknown&gt;</publisher>
		<rom name="112disk.nsi" size="179200" crc="2602040e" sha1="685006273d70d21aa0e7d6fc089667bcd774b733" />
	</machine>
	<machine name="113disk">
		<description>PASCAL/Z FOR CP/M, VOL 1/4</description>
		<year>198?</year>
		<publisher>&lt;unknown&gt;</publisher>
		<rom name="113disk.nsi" size="179200" crc="3bca147f" sha1="cd040ffd5d29001196704dd857f9603a87833cf2" />
	</machine>
	<machine name="114disk">
		<description>PASCAL/Z FOR CP/M, VOL 2/4</description>
		<year>198?</year>
		<publisher>&lt;unknown&gt;</publisher>
		<rom name="114disk.nsi" size="179200" crc="416677e2" sha1="41dbcf8b888a17be84aaf9cfeea0009bc5813f9d" />
	</machine>
	<machine name="115disk">
		<description>PASCAL/Z FOR CP/M, VOL 3/4</description>
		<year>198?</year>
		<publisher>&lt;unknown&gt;</publisher>
		<rom name="115disk.nsi" size="179200" crc="b56ba086" sha1="9ff8a972c574058540fa81de5198bf73aa4b59d9" />
	</machine>
	<machine name="116disk">
		<description>PASCAL/Z FOR CP/M, VOL 4/4</description>
		<year>198?</year>
		<publisher>&lt;unknown&gt;</publisher>
		<rom name="116disk.nsi" size="179200" crc="cc083aa1" sha1="ba1e02852b6079e97bbf7965bcff118527a0a03a" />
	</machine>
	<machine name="117disk">
		<description>FORTRAN, CBASIC-2, MBASIC, MAC, NO BOOT (Alt)</description>
		<year>198?</year>
		<publisher>&lt;unknown&gt;</publisher>
		<rom name="117disk.nsi" size="179200" crc="b5f4c7f4" sha1="708d41cbd7bcf4e7aefef8d642596c0979fc5651" />
	</machine>
	<machine name="118disk">
		<description>ADA COMPILER, ORIGINAL, QUAD</description>
		<year>198?</year>
		<publisher>&lt;unknown&gt;</publisher>
		<rom name="118disk.nsi" size="358400" crc="29f505f6" sha1="a131d93d791bc26f165f39d4ec12ffaa252083d4" />
	</machine>
	<machine name="119disk">
		<description>AZTEC C COMPILER</description>
		<year>198?</year>
		<publisher>&lt;unknown&gt;</publisher>
		<rom name="119disk.nsi" size="179200" crc="4ae84221" sha1="8c5faac5e7c8cce4ac2e4b0d282ff15df538cd76" />
	</machine>
	<machine name="120disk">
		<description>ADA COMPILER, WORKING DISK, QUAD</description>
		<year>198?</year>
		<publisher>&lt;unknown&gt;</publisher>
		<rom name="120disk.nsi" size="358400" crc="024f2f9e" sha1="2b8c8d35cf030ef8e0588284d5ea2375c4e9031c" />
	</machine>
	<machine name="aca">
		<description>Active Circuit Analysis</description>
		<year>198?</year>
		<publisher>&lt;unknown&gt;</publisher>
		<rom name="aca.nsi" size="179200" crc="2e951e55" sha1="a13b09dc05a9d8397ed9ed28382c00e10eac65e5" />
	</machine>
	<machine name="adven">
		<description>Original Adventure</description>
		<year>198?</year>
		<publisher>&lt;unknown&gt;</publisher>
		<rom name="adven_a.nsi" size="179200" crc="7b8d8c6f" sha1="0ac9afd674ed4a5aeada10ddd6867cea1e68f9a6" />
		<rom name="adven_b.nsi" size="179200" crc="70a49430" sha1="3f2ab3be79903ee46ebbdb56aa8a3b3da259480e" />
	</machine>
	<machine name="alps">
		<description>Assembly Language Programming System</description>
		<year>1979</year>
		<publisher>Dave Dunfield</publisher>
		<rom name="alps.nsi" size="89600" crc="f6889658" sha1="6427bce95e41fdb671d575f4018fa1cac0491f7f" />
		<rom name="alpsdsrc.nsi" size="89600" crc="2b17c80e" sha1="93e66d6e002e4b198f5954259bf5f6546e91fbc9" />
		<rom name="alpsnsrc.nsi" size="89600" crc="36217dd0" sha1="4209eb5c34d54163ce988b50ffe19691a59e1d86" />
	</machine>
	<machine name="apcbasic">
		<description>APCBASIC 2.4.2</description>
		<year>1982</year>
		<publisher>Chris Cochran</publisher>
		<rom name="apcbasic.nsi" size="179200" crc="88496cd7" sha1="435d0d2bef31ba6053ac02bbb774e6533b35dd14" />
	</machine>
	<machine name="aztec">
		<description>AZTEC 'C' compiler</description>
		<year>198?</year>
		<publisher>&lt;unknown&gt;</publisher>
		<rom name="aztec.nsi" size="358400" crc="ebe2c0d9" sha1="b8b4744e145f6ee7c49eb78ad45445f8d30bc38b" />
	</machine>
	<machine name="basex">
		<description>BaseX</description>
		<year>1978</year>
		<publisher>Interactive Microware</publisher>
		<rom name="basex1.nsi" size="89600" crc="ae3d017e" sha1="a3d0e370dd7db10bccce4cf2fcf1da1d09214b12" />
		<rom name="basex2.nsi" size="89600" crc="1b7c959b" sha1="d10e4b2166e2188eb7ba951df2d554b7ef98b307" />
	</machine>
	<machine name="bazic">
		<description>BAZIC</description>
		<year>198?</year>
		<publisher>Micro Mike's</publisher>
		<rom name="bazic.nsi" size="179200" crc="c4d152af" sha1="9c173ccbd4f41bec07dde7e4d9cb4822f9b725e9" />
	</machine>
	<machine name="beamdef">
		<description>Beam Deflection</description>
		<year>198?</year>
		<publisher>&lt;unknown&gt;</publisher>
		<rom name="beamdef.nsi" size="89600" crc="1ebb2447" sha1="26acbcfb49dd40cab923170ad3d70ee35d675b9a" />
		<rom name="beamdefl.nsi" size="89600" crc="b9d5f78d" sha1="1a32f4bcc10a57bf282d02d2c14112bafd80a94d" />
	</machine>
	<machine name="bridge">
		<description>Bridge 2.0</description>
		<year>198?</year>
		<publisher>DynaComp</publisher>
		<rom name="bridge.nsi" size="89600" crc="b8459a71" sha1="e25be1b28630a8241dac0a5a7e061ce06a193653" />
	</machine>
	<machine name="bssv2ch4">
		<description>Basic Scientific Subroutines V2 CH4</description>
		<year>198?</year>
		<publisher>&lt;unknown&gt;</publisher>
		<rom name="bssv2ch4.nsi" size="89600" crc="2359f6ed" sha1="f29701ac9603e6eb053c922d5c775b5cd8164bbc" />
	</machine>
	<machine name="butler">
		<description>Butler Adventure</description>
		<year>198?</year>
		<publisher>&lt;unknown&gt;</publisher>
		<rom name="butler.nsi" size="179200" crc="2c23c0cd" sha1="b0e38cd73a2335a64ab00b06280f3d5ae2cb85d0" />
	</machine>
	<machine name="c145_54">
		<description>LifeBoat CP/M 1.45 - 54k</description>
		<year>198?</year>
		<publisher>&lt;unknown&gt;</publisher>
		<rom name="c145_54.nsi" size="358400" crc="b074cc41" sha1="5eed044ca7b09487bba64035046be2ccc1cc21c8" />
	</machine>
	<machine name="c223_52">
		<description>LifeBoat CP/M 2.23 - 52k</description>
		<year>198?</year>
		<publisher>&lt;unknown&gt;</publisher>
		<rom name="c223_52.nsi" size="179200" crc="30a08e90" sha1="d50a1c8f3074ee101d2f78c1681f415f699aad32" />
	</machine>
	<machine name="c223_56">
		<description>LifeBoat CP/M 2.23 - 56k</description>
		<year>198?</year>
		<publisher>&lt;unknown&gt;</publisher>
		<rom name="c223_56.nsi" size="179200" crc="8ae20b57" sha1="2061d4f5feb88d714e6986ccf6c9ea2a5ffec291" />
	</machine>
	<machine name="c223a_24">
		<description>n2212</description>
		<year>198?</year>
		<publisher>&lt;unknown&gt;</publisher>
		<rom name="c223a_24.nsi" size="179200" crc="c479a55a" sha1="bed22d2b04b2d2c1bc27a0b37748afea4a6dfaf1" />
	</machine>
	<machine name="chess">
		<description>Chess Master</description>
		<year>198?</year>
		<publisher>DynaComp</publisher>
		<rom name="chess.nsi" size="89600" crc="c4edfe98" sha1="785f683f379dfbe166e201db08fd548dec10921f" />
	</machine>
	<machine name="compare">
		<description>File comparison package</description>
		<year>198?</year>
		<publisher>&lt;unknown&gt;</publisher>
		<rom name="compare.nsi" size="89600" crc="3817be37" sha1="2298930ac38b17ebec5e431af1cdc896770aa621" />
	</machine>
	<machine name="compress">
		<description>File compression package</description>
		<year>198?</year>
		<publisher>&lt;unknown&gt;</publisher>
		<rom name="compress.nsi" size="89600" crc="6d85c27b" sha1="0e14d21143b690d003742f31989aadf1d215e10c" />
	</machine>
	<machine name="copyall">
		<description>COPYALL</description>
		<year>198?</year>
		<publisher>Micro Mike's</publisher>
		<rom name="copyall.nsi" size="179200" crc="a01d0155" sha1="2da7043def45b6c56b994f3122d4e482f548ff02" />
	</machine>
	<machine name="cpmgames">
		<description>CP/M Games disk</description>
		<year>198?</year>
		<publisher>&lt;unknown&gt;</publisher>
		<rom name="cpmgames.nsi" size="179200" crc="7c3096f7" sha1="279126919f4ced3def4ebdff37d338a7beb45241" />
	</machine>
	<machine name="cpmug23">
		<description>NorthStar CP/M Users Group Diskette #23</description>
		<year>198?</year>
		<publisher>&lt;unknown&gt;</publisher>
		<rom name="cpmug23a.nsi" size="179200" crc="facc44a2" sha1="156c2fc569d7279376ff4901818881d9736ffb32" />
	</machine>
	<machine name="cpmug24">
		<description>NorthStar CP/M Users Group Diskette #24</description>
		<year>198?</year>
		<publisher>&lt;unknown&gt;</publisher>
		<rom name="cpmug24.nsi" size="179200" crc="c3933235" sha1="32e4c7c9cb4ee025cdbba7e3f5f7da6f31434a18" />
	</machine>
	<machine name="cpmug25">
		<description>NorthStar CP/M Users Group Diskette #25</description>
		<year>198?</year>
		<publisher>&lt;unknown&gt;</publisher>
		<rom name="cpmug25a.nsi" size="179200" crc="45e30cf7" sha1="9322008d29196f79582872b697063d1d352aa077" />
		<rom name="cpmug25b.nsi" size="179200" crc="d17860db" sha1="d7ddd7c4e2e328305eb70119b9c3a376caa633b7" />
	</machine>
	<machine name="cpmug29">
		<description>NorthStar CP/M Users Group Diskette #29</description>
		<year>198?</year>
		<publisher>&lt;unknown&gt;</publisher>
		<rom name="cpmug29a.nsi" size="179200" crc="bdda913d" sha1="0c4106bc47ad1e2f5940bf9b7f52cacf0d2ef255" />
		<rom name="cpmug29b.nsi" size="179200" crc="c2edf4c8" sha1="ddaa79f4f1ee6a710f432bdd84dfdce8632f2d67" />
	</machine>
	<machine name="cpmug30">
		<description>NorthStar CP/M Users Group Diskette #30</description>
		<year>198?</year>
		<publisher>&lt;unknown&gt;</publisher>
		<rom name="cpmug30a.nsi" size="179200" crc="e08e6eef" sha1="ca8e6e329b06d10afdf25afc860ff03d53053f15" />
		<rom name="cpmug30b.nsi" size="179200" crc="e7ee18d8" sha1="4e8733cc2d9cb056a87e995b5baa8a35ecddf08a" />
	</machine>
	<machine name="cpmug31">
		<description>NorthStar CP/M Users Group Diskette #31</description>
		<year>198?</year>
		<publisher>&lt;unknown&gt;</publisher>
		<rom name="cpmug31a.nsi" size="179200" crc="2cace9c3" sha1="79debadcbdfcc8832322877fe1b3a92b7c5d9dbe" />
		<rom name="cpmug31b.nsi" size="179200" crc="bac46e15" sha1="96637b871f6783897fbe4479bfe5c88b6f7f6dee" />
	</machine>
	<machine name="cpmug32">
		<description>NorthStar CP/M Users Group Diskette #32</description>
		<year>198?</year>
		<publisher>&lt;unknown&gt;</publisher>
		<rom name="cpmug32.nsi" size="179200" crc="4dc0f0b2" sha1="302de0c09d8ca8f5555c6c73faa79af3d1a9b357" />
	</machine>
	<machine name="cpmug34">
		<description>NorthStar CP/M Users Group Diskette #34</description>
		<year>198?</year>
		<publisher>&lt;unknown&gt;</publisher>
		<rom name="cpmug34.nsi" size="179200" crc="0ccb00a7" sha1="82d25528795c5c9db7a989355b1da4012e8c8ad3" />
	</machine>
	<machine name="cpmug36">
		<description>NorthStar CP/M Users Group Diskette #36</description>
		<year>198?</year>
		<publisher>&lt;unknown&gt;</publisher>
		<rom name="cpmug36a.nsi" size="179200" crc="198fa43f" sha1="312453b55d035ef1bd526c759f90b57653fd0763" />
		<rom name="cpmug36b.nsi" size="179200" crc="a4abf14b" sha1="1f1c965835730a5b96757de4adbf178b821094c3" />
	</machine>
	<machine name="cpmug40">
		<description>NorthStar CP/M Users Group Diskette #40</description>
		<year>198?</year>
		<publisher>&lt;unknown&gt;</publisher>
		<rom name="cpmug40a.nsi" size="179200" crc="a0f4527c" sha1="01eb800abd2ae3c7c3ee8530544d81f64b7c5802" />
	</machine>
	<machine name="crans">
		<description>Cranston Manor Adventure</description>
		<year>198?</year>
		<publisher>&lt;unknown&gt;</publisher>
		<rom name="crans.nsi" size="89600" crc="b9cc329e" sha1="740c282b1b71d04d73f96f9193f8d2d440b7c660" />
	</machine>
	<machine name="d01b01">
		<description>CP/M RELEASE 2.2 1.2.0 DQH 013658</description>
		<year>198?</year>
		<publisher>&lt;unknown&gt;</publisher>
		<rom name="d01b01.nsi" size="179200" crc="2bfe39ea" sha1="7c6c7ecc89abdff5c0bc7e831bedb448c34e8f54" />
	</machine>
	<machine name="d01b02">
		<description>DOS/BASIC 2.1.1 QG SYSTEM DISK (SUPERCEDES DOS 5.2)</description>
		<year>198?</year>
		<publisher>&lt;unknown&gt;</publisher>
		<rom name="d01b02.nsi" size="358400" crc="ea3d8d5f" sha1="d9348238c94a4ec770d6143bb88017fe35f10fe6" />
	</machine>
	<machine name="d01b03">
		<description>MIKE BERNSONS SMALL 'C'</description>
		<year>198?</year>
		<publisher>&lt;unknown&gt;</publisher>
		<rom name="d01b03.nsi" size="179200" crc="7d8201de" sha1="9a25f3b9de5f6291fcfe655b32c8730d7eb95abd" />
	</machine>
	<machine name="d02b01">
		<description>CP/M RELEASE 2.2 1.2.0 DQH 014254 FOR 15MB WIN</description>
		<year>198?</year>
		<publisher>&lt;unknown&gt;</publisher>
		<rom name="d02b01.nsi" size="179200" crc="8886f4b7" sha1="100ea1a3950c234e7e63aac5175b241afc9192c4" />
	</machine>
	<machine name="d02b03">
		<description>WORDSTAR (INSTALLED)</description>
		<year>198?</year>
		<publisher>&lt;unknown&gt;</publisher>
		<rom name="d02b03.nsi" size="179200" crc="6f6d93a7" sha1="ee89f84b6aea18c753a621b00ae15b6bdfaee1ba" />
	</machine>
	<machine name="d03b01">
		<description>CP/M RELEASE 2.2 1.2.0 DQH 013860</description>
		<year>198?</year>
		<publisher>&lt;unknown&gt;</publisher>
		<rom name="d03b01.nsi" size="179200" crc="aa1bd919" sha1="f9463ebe4da6c80fd99b930a10908b7e5464efa6" />
	</machine>
	<machine name="d03b03">
		<description>MBASIC V5.2</description>
		<year>198?</year>
		<publisher>&lt;unknown&gt;</publisher>
		<rom name="d03b03.nsi" size="179200" crc="8dc5da6d" sha1="b673eedf44ac92308ec7fe084d9a891150e337de" />
	</machine>
	<machine name="d04b01">
		<description>HDOS 2.2.0 H SYSTEM DISK</description>
		<year>198?</year>
		<publisher>&lt;unknown&gt;</publisher>
		<rom name="d04b01.nsi" size="358400" crc="96fbb1b7" sha1="70c3ef926905ecd6d24aa79757168b2c3c6058bd" />
	</machine>
	<machine name="d04b02">
		<description>NORTH STAR REL 5 DOUBLE DENSITY BITSTREAMER II SYSTEM DISKETTE</description>
		<year>198?</year>
		<publisher>&lt;unknown&gt;</publisher>
		<rom name="d04b02.nsi" size="179200" crc="4268d449" sha1="fc571b9fa91ba679ba54ad845d1782617535d807" />
	</machine>
	<machine name="d04b03">
		<description>DOS/BASIC 2.1.1 DQ</description>
		<year>198?</year>
		<publisher>&lt;unknown&gt;</publisher>
		<rom name="d04b03.nsi" size="179200" crc="18d2adaf" sha1="cbb5bf988a6ba8f4284b78abd7da47806f660a53" />
	</machine>
	<machine name="d05b01">
		<description>HDOS 2.0.0 H SYSTEM DISK</description>
		<year>198?</year>
		<publisher>&lt;unknown&gt;</publisher>
		<rom name="d05b01.nsi" size="358400" crc="f7c55e63" sha1="d18ad669c9217ac04d9a0e3ff947779a217df192" />
	</machine>
	<machine name="d05b02">
		<description>FORTRAN-80 1.0.0.*DQH</description>
		<year>198?</year>
		<publisher>&lt;unknown&gt;</publisher>
		<rom name="d05b02.nsi" size="179200" crc="dfbfae31" sha1="0fd61cf3ba8b58327724e6d1cd7edadb3a8ed6b0" />
	</machine>
	<machine name="d05b03">
		<description>BACKUP MICROMOTION FORTH 79 FLOATING POINT PACKAGE NORTHSTAR CPM</description>
		<year>198?</year>
		<publisher>&lt;unknown&gt;</publisher>
		<rom name="d05b03.nsi" size="179200" crc="0eb48d88" sha1="94bbfcb8e90ad94f6bd8ea398758d8345657544b" />
	</machine>
	<machine name="d06b01">
		<description>HDOS 2.1.0 H SYSTEM DISK</description>
		<year>198?</year>
		<publisher>&lt;unknown&gt;</publisher>
		<rom name="d06b01.nsi" size="358400" crc="17d90714" sha1="c9ebb8357c90b7cd7ef689b22259a6033d0fd335" />
	</machine>
	<machine name="d06b02">
		<description>APPLICATION SOFTWARE UTILITIES 1.1.0 DQ TRANSFER UTILITIES HORIZON VERSION</description>
		<year>198?</year>
		<publisher>&lt;unknown&gt;</publisher>
		<rom name="d06b02.nsi" size="179200" crc="29bfffdf" sha1="0ff07f40f896646f45d4783ae2e23abfef255535" />
	</machine>
	<machine name="d06b03">
		<description>MICROMOTION FORTH 79 NORTHSTAR - CPM</description>
		<year>198?</year>
		<publisher>&lt;unknown&gt;</publisher>
		<rom name="d06b03.nsi" size="179200" crc="b0ba07b2" sha1="c6100cf5928866336cc900011cd69ed4e301d554" />
	</machine>
	<machine name="d07b01">
		<description>HDOS 2.2.1 H INITIAL RECOVERY DISK</description>
		<year>198?</year>
		<publisher>&lt;unknown&gt;</publisher>
		<rom name="d07b01.nsi" size="358400" crc="017173d9" sha1="da66374229b1e3dee8156cdc7ed1637ee92c78db" />
	</machine>
	<machine name="d07b02">
		<description>MICRO 80, MACRO 80, SER 39138 VER 3.44, FORMAT NS</description>
		<year>198?</year>
		<publisher>&lt;unknown&gt;</publisher>
		<rom name="d07b02.nsi" size="179200" crc="0e0e0b83" sha1="cd422bc1e8675cf93150c5278679aeab5e23c408" />
	</machine>
	<machine name="d07b03">
		<description>MICROMOTION FORTH 79 FLOATING POINT PACKAGE</description>
		<year>198?</year>
		<publisher>&lt;unknown&gt;</publisher>
		<rom name="d07b03.nsi" size="179200" crc="c1be5783" sha1="ba0e89a59c0a08a4e5f1830111a21ed23dfb76ab" />
	</machine>
	<machine name="d08b01">
		<description>HDOS 2.0.0 H INITIAL RECOVERY DISK</description>
		<year>198?</year>
		<publisher>&lt;unknown&gt;</publisher>
		<rom name="d08b01.nsi" size="358400" crc="dd235ba3" sha1="dea43bfbe98a6759068e6c016979ebcd25857ca4" />
	</machine>
	<machine name="d08b02">
		<description>DBASE II 2.35 1.0.0 *QH</description>
		<year>198?</year>
		<publisher>&lt;unknown&gt;</publisher>
		<rom name="d08b02.nsi" size="358400" crc="5938c796" sha1="ba13fdfb30dcb9308a333cfb17e14dc4db9508a2" />
	</machine>
	<machine name="d08b03">
		<description>MICROMOTION FORTH 79</description>
		<year>198?</year>
		<publisher>&lt;unknown&gt;</publisher>
		<rom name="d08b03.nsi" size="179200" crc="f40d828c" sha1="bdecfc75850ea8880d3faa134eb1f37b0fd63dfb" />
	</machine>
	<machine name="d09b01">
		<description>HDOS 2.1.0 H INITIAL RECOVERY DISK</description>
		<year>198?</year>
		<publisher>&lt;unknown&gt;</publisher>
		<rom name="d09b01.nsi" size="358400" crc="839d3910" sha1="7cf81a305cec58f2d406f55105174ba203d387bd" />
	</machine>
	<machine name="d09b02">
		<description>MICROPLAN 1.1.0 *QH 001934</description>
		<year>198?</year>
		<publisher>&lt;unknown&gt;</publisher>
		<rom name="d09b02.nsi" size="358400" crc="177f53ef" sha1="fbec35004b09f30111741dd758bf50958e31e69d" />
	</machine>
	<machine name="d09b03">
		<description>PASCAL Z</description>
		<year>198?</year>
		<publisher>&lt;unknown&gt;</publisher>
		<rom name="d09b03.nsi" size="179200" crc="1e0f2e9b" sha1="1484c1d75f82926f4a954ceed4dbe2aafb9e3267" />
	</machine>
	<machine name="d10b01">
		<description>TSS/C INSTALLATION DISK 1.1.0 H 301792</description>
		<year>198?</year>
		<publisher>&lt;unknown&gt;</publisher>
		<rom name="d10b01.nsi" size="179200" crc="1075bd80" sha1="467920cd8e20ee1208a2c71eb437d7c695f87c5a" />
	</machine>
	<machine name="d10b02">
		<description>MICROPRO WORDSTAR 3.0 1.0.0 *DQH WORDSTAR 3.0 XG7995TZ</description>
		<year>198?</year>
		<publisher>&lt;unknown&gt;</publisher>
		<rom name="d10b02.nsi" size="358400" crc="ab137d1b" sha1="5e054b3396a2ad443993653f0a61949250db2854" />
	</machine>
	<machine name="d10b03">
		<description>SAVE DISK - SUPERCALC</description>
		<year>198?</year>
		<publisher>&lt;unknown&gt;</publisher>
		<rom name="d10b03.nsi" size="179200" crc="309c4ca4" sha1="92d1ba7c26637045c85db05b077729128522bf00" />
	</machine>
	<machine name="d11b01">
		<description>TSS/C CP/M UTILITIES DISK 1.1.0 H</description>
		<year>198?</year>
		<publisher>&lt;unknown&gt;</publisher>
		<rom name="d11b01.nsi" size="179200" crc="d0f58c04" sha1="1433808f6ab95103987fc82190b77d14ba244925" />
	</machine>
	<machine name="d11b02">
		<description>MICROPRO WORDSTAR 3.0 WH6454S1</description>
		<year>198?</year>
		<publisher>&lt;unknown&gt;</publisher>
		<rom name="d11b02.nsi" size="179200" crc="90760f6b" sha1="148350769c52a511cca5332d82d7c2ee65abe757" />
	</machine>
	<machine name="d11b03">
		<description>DISK FROM CRAY CMOS 1.1 UTILITIES</description>
		<year>198?</year>
		<publisher>&lt;unknown&gt;</publisher>
		<rom name="d11b03.nsi" size="179200" crc="d5d236b6" sha1="b1d6a9ebcb04b990defd268857682bf945ddeb8e" />
	</machine>
	<machine name="d12b01">
		<description>TSS/A START-UP DISK 2.1.1 H</description>
		<year>198?</year>
		<publisher>&lt;unknown&gt;</publisher>
		<rom name="d12b01.nsi" size="179200" crc="537b1872" sha1="0e89060479686db952d06c535210e3acb92e8cda" />
	</machine>
	<machine name="d12b02">
		<description>MICROPRO SPELLSTAR 1.2 1.0.0 *DQH SPELLSTAR 1.21 S26396BE</description>
		<year>198?</year>
		<publisher>&lt;unknown&gt;</publisher>
		<rom name="d12b02.nsi" size="179200" crc="874b968d" sha1="45dc4c9d5c5119e61f82dbe7a8290b5e5574ece9" />
	</machine>
	<machine name="d13b01">
		<description>TSS/A UPDATE DISK 2.1.1 H</description>
		<year>198?</year>
		<publisher>&lt;unknown&gt;</publisher>
		<rom name="d13b01.nsi" size="179200" crc="a00101f9" sha1="d1c45c5dc64916fc1c4f4aba94e0b8e2878f83e1" />
	</machine>
	<machine name="d14b01">
		<description>TSS/A UTILITIES DISK 1 OF 2 2.1.1 H</description>
		<year>198?</year>
		<publisher>&lt;unknown&gt;</publisher>
		<rom name="d14b01.nsi" size="179200" crc="0f802d79" sha1="a5d22a1e59eb7ecd1ae4bb2d1694193195586cf9" />
	</machine>
	<machine name="d15b01">
		<description>TSS/A UTILITIES DISK 2 OF 2 2.1.1 H</description>
		<year>198?</year>
		<publisher>&lt;unknown&gt;</publisher>
		<rom name="d15b01.nsi" size="179200" crc="a3104d2b" sha1="f58d7e5c00b35e10eab862b04ad28bf62eb9998d" />
	</machine>
	<machine name="d16b01">
		<description>TSS/A PASSWORD DISK 2.1.1 H</description>
		<year>198?</year>
		<publisher>&lt;unknown&gt;</publisher>
		<rom name="d16b01.nsi" size="179200" crc="ce22c5cd" sha1="05f01d0cfbed306a1a9436647dc5fd3c20e19676" />
	</machine>
	<machine name="datasmth">
		<description>Data Smoother</description>
		<year>198?</year>
		<publisher>&lt;unknown&gt;</publisher>
		<rom name="datasmth.nsi" size="89600" crc="c543be80" sha1="4bd543343739f06b03642ff2b3fb6d2ab5585c3f" />
	</machine>
	<machine name="datastar">
		<description>DATASTAR</description>
		<year>198?</year>
		<publisher>Micropro</publisher>
		<rom name="datastar.nsi" size="358400" crc="78eb5420" sha1="bb3a0b5d2d6c00ef196f8ab6a91e4d3fcc87d8a7" />
	</machine>
	<machine name="dmf">
		<description>DMF</description>
		<year>198?</year>
		<publisher>Dave Dunfield</publisher>
		<rom name="dmf.nsi" size="89600" crc="5eaf5ef9" sha1="87d5de9125d936f5444a3266d8b8f1ca4b7c7e1f" />
		<rom name="dmfdoc.nsi" size="89600" crc="829fc174" sha1="8c391916828a4a8e9f83804daf9cd083f5e9e730" />
		<rom name="dmfsrc1.nsi" size="89600" crc="2a2cd518" sha1="9fb1089a90d3d1c89ba39bf8defba0febb5e93a2" />
		<rom name="dmfsrc2.nsi" size="89600" crc="c128aa3a" sha1="7bc9d959e45b29cf1eb73d8fb1fec9ecb1031833" />
	</machine>
	<machine name="dmmutil">
		<description>DMM Utilities</description>
		<year>198?</year>
		<publisher>Elliam Associates</publisher>
		<rom name="dmmutil.nsi" size="179200" crc="8dc745af" sha1="bf26de495ae3263e7d3d2b13a9093373c9698c1a" />
	</machine>
	<machine name="dynabase">
		<description>Dynabase Database</description>
		<year>198?</year>
		<publisher>&lt;unknown&gt;</publisher>
		<rom name="dynabase.nsi" size="89600" crc="a6d4ffbc" sha1="194cf1d21141130a5cbcac414354639639cd2ad5" />
	</machine>
	<machine name="f80_331">
		<description>Fortran-80 (v3.31)</description>
		<year>1980</year>
		<publisher>Microsoft</publisher>
		<rom name="f80_1.nsi" size="179200" crc="944762d6" sha1="5e20a2f174f5c3f9a515e697ed093266275d38e4" />
	</machine>
	<machine name="f80">
		<description>Fortran-80 (v3.44)</description>
		<year>1980</year>
		<publisher>Microsoft</publisher>
		<rom name="f80.nsi" size="179200" crc="b8f1eab2" sha1="77c4fe9f573570afe214fc2d464a4ab52895d739" />
	</machine>
	<machine name="fastgam">
		<description>FastGammon</description>
		<year>198?</year>
		<publisher>Quality Software</publisher>
		<rom name="fastgam.nsi" size="89600" crc="b60aa119" sha1="b5ad920b3c4a7725ca9c0fae9d2c3ff088d56b80" />
	</machine>
	<machine name="finmgtsy">
		<description>Financial Management System</description>
		<year>198?</year>
		<publisher>&lt;unknown&gt;</publisher>
		<rom name="finmgtsy.nsi" size="89600" crc="be3e4084" sha1="0456ea44f8d6ad801fcac3e8329febb41aba538c" />
	</machine>
	<machine name="forth">
		<description>Forth</description>
		<year>198?</year>
		<publisher>&lt;unknown&gt;</publisher>
		<rom name="forth.nsi" size="89600" crc="ee1bf39f" sha1="8620ddfcdb98596d5cfc1fc171637b48f412b612" />
		<rom name="forthsrc.nsi" size="89600" crc="ab4971ce" sha1="565e1b79b0624e3e04caf394aed022fb83836f31" />
	</machine>
	<machine name="gamepak2">
		<description>Game Pak 2</description>
		<year>198?</year>
		<publisher>DynaComp</publisher>
		<rom name="gamepak2.nsi" size="89600" crc="f6d2f6be" sha1="c5b7120da2cdb642866ce9bc1126479a2df8ac85" />
	</machine>
	<machine name="games1">
		<description>Games 1</description>
		<year>198?</year>
		<publisher>&lt;unknown&gt;</publisher>
		<rom name="games1.nsi" size="89600" crc="b610c1df" sha1="9c0d79fd5eb7f4f94d242b10c90d4da6cbb60d7f" />
	</machine>
	<machine name="games2">
		<description>Games 2</description>
		<year>198?</year>
		<publisher>&lt;unknown&gt;</publisher>
		<rom name="games2.nsi" size="89600" crc="b8a8cd05" sha1="71cae09d1b1ddd4d2b5d42dc3de73fac1db25705" />
	</machine>
	<machine name="games3">
		<description>Games 3</description>
		<year>198?</year>
		<publisher>&lt;unknown&gt;</publisher>
		<rom name="games3.nsi" size="89600" crc="2e712162" sha1="0b0222598c2a3e030f3c96b7d3a48d80f114866c" />
	</machine>
	<machine name="games4">
		<description>Games 4</description>
		<year>198?</year>
		<publisher>&lt;unknown&gt;</publisher>
		<rom name="games4.nsi" size="89600" crc="6c0a0193" sha1="1022cff9e0b49b94d7d85cc97f3c9904e54a52f4" />
	</machine>
	<machine name="games5">
		<description>Games 5</description>
		<year>198?</year>
		<publisher>&lt;unknown&gt;</publisher>
		<rom name="games5.nsi" size="89600" crc="aafded43" sha1="61ba541cfdf7ea6bbaf05e35f4d13f95f88da117" />
	</machine>
	<machine name="games6">
		<description>Games 6</description>
		<year>198?</year>
		<publisher>&lt;unknown&gt;</publisher>
		<rom name="games6.nsi" size="89600" crc="bd586e55" sha1="534af5b78c83d65e7775d02e56b18226ea8822f5" />
	</machine>
	<machine name="games7">
		<description>Games 7</description>
		<year>198?</year>
		<publisher>&lt;unknown&gt;</publisher>
		<rom name="games7.nsi" size="89600" crc="765fc149" sha1="1f9e182618091e5e65c5fab2b56afe25d8d9defd" />
	</machine>
	<machine name="games8">
		<description>Games 8</description>
		<year>198?</year>
		<publisher>&lt;unknown&gt;</publisher>
		<rom name="games8.nsi" size="358400" crc="e80d1576" sha1="f2ef93000d1c06a8abb6e34e23c3e62a2c88675e" />
	</machine>
	<machine name="games9">
		<description>Games 9</description>
		<year>198?</year>
		<publisher>&lt;unknown&gt;</publisher>
		<rom name="games9.nsi" size="358400" crc="69b68978" sha1="74d3e97e757a2bb211397e2a3002a7bd9e77eebe" />
	</machine>
	<machine name="games10">
		<description>Games 10</description>
		<year>198?</year>
		<publisher>&lt;unknown&gt;</publisher>
		<rom name="games10.nsi" size="358400" crc="ce9a9e1b" sha1="0c694aa84ed4fe788fbb6f70ea3a07e4d1d940ba" />
	</machine>
	<machine name="games11">
		<description>Games 11</description>
		<year>198?</year>
		<publisher>&lt;unknown&gt;</publisher>
		<rom name="games11.nsi" size="358400" crc="e80d1576" sha1="f2ef93000d1c06a8abb6e34e23c3e62a2c88675e" />
	</machine>
	<machine name="games">
		<description>Games</description>
		<year>198?</year>
		<publisher>&lt;unknown&gt;</publisher>
		<rom name="games.nsi" size="89600" crc="f4fb0bb7" sha1="abca42781d815f9314d146f740b5256e037dc3a7" />
	</machine>
	<machine name="generate">
		<description>Basic Disassembler</description>
		<year>198?</year>
		<publisher>&lt;unknown&gt;</publisher>
		<rom name="generate.nsi" size="89600" crc="5a6b27ff" sha1="aeeef6fb0e47beaef3c10b5198a946b3833572d4" />
	</machine>
	<machine name="hancapii">
		<description>Handicapper II (Horse Race Handicapper)</description>
		<year>198?</year>
		<publisher>&lt;unknown&gt;</publisher>
		<rom name="hancapii.nsi" size="179200" crc="67d68c0b" sha1="eb547e8ffa117c7d4818d85a19af490edd8caf95" />
	</machine>
	<machine name="handicap">
		<description>Horse Race Handicapper</description>
		<year>198?</year>
		<publisher>&lt;unknown&gt;</publisher>
		<rom name="handicap.nsi" size="89600" crc="d4b63647" sha1="e801305fc50811f854b603ea531ac5ec2d4fc53f" />
	</machine>
	<machine name="hd221ird">
		<description>NorthStar HDOS 2.2.1 H Initial Recovery Disk</description>
		<year>198?</year>
		<publisher>&lt;unknown&gt;</publisher>
		<rom name="hd221ird.nsi" size="358400" crc="017173d9" sha1="da66374229b1e3dee8156cdc7ed1637ee92c78db" />
	</machine>
	<machine name="hd221sd">
		<description>NorthStar HDOS 2.2.0 H System Disk</description>
		<year>198?</year>
		<publisher>&lt;unknown&gt;</publisher>
		<rom name="hd221sd.nsi" size="358400" crc="96fbb1b7" sha1="70c3ef926905ecd6d24aa79757168b2c3c6058bd" />
	</machine>
	<machine name="hearts">
		<description>Hearts 1.5</description>
		<year>198?</year>
		<publisher>DynaComp</publisher>
		<rom name="hearts.nsi" size="89600" crc="300dee45" sha1="d8e5ac5908d5a821593c5bf40c0032697a07b973" />
	</machine>
	<machine name="horhd1b">
		<description>NorthStar HORIZON-HD System Diskette R1.B</description>
		<year>198?</year>
		<publisher>&lt;unknown&gt;</publisher>
		<rom name="horhd1b.nsi" size="179200" crc="59d8da92" sha1="4adea8d9d00bb1add69714a0f6dbdd72e58b4de1" />
	</machine>
	<machine name="icatutil">
		<description>INSUA Catalog Utilities</description>
		<year>198?</year>
		<publisher>&lt;unknown&gt;</publisher>
		<rom name="icatutil.nsi" size="179200" crc="6015c7ca" sha1="c573020d13215623d916c5b14057fb57970d2c88" />
	</machine>
	<machine name="insua211">
		<description>INSUA NorthStar DOS 2.1.1 QuadDensity</description>
		<year>198?</year>
		<publisher>&lt;unknown&gt;</publisher>
		<rom name="insua211.nsi" size="179200" crc="ca021e0f" sha1="a32da65e25aab5cfce6d8d6642f293415fe78193" />
	</machine>
	<machine name="inutil">
		<description>INSUA DOS Utilities #1</description>
		<year>198?</year>
		<publisher>&lt;unknown&gt;</publisher>
		<rom name="inutil.nsi" size="179200" crc="5ad152d3" sha1="dba15b21b8be5d699acfa4b232914ef91fb530d4" />
	</machine>
	<machine name="keeptrak">
		<description>Keep Track Of It</description>
		<year>198?</year>
		<publisher>&lt;unknown&gt;</publisher>
		<rom name="keeptrak.nsi" size="179200" crc="7f902027" sha1="5ecabd24e3ca363f15ea6e3dd38144dd182f5638" />
	</machine>
	<machine name="keno">
		<description>KENO Casino game</description>
		<year>198?</year>
		<publisher>&lt;unknown&gt;</publisher>
		<rom name="keno.nsi" size="179200" crc="ec7e25bc" sha1="23049b8849d85d80eeb30bcc403b31f5666dbb26" />
	</machine>
	<machine name="maillist">
		<description>DynaComp MailList 2.2</description>
		<year>198?</year>
		<publisher>&lt;unknown&gt;</publisher>
		<rom name="maillist.nsi" size="89600" crc="2c1d3649" sha1="f5549e5bd83d1ae26cd06de36024eeb83a1c75c9" />
	</machine>
	<machine name="mcd96r7">
		<description>Micro Complex DOS96R7</description>
		<year>198?</year>
		<publisher>&lt;unknown&gt;</publisher>
		<rom name="mcd96r7.nsi" size="179200" crc="c5954cae" sha1="cb59896c05bd90aa3b9c53962a792f45dfba0ecb" />
	</machine>
	<machine name="mcdos70d">
		<description>Micro Complex Dos 7.0</description>
		<year>1980</year>
		<publisher>Micro Complex</publisher>
		<rom name="mcdos70d.nsi" size="179200" crc="111e45f0" sha1="bc7396b3d040fdd94ad5149940d78a2153dda85d" />
	</machine>
	<machine name="michart">
		<description>Micro Chart Program</description>
		<year>198?</year>
		<publisher>&lt;unknown&gt;</publisher>
		<rom name="michart.nsi" size="179200" crc="446654b0" sha1="792b094cd3a99e7d54bbb17c3d95ff540c90401d" />
	</machine>
	<machine name="monarch">
		<description>Monarch</description>
		<year>198?</year>
		<publisher>DynaComp</publisher>
		<rom name="monarch.nsi" size="89600" crc="2a8459f2" sha1="582455bbbe7eea735262d4a32acfff1e433b5262" />
	</machine>
	<machine name="mstuf">
		<description>The MicroStuf Co. RCONS 2.1 and MESS 2.2</description>
		<year>198?</year>
		<publisher>&lt;unknown&gt;</publisher>
		<rom name="mstuf.nsi" size="89600" crc="bc24e2e3" sha1="9f9bdcb40b68cb2ab5720eac9995afea7b709b9c" />
	</machine>
	<machine name="multlinr">
		<description>Multilinear Regression</description>
		<year>198?</year>
		<publisher>&lt;unknown&gt;</publisher>
		<rom name="multlinr.nsi" size="89600" crc="2c1d2075" sha1="66b96ffca3c480e70402e8ea44f6174d2bd5f94c" />
	</machine>
	<machine name="n22a_56">
		<description>NorthStar CP/M 2.2 release A - 56k</description>
		<year>198?</year>
		<publisher>&lt;unknown&gt;</publisher>
		<rom name="n22a_56.nsi" size="358400" crc="01cbd9bd" sha1="7094017c3150b48b3c5c07d08213f14ea91269d6" />
	</machine>
	<machine name="n2212_64">
		<description>NorthStar CP/M 2.2 release 1.20 - 64k</description>
		<year>198?</year>
		<publisher>&lt;unknown&gt;</publisher>
		<rom name="n2212_64.nsi" size="358400" crc="91100bc5" sha1="54e625bf17fd3e2067b9e7b2789b1d27974607e8" />
	</machine>
	<machine name="nsdos20s">
		<description>NorthStar DOS 2.0 Single Density (DOS only)</description>
		<year>198?</year>
		<publisher>&lt;unknown&gt;</publisher>
		<rom name="nsdos20s.nsi" size="89600" crc="8ea66be9" sha1="94709b31b6bbb5910e01644df5daf3544a33ef20" />
	</machine>
	<machine name="nsdos40s">
		<description>NorthStar DOS 4.0 Single Density</description>
		<year>198?</year>
		<publisher>&lt;unknown&gt;</publisher>
		<rom name="nsdos40s.nsi" size="89600" crc="c270d019" sha1="68ffa944c8d34262f5c757ec65276d527979b801" />
	</machine>
	<machine name="nsdos50d">
		<description>NorthStar DOS 5.0 Double Density</description>
		<year>198?</year>
		<publisher>&lt;unknown&gt;</publisher>
		<rom name="nsdos50d.nsi" size="179200" crc="f5de495e" sha1="16406a46bc445903e310511726ab9922bf8c8641" />
	</machine>
	<machine name="nsdos51q">
		<description>NorthStar DOS 5.1 Quad Density (Unconfigured I/O)</description>
		<year>198?</year>
		<publisher>&lt;unknown&gt;</publisher>
		<rom name="nsdos51q.nsi" size="179200" crc="98febaa3" sha1="20742efdff1f068ee1ccab2f865e76874c2f4e0d" />
	</machine>
	<machine name="nsdos51s">
		<description>NorthStar DOS 5.1 Single Density</description>
		<year>198?</year>
		<publisher>&lt;unknown&gt;</publisher>
		<rom name="nsdos51s.nsi" size="89600" crc="e13ed7bd" sha1="cf3f0a7a6956aa113ff7ae76cdcb73b6565b0669" />
	</machine>
	<machine name="nsdos52q">
		<description>NorthStar DOS 5.2 Quad Density</description>
		<year>198?</year>
		<publisher>&lt;unknown&gt;</publisher>
		<rom name="nsdos52q.nsi" size="358400" crc="83043049" sha1="4c403213a34053c791315107281b2f81de0b5a25" />
	</machine>
	<machine name="nsmcutil">
		<description>NSM Utilities</description>
		<year>198?</year>
		<publisher>&lt;unknown&gt;</publisher>
		<rom name="devel1.nsi" size="179200" crc="ea60f455" sha1="0410346aa3e75dbecdd0d6fdac587db72c432a10" />
		<rom name="devel2.nsi" size="179200" crc="abe1ecc3" sha1="dfb2fcd2f105a464f993163817ae4e95cbda694f" />
		<rom name="mcdos.nsi" size="179200" crc="1a445513" sha1="c6368e06135a87c2f31b214ac58c3a7aa6fba86b" />
		<rom name="proc.nsi" size="179200" crc="5fd0f9c5" sha1="1aea0f990c606270eaca763a8a0eda33586b3343" />
	</machine>
	<machine name="nsse1">
		<description>NorthStar Software Exchange #1</description>
		<year>198?</year>
		<publisher>&lt;unknown&gt;</publisher>
		<rom name="nsse1.nsi" size="89600" crc="bbc20b7c" sha1="18fc3407ff609cce3a6bbe06dcc2ffa44a3ce2f2" />
	</machine>
	<machine name="nsse2">
		<description>NorthStar Software Exchange #2</description>
		<year>198?</year>
		<publisher>&lt;unknown&gt;</publisher>
		<rom name="nsse2.nsi" size="89600" crc="e3615a30" sha1="891d78febb0ee9ab6e7c29fa25cf25f1943e16e7" />
	</machine>
	<machine name="nsse7">
		<description>NorthStar Software Exchange #7</description>
		<year>198?</year>
		<publisher>&lt;unknown&gt;</publisher>
		<rom name="nsse7.nsi" size="89600" crc="176e3d5d" sha1="df3ccac8045e5e26ed71745c73c6cfdb2f1ddfa2" />
	</machine>
	<machine name="nsse8">
		<description>NorthStar Software Exchange #8</description>
		<year>198?</year>
		<publisher>&lt;unknown&gt;</publisher>
		<rom name="nsse8.nsi" size="89600" crc="430df895" sha1="f3420eb1727fdbeff2ba34ed559bd351a9f9695a" />
	</machine>
	<machine name="nsse9">
		<description>NorthStar Software Exchange #9</description>
		<year>198?</year>
		<publisher>&lt;unknown&gt;</publisher>
		<rom name="nsse9.nsi" size="89600" crc="44e2ec98" sha1="cea0ac0edb68c4a7fd3caeed5a5cc0d435563633" />
	</machine>
	<machine name="nsse16">
		<description>NorthStar Software Exchange #16</description>
		<year>198?</year>
		<publisher>&lt;unknown&gt;</publisher>
		<rom name="nsse16.nsi" size="89600" crc="65d1b73d" sha1="460a72c919844bfacc986f95b185f0507cb19fa9" />
	</machine>
	<machine name="nsse17">
		<description>NorthStar Software Exchange #17</description>
		<year>198?</year>
		<publisher>&lt;unknown&gt;</publisher>
		<rom name="nsse17.nsi" size="89600" crc="ad1e557e" sha1="6c690e024aa28c89324c2ff1f09030a8e19096a0" />
	</machine>
	<machine name="nsse18">
		<description>NorthStar Software Exchange #18</description>
		<year>198?</year>
		<publisher>&lt;unknown&gt;</publisher>
		<rom name="nsse18.nsi" size="89600" crc="d13c7d90" sha1="e70d690fb1930dcf8506c4d1ac6089f4ce61766a" />
	</machine>
	<machine name="nsse20">
		<description>NorthStar Software Exchange #20</description>
		<year>198?</year>
		<publisher>&lt;unknown&gt;</publisher>
		<rom name="nsse20.nsi" size="89600" crc="db5dfbb5" sha1="d35e01060e98529fc3909151e2a61cab4ad7751b" />
	</machine>
	<machine name="nsse21">
		<description>NorthStar Software Exchange #21</description>
		<year>198?</year>
		<publisher>&lt;unknown&gt;</publisher>
		<rom name="nsse21.nsi" size="89600" crc="4f6d1a13" sha1="8edb727ef6335bb05a959e845286e9a76007e9c8" />
	</machine>
	<machine name="nsse22">
		<description>NorthStar Software Exchange #22</description>
		<year>198?</year>
		<publisher>&lt;unknown&gt;</publisher>
		<rom name="nsse22.nsi" size="89600" crc="d6c6a9a7" sha1="2ee6cd4286fdfdc5592db7a379c14cdc6fb2495d" />
	</machine>
	<machine name="nsseg1r3">
		<description>NorthStar Software Exchange Games-1 Release-3</description>
		<year>198?</year>
		<publisher>&lt;unknown&gt;</publisher>
		<rom name="nsseg1r3.nsi" size="89600" crc="a1667011" sha1="eab521ae73a014b9a0a9177311c44d54e41876f6" />
	</machine>
	<machine name="pascal">
		<description>UCSD Pascal 1.5</description>
		<year>198?</year>
		<publisher>&lt;unknown&gt;</publisher>
		<rom name="pasaux.nsi" size="179200" crc="e8b7846d" sha1="3761eac77067438fc0ad8b42a08db0d0b7b4fdb0" />
		<rom name="pasns.nsi" size="179200" crc="edd9ed9b" sha1="1d94ddc411a454946ec5b6501f7c60f283464370" />
		<rom name="passys.nsi" size="179200" crc="fd9011bf" sha1="1fada88d333c912364813bc70e6eb250be1ca32d" />
		<rom name="pasusr.nsi" size="179200" crc="e730fa8b" sha1="1973b27efa9fe760bec3443c844d99dcc2cad662" />
	</machine>
	<machine name="pds">
		<description>Program Development System</description>
		<year>1978</year>
		<publisher>Allen Ashley</publisher>
		<rom name="pds-dden.nsi" size="179214" crc="2080756d" sha1="9812ad0bbe2a139dd3ef316ed75610994643f577" />
		<rom name="pds-sden.nsi" size="89600" crc="18346016" sha1="3b37ef307106943bea37da77e7785e81027dc09a" />
	</machine>
	<machine name="pfm">
		<description>Personal Finance Manager</description>
		<year>198?</year>
		<publisher>&lt;unknown&gt;</publisher>
		<rom name="pfm.nsi" size="179200" crc="0f30ea0f" sha1="a9550c4198f4437e247e1c80ac9673249421f7ad" />
	</machine>
	<machine name="power">
		<description>POWER! Special Version for INSUA Members</description>
		<year>198?</year>
		<publisher>&lt;unknown&gt;</publisher>
		<rom name="power.nsi" size="179200" crc="abba757c" sha1="b363f15f0d46ead9383430d962f88cc45c965fda" />
	</machine>
	<machine name="protext">
		<description>Protext and MultiEd</description>
		<year>198?</year>
		<publisher>&lt;unknown&gt;</publisher>
		<rom name="protext.nsi" size="89626" crc="93a03243" sha1="72bc6fc426cd3649cb4e76923986af34e9f9aa09" />
	</machine>
	<machine name="quickref">
		<description>Quickref</description>
		<year>1979</year>
		<publisher>A. H. Bazell</publisher>
		<rom name="quickref.nsi" size="89600" crc="c22390c7" sha1="7db7289756b94d672fe79c3157aa620478365cee" />
	</machine>
	<machine name="r0">
		<description>TINY</description>
		<year>198?</year>
		<publisher>&lt;unknown&gt;</publisher>
		<rom name="r0.nsi" size="358400" crc="f130d4fd" sha1="0711ba1991557669e851f1277e2a878106c38f76" />
	</machine>
	<machine name="r1">
		<description>CP/M PDS</description>
		<year>198?</year>
		<publisher>&lt;unknown&gt;</publisher>
		<rom name="r1.nsi" size="358400" crc="8ae51fd8" sha1="fcf3834b3db47110704909797175fe6071855c3f" />
	</machine>
	<machine name="r2">
		<description>COMSTAR</description>
		<year>198?</year>
		<publisher>&lt;unknown&gt;</publisher>
		<rom name="r2.nsi" size="179200" crc="ddd37545" sha1="2ed6ccd55d7b8a576e641efec88d30de3c0f3d4e" />
	</machine>
	<machine name="r3">
		<description>ALL GAMES BACKUP 1</description>
		<year>198?</year>
		<publisher>&lt;unknown&gt;</publisher>
		<rom name="r3.nsi" size="358400" crc="49c5f52c" sha1="3671adef02cd20826a2531bfb9e2b5f4ab1eeaac" />
	</machine>
	<machine name="r4">
		<description>ALL GAMES BACKUP 2</description>
		<year>198?</year>
		<publisher>&lt;unknown&gt;</publisher>
		<rom name="r4.nsi" size="358400" crc="c2a0bcac" sha1="fb8c48324646fd8c2ac35255ef7b63b0519ea883" />
	</machine>
	<machine name="r5">
		<description>FORMATMW CM5619 [ON JACKET]</description>
		<year>198?</year>
		<publisher>&lt;unknown&gt;</publisher>
		<rom name="r5.nsi" size="358400" crc="08283968" sha1="4ec5413fbf6b5bdf668407f120496625ed24880a" />
	</machine>
	<machine name="r6">
		<description>WORKING CP/M C</description>
		<year>198?</year>
		<publisher>&lt;unknown&gt;</publisher>
		<rom name="r6.nsi" size="179200" crc="088c3450" sha1="b1dc72af994e7d32e72d4c1162d3c2ade4967252" />
	</machine>
	<machine name="r7">
		<description>DEFENDER EPROMS</description>
		<year>198?</year>
		<publisher>&lt;unknown&gt;</publisher>
		<rom name="r7.nsi" size="179200" crc="7f70b20d" sha1="e709ce1c3a3b2cf6f77eaf16ea6b199b75e44732" />
	</machine>
	<machine name="r8">
		<description>PDS CP/M</description>
		<year>198?</year>
		<publisher>&lt;unknown&gt;</publisher>
		<rom name="r8.nsi" size="179200" crc="e0a4e269" sha1="24c53ff1ce76258112d9e355cbe668c2c164e3a4" />
	</machine>
	<machine name="rmf">
		<description>Remote Micro Facility</description>
		<year>198?</year>
		<publisher>&lt;unknown&gt;</publisher>
		<rom name="rmf.nsi" size="358400" crc="5adf989f" sha1="c59d440b54cbd6244770003daecbf9a40a2b4145" />
	</machine>
	<machine name="roots">
		<description>Find roots of polynomial</description>
		<year>198?</year>
		<publisher>&lt;unknown&gt;</publisher>
		<rom name="roots.nsi" size="89600" crc="d6dd927a" sha1="81abe50ee2bf72bc6da3beb98b9ca059bafc5905" />
	</machine>
	<machine name="skpilot">
		<description>Starkweather Pilot (v4.3)</description>
		<year>198?</year>
		<publisher>&lt;unknown&gt;</publisher>
		<rom name="skpilot.nsi" size="179200" crc="2e57a6e3" sha1="9dd00d2368b6ac0959204fb229d16c2775f3052f" />
	</machine>
	<machine name="smlinreg">
		<description>Stepwise Multilinear Regression</description>
		<year>198?</year>
		<publisher>&lt;unknown&gt;</publisher>
		<rom name="smlinreg.nsi" size="89600" crc="989fdce3" sha1="fb9c13cc5c83c640f004cb936b2fe6a1905dc2d8" />
	</machine>
	<machine name="smms">
		<description>Music Synth</description>
		<year>1979</year>
		<publisher>Jon Bokelman</publisher>
		<rom name="smms.nsi" size="89600" crc="60089728" sha1="775601f5e16b8a0de77cc4e3af736196de21c1ab" />
	</machine>
	<machine name="spacelns">
		<description>Space Lanes</description>
		<year>198?</year>
		<publisher>DynaComp</publisher>
		<rom name="spacelns.nsi" size="89600" crc="1ccaf3a1" sha1="50aea5f32affe52653a73f7a8c9c15657af08e5e" />
	</machine>
	<machine name="spilot41">
		<description>Super-Pilot 4.1 (Pilot Plus)</description>
		<year>1979</year>
		<publisher>A. Banks</publisher>
		<rom name="spilot41.nsi" size="89600" crc="cc2ccc91" sha1="6434936809aacf5f98a7afa4fc2ecc67a13a0112" />
	</machine>
	<machine name="statevar">
		<description>State Variables</description>
		<year>198?</year>
		<publisher>&lt;unknown&gt;</publisher>
		<rom name="statevar.nsi" size="179200" crc="023b73a8" sha1="cee9af023285723a279264a82c0f291e952f41f8" />
	</machine>
	<machine name="stock">
		<description>Microcomputer Stock Program</description>
		<year>198?</year>
		<publisher>&lt;unknown&gt;</publisher>
		<rom name="stock.nsi" size="89600" crc="1e765ada" sha1="54c033a4f57f75f9923d412054704fe2c028fc66" />
	</machine>
	<machine name="strace">
		<description>Super-Trace</description>
		<year>1989</year>
		<publisher>Pavel Breder</publisher>
		<rom name="strace.nsi" size="89600" crc="2ad51e09" sha1="b5dd0177a14c39faaafc972e714fb3d002513133" />
	</machine>
	<machine name="taxopt">
		<description>Tax Optimizer</description>
		<year>198?</year>
		<publisher>&lt;unknown&gt;</publisher>
		<rom name="taxopt.nsi" size="179200" crc="d8b4b129" sha1="34e768c31161de01f7e94e6dcf9e80e2fa70c252" />
	</machine>
	<machine name="td130a">
		<description>TurboDos 1.30 1.1.1 QH (Alt)</description>
		<year>1984</year>
		<publisher>North Star Computers</publisher>
		<rom name="td130cfga_.nsi" size="358400" crc="f60b5980" sha1="b5187f8631dcd2e5e65497b0d0ec27d4213183f6" />
		<rom name="td130hlp_.nsi" size="358400" crc="18a74438" sha1="de17aae8d991330e1470bf78969d6d966ad6eb46" />
		<rom name="td130sc_.nsi" size="358400" crc="c8bdba74" sha1="a1c7571b0a5d620bb4959072bb93048c92fdd270" />
		<rom name="td130sys_.nsi" size="358400" crc="860a1aa4" sha1="c2cb833f95ed86d42faa67e8871c85d87993ae67" />
	</machine>
	<machine name="td130">
		<description>TurboDos 1.30 1.1.1 QH</description>
		<year>1984</year>
		<publisher>North Star Computers</publisher>
		<rom name="td130cfg.nsi" size="358400" crc="ef407df5" sha1="123f46191f1d94cb5b4fc753318cf471033bdcce" />
		<rom name="td130hlp.nsi" size="358400" crc="35efe9f5" sha1="2a32a1dfc9a106abbb0c918b50766287620274a8" />
		<rom name="td130sc.nsi" size="358400" crc="19589349" sha1="a0e931ad62f7275cc5b3feb537476ad9dcaa9b62" />
		<rom name="td130sys.nsi" size="358400" crc="ce949891" sha1="5e710b183f7dba0c3cf1a5e45d06ace3dd0e21c9" />
	</machine>
	<machine name="tpascal">
		<description>Turbo-Pascal</description>
		<year>198?</year>
		<publisher>Borland</publisher>
		<rom name="tpascal.nsi" size="179200" crc="2633f6de" sha1="a77bcd507c16338460517eb691b4f61e55a7eaa9" />
	</machine>
	<machine name="trafunan">
		<description>Traffic Function Analyzer</description>
		<year>198?</year>
		<publisher>&lt;unknown&gt;</publisher>
		<rom name="trafunan.nsi" size="89600" crc="11263a7e" sha1="b26361ca1839d7dbfa2198abb5e2d95590dd8fdd" />
	</machine>
	<machine name="uncharry">
		<description>Uncle Harrys Will</description>
		<year>198?</year>
		<publisher>DynaComp</publisher>
		<rom name="uncharry.nsi" size="89600" crc="8f819d72" sha1="c2c0e30581d82c1e72ffce02d64a820f50c67775" />
	</machine>
	<machine name="v2212_56">
		<description>NorthStar CP/M 2.2 release 1.20 - 56k for Vector/3P+S</description>
		<year>198?</year>
		<publisher>&lt;unknown&gt;</publisher>
		<rom name="v2212_56.nsi" size="358400" crc="b54e58ef" sha1="52a579c7e1b1869ceb24d567391c1b0e9e792aa0" />
	</machine>
	<machine name="valdez">
		<description>Valdez (Supertanker simulation)</description>
		<year>198?</year>
		<publisher>DynaComp</publisher>
		<rom name="valdez.nsi" size="89600" crc="9a284229" sha1="f3c4c0b1feb7eda05a154e51bf6f180471e4715d" />
	</machine>
	<machine name="vedit">
		<description>VEDIT editor</description>
		<year>198?</year>
		<publisher>&lt;unknown&gt;</publisher>
		<rom name="vedit.nsi" size="179200" crc="8569c16d" sha1="ccd7a2a7c4c43466cbd5d1145237f846bbce0af6" />
	</machine>
	<machine name="vinsua">
		<description>INSUA NorthStar DOS 2.1.1 QuadDensity for Vector/3P+S</description>
		<year>198?</year>
		<publisher>&lt;unknown&gt;</publisher>
		<rom name="vinsua.nsi" size="358400" crc="5432bfd2" sha1="6bf2a757904a64947b652b2e299b4ce7b8c59ff0" />
	</machine>
	<machine name="windmere">
		<description>Windmere Estates</description>
		<year>198?</year>
		<publisher>DynaComp</publisher>
		<rom name="windmere.nsi" size="89600" crc="deca5a21" sha1="a0074ec254b2d9361225d7b357ac5f7c34cab574" />
	</machine>
	<machine name="ws30">
		<description>WordStar 3.0</description>
		<year>198?</year>
		<publisher>&lt;unknown&gt;</publisher>
		<rom name="ws30.nsi" size="358400" crc="ded0ebb6" sha1="a1df35ec0aa2301da2fa4c88106fa0b6ab371c24" />
	</machine>
	<machine name="xek">
		<description>XEK Assembler/Disassembler</description>
		<year>198?</year>
		<publisher>ByteShop of Westminster</publisher>
		<rom name="xek.nsi" size="89600" crc="56f0c74e" sha1="8dc7c9fe9f0f6d10fb87e6c38d79fcacc3ebd7d7" />
	</machine>
	<machine name="xitancpm">
		<description>Xitan CP/M 2.26 - 48k</description>
		<year>198?</year>
		<publisher>&lt;unknown&gt;</publisher>
		<rom name="xitancpm.nsi" size="179200" crc="b442f8c2" sha1="de1a311d8fd6f490f76760787f6a8f6600aebe1f" />
	</machine>
	<machine name="z80asm">
		<description>Z80 Assembler (with LifeBoat CP/M 2.20 - 56k)</description>
		<year>198?</year>
		<publisher>&lt;unknown&gt;</publisher>
		<rom name="z80asm.nsi" size="179200" crc="0647ea6a" sha1="702df06249d702985b46f3fe1cac7ba1cd635131" />
	</machine>
</datafile>