<?xml version="1.0" encoding="utf-8"?>
<!DOCTYPE datafile PUBLIC "-//Logiqx//DTD ROM Management Datafile//EN" "http://www.logiqx.com/Dats/datafile.dtd">
<datafile>
	<header>
		<name>intv</name>
		<description>Intellivision cartridges</description>
		<version></version>
		<author></author>
	</header>
	<machine name="4tris">
		<description>4-Tris (download version)</description>
		<year>2000</year>
		<publisher>IntelligentVision</publisher>
		<rom name="4-tris.50" size="16384" crc="b91488e2" sha1="d3d1ea456991a5dd71804f62f59e88debd9cd86f" />
	</machine>
	<machine name="add">
		<description>Advanced Dungeons &amp; Dragons</description>
		<year>1982</year>
		<publisher>Mattel Electronics</publisher>
		<rom name="advanced dungeons and dragons.50" size="12288" crc="9d4355aa" sha1="4783cf6d52748e1cc4eb463033b79aee72db28cf" />
	</machine>
	<machine name="addtom">
		<description>Advanced Dungeons &amp; Dragons - Tower of Mystery (unreleased)</description>
		<year>1983</year>
		<publisher>Mattel Electronics</publisher>
		<rom name="ad&amp;d tower of mystery.50" size="16384" crc="4d7022c4" sha1="968875dbb5c9af72b746cde4f9a6dc4677d8aceb" />
		<rom name="ad&amp;d tower of mystery.90" size="16384" crc="69ea443d" sha1="5348845531a326cf66991697c55efd9287b4874b" />
		<rom name="ad&amp;d tower of mystery.d0" size="8192" crc="35f27a1e" sha1="2cfdee85347c1226c48d15cdfd6b8819136db130" />
		<rom name="ad&amp;d tower of mystery.f0" size="8192" crc="c60bb7f6" sha1="9f53d330453807c18dcb4c0ed37ad0e77251213a" />
	</machine>
	<machine name="addtot">
		<description>Advanced Dungeons &amp; Dragons - Treasure of Tarmin</description>
		<year>1982</year>
		<publisher>Mattel Electronics</publisher>
		<rom name="add - treasure of tarmin.50" size="16384" crc="16c3b62f" sha1="deffe81ac52caa93401ca2aaed734a1fb69c498d" />
	</machine>
	<machine name="adventur">
		<description>Adventure (prototype)</description>
		<year>1982</year>
		<publisher>Mattel Electronics</publisher>
		<rom name="adventure (ad&amp;d - cloudy mountain) (1982) (mattel).50" size="16384" crc="11c3bcfa" sha1="009683f3a40adbdd97b7256d64614feff12469ae" />
	</machine>
	<machine name="advtron">
		<description>Adventures of TRON (unreleased)</description>
		<year>1982</year>
		<publisher>Mattel Electronics</publisher>
		<rom name="adventures of tron.50" size="16384" crc="5a144835" sha1="c2125776338cbce61aabce80fbdb911a9814e564" />
	</machine>
	<machine name="airstrk">
		<description>Air Strike (prototype)</description>
		<year>1982</year>
		<publisher>Mattel Electronics</publisher>
		<rom name="air strike.50" size="8192" crc="2c668249" sha1="45d4cc27ccb966b007c3c2d32766f568f613319f" />
	</machine>
	<machine name="allstar">
		<description>All Star Major League Baseball (prototype)</description>
		<year>1983</year>
		<publisher>Mattel Electronics</publisher>
		<rom name="all star major league baseball.50" size="16384" crc="4a7e080a" sha1="ee2edd084c371d39dfcd725ed4aa5679e0c34a27" />
		<rom name="all star major league baseball.d0" size="8192" crc="31325854" sha1="fe7b5f3969e214ac23d20c5c137dc23f4515108d" />
	</machine>
	<machine name="armorbtl">
		<description>Armor Battle</description>
		<year>1978</year>
		<publisher>Mattel Electronics</publisher>
		<rom name="armor battle.50" size="8192" crc="6f91fbc1" sha1="8bf07ba83bd0de42393187c6a3df60b8e341505d" />
	</machine>
	<machine name="astrosms">
		<description>AstroSmash</description>
		<year>1981</year>
		<publisher>Mattel Electronics</publisher>
		<rom name="astro smash.50" size="8192" crc="fab2992c" sha1="d3529cad339b3fd5c67b4f503e9360188be9d3e8" />
	</machine>
	<machine name="astrosmsc">
		<description>AstroSmash Competition</description>
		<year>1981</year>
		<publisher>Mattel Electronics</publisher>
		<rom name="astrosmash competition.50" size="8192" crc="d0f83698" sha1="fbb2df69cfda87976cf279be6ad028e00c47ce9d" />
	</machine>
	<machine name="astrosmsm">
		<description>AstroSmash - Meteor (hacked?)</description>
		<year>1981</year>
		<publisher>Mattel Electronics</publisher>
		<rom name="astrosmash - meteor (1981) (mattel).50" size="8192" crc="00be8bba" sha1="7da15a0b713cfc79e577650bd372b37cb3f6d7a4" />
	</machine>
	<machine name="atlantis">
		<description>Atlantis</description>
		<year>1982</year>
		<publisher>Imagic</publisher>
		<rom name="atlantis.48" size="16384" crc="13ff363c" sha1="094b207668c03a6d903270490f495ddc237cd8d7" />
	</machine>
	<machine name="autorace">
		<description>Auto Racing</description>
		<year>1979</year>
		<publisher>Mattel Electronics</publisher>
		<rom name="auto racing.50" size="8192" crc="b35c1101" sha1="2e3461853f60a1928c5c93bb23deb9229e0230c9" />
	</machine>
	<machine name="b17bomb">
		<description>B-17 Bomber</description>
		<year>1981</year>
		<publisher>Mattel Electronics</publisher>
		<rom name="b-17 bomber.50" size="16384" crc="5f612afb" sha1="8b9b7d938590ede5fe651f165f405ffc9e41cabd" />
		<rom name="b-17 bomber.d0" size="8192" crc="3e932009" sha1="f0fcc934ba19a9e88b470a99a2d984820369c57c" />
	</machine>
	<machine name="backgamm">
		<description>ABPA Backgammon</description>
		<year>1978</year>
		<publisher>Mattel Electronics</publisher>
		<rom name="abpa backgammon.50" size="8192" crc="a60e25fc" sha1="71b305f30283a11ccd594071a7e9ea06db6a2071" />
	</machine>
	<machine name="baseball">
		<description>Major League Baseball</description>
		<year>1978</year>
		<publisher>Mattel Electronics</publisher>
		<rom name="baseball.50" size="8192" crc="dab36628" sha1="5e83a945f231f55d5ddfa9527f9b94da06e77058" />
	</machine>
	<machine name="basketbl">
		<description>NBA Basketball</description>
		<year>1978</year>
		<publisher>Mattel Electronics</publisher>
		<rom name="basketball.50" size="8192" crc="81e7fb8c" sha1="9c855e864cf926dfd3d09c071e499d7ccd537908" />
	</machine>
	<machine name="beamridr">
		<description>Beamrider</description>
		<year>1983</year>
		<publisher>Activision</publisher>
		<rom name="beamrider.50" size="16384" crc="eaf650cc" sha1="1faa1d401bc7484492f3e1de433ed73019cbb5b5" />
	</machine>
	<machine name="beauty">
		<description>Beauty &amp; the Beast</description>
		<year>1982</year>
		<publisher>Imagic</publisher>
		<rom name="beauty and the beast.48" size="16384" crc="c047d487" sha1="1b6fd19e745e50e8ea679bd5adfb719d1f276bc5" />
	</machine>
	<machine name="blockrun">
		<description>Blockade Runner</description>
		<year>1983</year>
		<publisher>Interphase</publisher>
		<rom name="blockade runner.50" size="16384" crc="b03f739b" sha1="c82058d9678fe2453b0f9b7a4a0864af802f6eb9" />
	</machine>
	<machine name="blowout">
		<description>Party Line: Blow Out (unreleased)</description>
		<year>1983</year>
		<publisher>Mattel Electronics</publisher>
		<rom name="blowout.50" size="8192" crc="f98d2330" sha1="20db3279fb6b792799722e5157c20d5b5227e059" />
		<rom name="blowout.d0" size="8192" crc="f257a189" sha1="3bfc013252af2b05c35be21b01ebaeadd5ce4d0b" />
	</machine>
	<machine name="blowouta">
		<description>Party Line: Blow Out (unreleased, alt)</description>
		<year>1983</year>
		<publisher>Mattel Electronics</publisher>
		<rom name="blowouta.50" size="8192" crc="25b7aa92" sha1="a232a43407bfa5781b30c5afded8df4af75e1788" />
		<rom name="blowouta.d0" size="8192" crc="b7e29589" sha1="4e1b1c2bf93952d52827b13752e61584a66672ea" />
	</machine>
	<machine name="bnj">
		<description>Bump 'n' Jump</description>
		<year>1983</year>
		<publisher>Mattel Electronics</publisher>
		<rom name="bump n jump.50" size="16384" crc="6f667338" sha1="bdb657130dc9421fad842bbbc9ba7ac380ed0c86" />
		<rom name="bump n jump.d0" size="8192" crc="96265252" sha1="3919925e229e7ec57d726245f13c034f78b7d863" />
		<rom name="bump n jump.f0" size="8192" crc="038df644" sha1="cb60703bffcbfaec77098a9525136c32cbe260f8" />
	</machine>
	<machine name="bombsqd">
		<description>Bomb Squad</description>
		<year>1982</year>
		<publisher>Mattel Electronics</publisher>
		<rom name="bomb squad.50" size="16384" crc="6f34430f" sha1="2c101e5241856691debc75b8012e35e696689c3d" />
		<rom name="bomb squad.d0" size="8192" crc="f99180e1" sha1="8d4a7ca33fc9ac5db8b1bdcf8806d899c898ae03" />
	</machine>
	<machine name="bowling">
		<description>PBA Bowling</description>
		<year>1980</year>
		<publisher>Mattel Electronics</publisher>
		<rom name="bowling.50" size="8192" crc="169e3584" sha1="71a2bf83f18fdbf4db3af66681fcfa506bf0d31c" />
	</machine>
	<machine name="boxing">
		<description>Boxing</description>
		<year>1980</year>
		<publisher>Mattel Electronics</publisher>
		<rom name="boxing.50" size="8192" crc="ab87c16f" sha1="24a10945009acadfe502a5bd5fb5b960885716f4" />
	</machine>
	<machine name="brickout">
		<description>Brickout! (unreleased)</description>
		<year>1981</year>
		<publisher>Mattel Electronics</publisher>
		<rom name="brickout.50" size="8192" crc="9f85015b" sha1="12895e3e9ce094e393fe996383be1d48ba5be77f" />
	</machine>
	<machine name="btime">
		<description>BurgerTime!</description>
		<year>1982</year>
		<publisher>Mattel Electronics</publisher>
		<rom name="burgertime.50" size="16384" crc="43806375" sha1="eacd83365da40a1a3d6c77ca2da4a0393460e02f" />
	</machine>
	<machine name="buzbombr">
		<description>Buzz Bombers</description>
		<year>1982</year>
		<publisher>Mattel Electronics</publisher>
		<rom name="buzz bombers.50" size="16384" crc="fa492bbd" sha1="a0ef9a23976de6ee88c1f970a6585ded2a2b8c04" />
	</machine>
	<machine name="carnival">
		<description>Carnival</description>
		<year>1982</year>
		<publisher>Coleco</publisher>
		<rom name="carnival.50" size="8192" crc="43870908" sha1="13aa104e884701d74e144b85b9583579d1980e80" />
	</machine>
	<machine name="centiped">
		<description>Centipede</description>
		<year>1983</year>
		<publisher>Atarisoft</publisher>
		<rom name="centipede.60" size="16384" crc="d5363b8c" sha1="97c69dc3da5aee80e6ef1baf90b6c3ec8025abff" />
	</machine>
	<machine name="checkers">
		<description>Checkers</description>
		<year>1979</year>
		<publisher>Mattel Electronics</publisher>
		<rom name="checkers.50" size="8192" crc="36e1d858" sha1="4fef3342c0e7100113b4022e4395ad552fddacf1" />
	</machine>
	<machine name="chess">
		<description>USCF Chess</description>
		<year>1981</year>
		<publisher>Mattel Electronics</publisher>
		<rom name="ro-3-9505-359 + ro-3-9506-011.50" size="16384" crc="752fd927" sha1="4ccf494f9664d5b9e05237d1bc2eee8a7830f067" />
	</machine>
	<machine name="choplift">
		<description>Choplifter! (prototype)</description>
		<year>1983</year>
		<publisher>Mattel Electronics</publisher>
		<rom name="choplifter.50" size="16384" crc="b05cd576" sha1="61205b84aa3673d7a50da4f92ed0ed78e34ac951" />
		<rom name="choplifter.d0" size="12288" crc="9b09666e" sha1="a024e5189e52ae07aa666fdcba612a6e9d7da4bc" />
	</machine>
	<machine name="commando">
		<description>Commando</description>
		<year>1987</year>
		<publisher>INTV</publisher>
		<rom name="commando.50" size="16384" crc="2b6d633d" sha1="777e5a0e7033b5f80197eb069cd204e62d09eb63" />
		<rom name="commando.90" size="16384" crc="fc44ea3c" sha1="5a95ea2924d3b0bfc4e353d6ffc4966f4bdfcd58" />
	</machine>
	<machine name="congo">
		<description>Congo Bongo</description>
		<year>1983</year>
		<publisher>Sega</publisher>
		<rom name="congo bongo.50" size="24576" crc="4b23a757" sha1="3d467d13e34e231971e8aef86968f199c145b9b2" />
	</machine>
	<machine name="crazycln">
		<description>Crazy Clones (unfinished)</description>
		<year>1981</year>
		<publisher>Mattel Electronics</publisher>
		<rom name="crazy clones.50" size="8192" crc="e1ee408f" sha1="9a45cd3b59ddb6c9e0fcff0cd4dc6f71afd6953d" />
	</machine>
	<machine name="csspgolf">
		<description>Chip Shot: Super Pro Golf</description>
		<year>1987</year>
		<publisher>INTV</publisher>
		<rom name="chip shot - super pro golf.50" size="16384" crc="0488dc76" sha1="9094f89777e7aa4d4caea7f35c91ee5403e14877" />
		<rom name="chip shot - super pro golf.90" size="16384" crc="6089038d" sha1="23390658f2c634ba5a3d1f40d72854c44ba3deb0" />
	</machine>
	<machine name="ctennis">
		<description>Championship Tennis</description>
		<year>1985</year>
		<publisher>INTV</publisher>
		<rom name="championship tennis.50" size="16384" crc="59d1eaf3" sha1="e836a9712238843a2e319d8d9618b58373ebacbd" />
		<rom name="championship tennis.d0" size="16384" crc="c7dd6388" sha1="446514366065262ea9658e4ba399e84b2a249fb8" />
	</machine>
	<machine name="decathln">
		<description>Super Pro Decathlon</description>
		<year>1988</year>
		<publisher>INTV</publisher>
		<rom name="super pro decathlon.50" size="16384" crc="f128951f" sha1="e8ab54118bebfeb0f9385c9ec200a4b95a9ad280" />
		<rom name="super pro decathlon.90" size="16384" crc="fd979dc9" sha1="b0529b35e78a945df2e874bebbe770e3929d2f97" />
	</machine>
	<machine name="defender">
		<description>Defender</description>
		<year>1983</year>
		<publisher>Atarisoft</publisher>
		<rom name="defender.50" size="24576" crc="d8f99aa2" sha1="85af8649c04198b00cecdea2661192db6631dc80" />
	</machine>
	<machine name="demoblue">
		<description>Demonstration Cartridge (blue)</description>
		<year>1978</year>
		<publisher>Mattel Electronics</publisher>
		<rom name="blue demo cart.50" size="12288" crc="c99e7554" sha1="faa9b42fabc84f26ca15d296f9a5e16f36e465c2" />
	</machine>
	<machine name="demogrn">
		<description>Demonstration Cartridge (green)</description>
		<year>1982</year>
		<publisher>Mattel Electronics</publisher>
		<rom name="green demo cart.50" size="16384" crc="52609fec" sha1="780183183d4d1fc1a23a9a0435788c3b750003d1" />
		<rom name="green demo cart.d0" size="16384" crc="9b37afbe" sha1="ad5d06b040f2ddea2b4ab9f0e98d77ee7c310498" />
	</machine>
	<machine name="demoint">
		<description>International Demonstration Cartridge</description>
		<year>1982</year>
		<publisher>Mattel Electronics</publisher>
		<rom name="international demo cart.50" size="16384" crc="5d575728" sha1="b663031fff53ff36942c5f325d25e913dd8367f1" />
		<rom name="international demo cart.d0" size="8192" crc="7a837bc9" sha1="dcc708901b391fc62bf799fa2e9db4551f93ba8f" />
	</machine>
	<machine name="demonatk">
		<description>Demon Attack</description>
		<year>1982</year>
		<publisher>Imagic</publisher>
		<rom name="demon attack.48" size="16384" crc="5e6a8cd8" sha1="d6054e8ead16f3e076c26880fe641543e8519e18" />
	</machine>
	<machine name="demored">
		<description>Demonstration Cartridge (red)</description>
		<year>1978</year>
		<publisher>Mattel Electronics</publisher>
		<rom name="red revised demo cart.50" size="16384" crc="0487675c" sha1="1744dd7db17b715cd2ef1c1b315d412ea6e20163" />
	</machine>
	<machine name="dfactor">
		<description>The Dreadnaught Factor</description>
		<year>1982</year>
		<publisher>Activision</publisher>
		<rom name="dreadnaught factor.50" size="16384" crc="3b99b889" sha1="f8a3224023b0dd27bc4a38b722e2d8016b08ce73" />
	</machine>
	<machine name="dfactorp">
		<description>The Dreadnaught Factor (prototype)</description>
		<year>1982</year>
		<publisher>Activision</publisher>
		<rom name="dreadnaught factor, the (prototype) (1983) (activision).50" size="16384" crc="bf4d0e9b" sha1="bede92706fbd137de5c24cff335f80e3447718fc" />
	</machine>
	<machine name="digdug">
		<description>Dig Dug</description>
		<year>1987</year>
		<publisher>INTV</publisher>
		<rom name="dig dug.50" size="16384" crc="dcee5827" sha1="0cd925a9e42c8cba27462b10e8925a0d64aa8870" />
		<rom name="dig dug.70" size="8192" crc="42e97dbe" sha1="5c8181af208daa76c0b992ce4d78fb918f752cae" />
		<rom name="dig dug.90" size="8192" crc="04ff025d" sha1="52e4f152b68238b3a102aeec4efa789462de2cc5" />
	</machine>
	<machine name="diner">
		<description>Diner</description>
		<year>1987</year>
		<publisher>INTV</publisher>
		<rom name="diner.50" size="16384" crc="1190a27c" sha1="594b1474396a5414d40d367a8d7c8f783eae701c" />
		<rom name="diner.90" size="16384" crc="16e17499" sha1="e2b5569606030ba26d0dcd0a6e3c3e338f23d70a" />
	</machine>
	<machine name="dkong">
		<description>Donkey Kong</description>
		<year>1982</year>
		<publisher>Coleco</publisher>
		<rom name="donkey kong.50" size="8192" crc="c30f61c0" sha1="93807afeee023ce6c787b073705c8bf32bbd8abf" />
	</machine>
	<machine name="dkongarc">
		<description>Donkey Kong Arcade</description>
		<year>200?</year>
		<publisher>IntelligentVision</publisher>
		<rom name="dkinty.50" size="16384" crc="93a9826c" sha1="477ab844aaea8fd18fc8b8c846dbfb78280b924d" />
		<rom name="dkinty.90" size="16384" crc="a927412f" sha1="acb7359db142c1b77c3a17d1547ecc8a259d3f02" />
		<rom name="dkinty.d0" size="8192" crc="642d6557" sha1="5a2fa6bd9a6c173581da5d08699a44198da0231c" />
		<rom name="dkinty.f0" size="8192" crc="3e39ee68" sha1="c266e320a9b2266c7db44bc0965e2b68ffa18e27" />
	</machine>
	<machine name="dkongjr">
		<description>Donkey Kong Jr</description>
		<year>1983</year>
		<publisher>Coleco</publisher>
		<rom name="donkey kong jr.50" size="16384" crc="6df61a9f" sha1="9d983308ef7051eef0c324e696776a6f9b9c38d4" />
	</machine>
	<machine name="dracula">
		<description>Dracula</description>
		<year>1982</year>
		<publisher>Imagic</publisher>
		<rom name="dracula.50" size="16384" crc="84bedcc1" sha1="d211da07ab620854ee7a2de3bc103d71d649612f" />
	</machine>
	<machine name="drgnfire">
		<description>Dragonfire</description>
		<year>1982</year>
		<publisher>Imagic</publisher>
		<rom name="dragonfire.50" size="8192" crc="af8718a1" sha1="dd6b105c7de9f29e98f11466b063b477af7c3260" />
	</machine>
	<machine name="ecs">
		<description>Entertainment Computer System</description>
		<year>19??</year>
		<publisher>Mattel Electronics</publisher>
		<rom name="ecs_rom.20" size="8192" crc="5f9d05e5" sha1="083a3e7405b8f8b4b8a5003ca9c31b8d824b535c" />
		<rom name="ecs_rom.70" size="8192" crc="46bb1f48" sha1="eda44a8476fdada1ae90fba0d0287611e2efa074" />
		<rom name="ecs_rom.e0" size="8192" crc="c2ebcd90" sha1="b3c14955f56c57e6f0d8fbb695771946cfcf6582" />
	</machine>
	<machine name="esb">
		<description>Star Wars: The Empire Strikes Back</description>
		<year>1983</year>
		<publisher>Parker Brothers</publisher>
		<rom name="star wars - the empire strikes back.50" size="8192" crc="d5b0135a" sha1="b2995abe45c57e85c36927ba82c428bfbe06cb70" />
	</machine>
	<machine name="fathom">
		<description>Fathom</description>
		<year>1983</year>
		<publisher>Imagic</publisher>
		<rom name="fathom.50" size="16384" crc="4221ede7" sha1="49646878c9698c9749b3665110acde0906b8f69c" />
	</machine>
	<machine name="football">
		<description>NFL Football</description>
		<year>1978</year>
		<publisher>Mattel Electronics</publisher>
		<rom name="football.50" size="8192" crc="4b91cf16" sha1="525dffeb7b53c88bd2e8076c421388ed72e2c90d" />
	</machine>
	<machine name="frogbog">
		<description>Frog Bog</description>
		<year>1982</year>
		<publisher>Mattel Electronics</publisher>
		<rom name="frog bog.50" size="8192" crc="37222762" sha1="58842e4425ad5a8f6ec65528c4b485039057f289" />
	</machine>
	<machine name="frogger">
		<description>Frogger</description>
		<year>1983</year>
		<publisher>Parker Brothers</publisher>
		<rom name="frogger.50" size="8192" crc="d27495e9" sha1="c84f2a2f0007de06057f7e22a489f76def482c86" />
	</machine>
	<machine name="gftgold">
		<description>Go for the Gold! (prototype)</description>
		<year>1983</year>
		<publisher>Mattel Electronics</publisher>
		<rom name="go for the gold.50" size="16384" crc="dbca82c5" sha1="d68c49bdc62674f51fa26218a4e1422ec46bd41d" />
	</machine>
	<machine name="golf">
		<description>PGA Golf</description>
		<year>1979</year>
		<publisher>Mattel Electronics</publisher>
		<rom name="golf.50" size="8192" crc="ff87faec" sha1="5bbbdadb74fe62546594a4778928cf1287016083" />
	</machine>
	<machine name="gridshk">
		<description>Grid Shock (prototype)</description>
		<year>1982</year>
		<publisher>Mattel Electronics</publisher>
		<rom name="grid shock.50" size="8192" crc="291ac826" sha1="b7a811a854dacd5e1b8e809baa5ce6ca1168ab53" />
	</machine>
	<machine name="hardhat">
		<description>Party Line: Hard Hat (unreleased)</description>
		<year>1983</year>
		<publisher>Mattel Electronics</publisher>
		<rom name="hard hat.50" size="16384" crc="b6a3d4de" sha1="88c68c9766932df8ef11f5110881fa9b6954d965" />
	</machine>
	<machine name="hheggs">
		<description>Happy Holidays: Easter Eggcitement (prototype)</description>
		<year>1981</year>
		<publisher>Mattel Electronics</publisher>
		<rom name="happy holidays - easter eggcitement.50" size="8192" crc="20ace89d" sha1="b5d4e3b153a79fe34b07281a033e87445af6dbd0" />
	</machine>
	<machine name="hhsanta">
		<description>Happy Holidays: Santa's Helper (prototype)</description>
		<year>1983</year>
		<publisher>Mattel Electronics</publisher>
		<rom name="happy holidays - santas helper.50" size="8192" crc="e221808c" sha1="58c55d4708155e687bf4d359a5a1a66ff97a7ca7" />
	</machine>
	<machine name="hhtrick">
		<description>Happy Holidays: Trick or Treat (prototype)</description>
		<year>1981</year>
		<publisher>Mattel Electronics</publisher>
		<rom name="happy holidays - trick or treat.50" size="8192" crc="4830f720" sha1="c94a09bd76b65366717c39cbf42c60afb34b37cc" />
	</machine>
	<machine name="hlights">
		<description>Hypnotic Lights (prototype)</description>
		<year>1981</year>
		<publisher>Mattel Electronics</publisher>
		<rom name="hypnotic lights.50" size="8192" crc="a3147630" sha1="7aa48d1249d52a51223e99a98799b01f46cfc3d9" />
	</machine>
	<machine name="hockey">
		<description>NHL Hockey</description>
		<year>1979</year>
		<publisher>Mattel Electronics</publisher>
		<rom name="hockey.50" size="8192" crc="76564a13" sha1="3395c6764f60d90d96966b28ee96742b5782d59f" />
	</machine>
	<machine name="horserac">
		<description>Horse Racing</description>
		<year>1981</year>
		<publisher>Mattel Electronics</publisher>
		<rom name="horse racing.50" size="8192" crc="b5c7f25d" sha1="bd024190395a6d5c9aecadb49d59511e265ff7b3" />
	</machine>
	<machine name="htrails">
		<description>Happy Trails</description>
		<year>1983</year>
		<publisher>Activision</publisher>
		<rom name="happy trails.50" size="8192" crc="4b8c5932" sha1="5bd74fd0246da1441f4af76dc9592f7809f8a821" />
	</machine>
	<machine name="hvrfor3d">
		<description>Hover Force 3D (unreleased)</description>
		<year>1984</year>
		<publisher>Mattel Electronics</publisher>
		<rom name="hover force_3d.50" size="16384" crc="37772f79" sha1="fa8f02330397fc47665e727fb7f214b551130b29" />
		<rom name="hover force_3d.90" size="24576" crc="1cf011ef" sha1="5cfc7a9bb09937d499b3cdfd5e84a3e975f543a6" />
		<rom name="hover force_3d.d0" size="8192" crc="d6e96ddc" sha1="2833c891028772d2a3acf23dce67e3cd597d486f" />
	</machine>
	<machine name="hvrforce">
		<description>Hover Force</description>
		<year>1986</year>
		<publisher>INTV</publisher>
		<rom name="hover force.50" size="16384" crc="4c3644b8" sha1="4cf770275315480d11c2bb8506fe49175e4f1a68" />
		<rom name="hover force.90" size="24576" crc="75d45110" sha1="f7d9d7c932be1cbf65dcfff0cfdab9e8b8f86661" />
		<rom name="hover force.d0" size="8192" crc="ed7c8fac" sha1="140986d67ba22e5c344e27ac74fa3e14f35097e7" />
	</machine>
	<machine name="icetrek">
		<description>Ice Trek</description>
		<year>1983</year>
		<publisher>Imagic</publisher>
		<rom name="ice trek.50" size="16384" crc="4f3e3f69" sha1="d70bd2d71227faba51de575df110818ed50bdee7" />
	</machine>
	<machine name="illusion">
		<description>Illusions (unreleased)</description>
		<year>1983</year>
		<publisher>Mattel Electronics</publisher>
		<rom name="illusions.50" size="16384" crc="851f3ccb" sha1="fd7bb50812e207b03295ff2abf973b935a0d28de" />
	</machine>
	<machine name="imitc">
		<description>IMI Test Cartridge</description>
		<year>1978</year>
		<publisher>Mattel Electronics</publisher>
		<rom name="imi test cart.70" size="8192" crc="7217ca7b" sha1="2ca1ef7426e62c50dfd5b375428cf09e76600944" />
	</machine>
	<machine name="istar">
		<description>Istar</description>
		<year>2010?</year>
		<publisher>IntelligentVision</publisher>
		<rom name="istar.50" size="12288" crc="7899e5ba" sha1="997d1b679768296fc2db120a93cc1880318637cf" />
	</machine>
	<machine name="kingotm">
		<description>King of the Mountain (unreleased)</description>
		<year>1982</year>
		<publisher>Mattel Electronics</publisher>
		<rom name="king of the mountain.50" size="16384" crc="3b689be9" sha1="794f7fbf5592a1c4962264db3b21d543763462ad" />
		<rom name="king of the mountain.d0" size="16384" crc="45e7021d" sha1="3e6c17470ce5a92b28fa476c94ae0b84ab01e9c2" />
	</machine>
	<machine name="kingotmf">
		<description>King of the Mountain (fixed?)</description>
		<year>200?</year>
		<publisher>IntelligentVision</publisher>
		<rom name="king of the mountain (alt).50" size="16384" crc="3634697b" sha1="c20c17bd68e92b7f81a522c4c1d0dd4ae8926bdd" />
		<rom name="king of the mountain (alt).d0" size="16896" crc="2c7f5de1" sha1="c86a04a969542a08b46ef50dd30c649ad6ef5b47" />
	</machine>
	<machine name="koolaidm">
		<description>Kool-Aid Man</description>
		<year>1983</year>
		<publisher>Mattel Electronics</publisher>
		<rom name="kool-aid man.50" size="16384" crc="8c9819a2" sha1="9ceab1a49090c4d8b55b3e85c845b1d3a5537ddb" />
	</machine>
	<machine name="ladybug">
		<description>Lady Bug</description>
		<year>1983</year>
		<publisher>Coleco</publisher>
		<rom name="lady bug.50" size="16384" crc="a6840736" sha1="ca3f0d52fc077c98becefe3e566895807840152a" />
	</machine>
	<machine name="landbttl">
		<description>Land Battle (unreleased)</description>
		<year>1982</year>
		<publisher>Mattel Electronics</publisher>
		<rom name="land battle.50" size="16384" crc="3825c25b" sha1="97073f31a8c9b5b04e773fcb145c4235a4712ff7" />
	</machine>
	<machine name="lfun1">
		<description>Learning Fun I: Math Master Factor Fun</description>
		<year>1987</year>
		<publisher>INTV</publisher>
		<rom name="learning fun i.50" size="16384" crc="2c5fd5fa" sha1="6eeaeb4ca39d30b6255814cd9f92cf8d092c393d" />
	</machine>
	<machine name="lfun2">
		<description>Learning Fun II: Word Wizard Memory Fun</description>
		<year>1987</year>
		<publisher>INTV</publisher>
		<rom name="learning fun ii.50" size="16384" crc="632f6adf" sha1="134af61bc7b06489d35a7474f8a29ef80db6f332" />
	</machine>
	<machine name="llight1">
		<description>League of Light (prototype, alt)</description>
		<year>1983</year>
		<publisher>Activision</publisher>
		<rom name="league of light (prototype) (1983) (activision) [a1].50" size="16384" crc="19360442" sha1="9c36d2fec6c1c2bc01bb3863997e267f74325e06" />
	</machine>
	<machine name="llight2">
		<description>League of Light (prototype, alt 2)</description>
		<year>1983</year>
		<publisher>Activision</publisher>
		<rom name="league of light (prototype) (1983) (activision) [a2].50" size="16384" crc="75ee64f6" sha1="43693f63b502029a15b93fc63be8e06cafa38085" />
	</machine>
	<machine name="llight">
		<description>League of Light (prototype)</description>
		<year>1983</year>
		<publisher>Activision</publisher>
		<rom name="league of light.50" size="16384" crc="b4287b95" sha1="ea729d124f02b87e3357ae62cce0f49242073141" />
	</machine>
	<machine name="lnc2">
		<description>Lock 'n' Chase (later version)</description>
		<year>1982</year>
		<publisher>Mattel Electronics</publisher>
		<rom name="lock n chase (later version).50" size="16384" crc="5c7e9848" sha1="ac889a1d76b40be1a7e7562c8cb8b3f9d00f3728" />
	</machine>
	<machine name="lnc">
		<description>Lock 'n' Chase</description>
		<year>1982</year>
		<publisher>Mattel Electronics</publisher>
		<rom name="lock n chase (6k).50" size="12288" crc="04977992" sha1="08454a5f7b44730aa8249623785dd7a6471ab98f" />
	</machine>
	<machine name="locomotn">
		<description>Loco-Motion</description>
		<year>1982</year>
		<publisher>Mattel Electronics</publisher>
		<rom name="loco-motion.50" size="16384" crc="6b6e80ee" sha1="a5479d68f90d77234b6acc4d7ee93a356d5fd961" />
	</machine>
	<machine name="magic">
		<description>Magic Carousel (prototype)</description>
		<year>1983</year>
		<publisher>INTV</publisher>
		<rom name="magic carousel.50" size="16384" crc="a1b985d2" sha1="2fdeb148f4376f1fa8eeff3a887465dfd8ffbb7d" />
		<rom name="magic carousel.d0" size="16384" crc="86bc2541" sha1="997a9b9ecb88df4f90f1f8c3cbf817c057c4a933" />
	</machine>
	<machine name="masters2">
		<description>Masters of the Universe II (prototype)</description>
		<year>1982</year>
		<publisher>Mattel Electronics</publisher>
		<rom name="masters of the universe ii.50" size="16384" crc="bab638f2" sha1="a7ab293fc906d18db415f647634be2f2bed1e93a" />
	</machine>
	<machine name="masters">
		<description>Masters of the Universe: The Power of He-Man</description>
		<year>1983</year>
		<publisher>Mattel Electronics</publisher>
		<rom name="masters of the universe.50" size="16384" crc="143e8ca2" sha1="0f54ee719269ac96443ceab78f96224ce1516296" />
		<rom name="masters of the universe.d0" size="8192" crc="9c94b9f8" sha1="b18daefc51c709e7f0e20df0b937faded3a51fe9" />
		<rom name="masters of the universe.f0" size="8192" crc="7655e78a" sha1="c11533e250ab71ea27d0fec0225ddfbd69b17c41" />
	</machine>
	<machine name="mathfun">
		<description>Electric Company: Math Fun</description>
		<year>1978</year>
		<publisher>Mattel Electronics</publisher>
		<rom name="electric company - math fun.50" size="8192" crc="54a3fc11" sha1="6cdb18d1dd3cd57058263904934b37d4713342e6" />
	</machine>
	<machine name="mbuggies">
		<description>Stadium Mud Buggies</description>
		<year>1988</year>
		<publisher>INTV</publisher>
		<rom name="stadium mud buggies.50" size="16384" crc="dbad22a8" sha1="774264e61849e9dbfb111f618a07296ff8399b52" />
		<rom name="stadium mud buggies.90" size="16384" crc="c526a9d0" sha1="0a1b012719f4b7a89fa57ef6ee4d7f8e556b10f7" />
	</machine>
	<machine name="minehunt">
		<description>Minehunter (download version)</description>
		<year>2004</year>
		<publisher>IntelligentVision</publisher>
		<rom name="minehunter.50" size="16384" crc="a9f1d874" sha1="4bbac2b5264f4d357e7223b2373b078c622c08a9" />
	</machine>
	<machine name="minehunta">
		<description>Minehunter (download version, alt?)</description>
		<year>2004</year>
		<publisher>IntelligentVision</publisher>
		<rom name="minehunta.50" size="15872" crc="94096229" sha1="a351edd058431ed2aeccc0554041a17258c01c28" />
	</machine>
	<machine name="minotaur2">
		<description>Minotaur (prototype, v2)</description>
		<year>1981</year>
		<publisher>Mattel Electronics</publisher>
		<rom name="minotaur v2 (1981) (mattel).50" size="16384" crc="5a4ce519" sha1="3f6939a673f0ace5d02d7ebb5d9e44dfd4d80413" />
	</machine>
	<machine name="minotaur11">
		<description>Minotaur (prototype, v1.1)</description>
		<year>1981</year>
		<publisher>Mattel Electronics</publisher>
		<rom name="minotaur v1.1 (1981) (mattel).50" size="16384" crc="6746607b" sha1="227d64182bc8adf46a17903c57c553353dd5e65a" />
	</machine>
	<machine name="minotaur">
		<description>Minotaur (prototype)</description>
		<year>1981</year>
		<publisher>Mattel Electronics</publisher>
		<rom name="minotaur (1981) (mattel).50" size="16384" crc="bd731e3c" sha1="1cf301a48856cff7ac5e2162889fd0f3956d911c" />
	</machine>
	<machine name="missionx">
		<description>Mission X</description>
		<year>1982</year>
		<publisher>Mattel Electronics</publisher>
		<rom name="mission x.50" size="16384" crc="11fb9974" sha1="2e6760f418f4e54a244fe1baa57e573573cc1b7d" />
	</machine>
	<machine name="mmskiing">
		<description>Mountain Madness Super Pro Skiing</description>
		<year>1987</year>
		<publisher>INTV</publisher>
		<rom name="mountain madness - super pro skiing.50" size="16384" crc="6b5ea9c4" sha1="7cbb5fce8b9d44412b98d32a5ea752ec51590785" />
	</machine>
	<machine name="motox">
		<description>Motocross</description>
		<year>1982</year>
		<publisher>Mattel Electronics</publisher>
		<rom name="motocross.50" size="16384" crc="5f6e1af6" sha1="109e0a05e73239962ded327827c7957960802744" />
	</machine>
	<machine name="mspacman">
		<description>Ms. Pac-Man</description>
		<year>1986</year>
		<publisher>&lt;homebrew&gt;</publisher>
		<rom name="ms.50" size="16384" crc="22b97bf6" sha1="e57eed80cb38ca1d597cfe51cb0a8d5c08647aad" />
		<rom name="ms.88" size="24576" crc="714bc9b0" sha1="91d6ddd487fd8d5559a5abc3025af12f7aac889a" />
		<rom name="ms.d0" size="24576" crc="467e8990" sha1="68be9156d29925575ac2838a2cd52e7c87ac568e" />
	</machine>
	<machine name="msurgeon">
		<description>Microsurgeon</description>
		<year>1982</year>
		<publisher>Imagic</publisher>
		<rom name="microsurgeon.48" size="16384" crc="e806ad91" sha1="1390f0076470504037720b20f84404d502988231" />
	</machine>
	<machine name="mte201">
		<description>MTE-201 Test Cartridge</description>
		<year>1978</year>
		<publisher>Mattel Electronics</publisher>
		<rom name="mte-201.50" size="8192" crc="dab36628" sha1="5e83a945f231f55d5ddfa9527f9b94da06e77058" />
		<rom name="mte-201.70" size="8192" crc="5f0d7486" sha1="f4174fdbcd4639bc7356f93552dda913d86e18ac" />
	</machine>
	<machine name="mtrap">
		<description>Mouse Trap</description>
		<year>1982</year>
		<publisher>Coleco</publisher>
		<rom name="mouse trap.50" size="8192" crc="598662f2" sha1="fd942dde74c6006a70dbc6902a2e0ed416edaa55" />
	</machine>
	<machine name="mycastle">
		<description>Mystic Castle (prototype)</description>
		<year>1982</year>
		<publisher>Mattel Electronics</publisher>
		<rom name="mystic castle.50" size="16384" crc="7751256b" sha1="73f61c7dce233a605c8cecd49aec13b1d5985315" />
		<rom name="mystic castle.90" size="16384" crc="4acbeb19" sha1="65c2ec11e5d1a9d8d8f2e044428cbf5bf2022532" />
	</machine>
	<machine name="novablst">
		<description>Nova Blast</description>
		<year>1983</year>
		<publisher>Imagic</publisher>
		<rom name="nova blast.50" size="16384" crc="5ee2cc2a" sha1="ca18f2938168ec681ee34cb25a08c87b752a5024" />
	</machine>
	<machine name="nstalker">
		<description>Night Stalker</description>
		<year>1982</year>
		<publisher>Mattel Electronics</publisher>
		<rom name="night stalker.50" size="8192" crc="7334cd44" sha1="13e321593daf93c2e3e964a05e43e4bb21da6ea6" />
	</machine>
	<machine name="pacman">
		<description>Pac-Man (Atarisoft)</description>
		<year>1983</year>
		<publisher>Atarisoft</publisher>
		<rom name="pac-man.50" size="24576" crc="a21c31c3" sha1="66ddc9c56edee06564c1252c7c6bc3123da8c31d" />
	</machine>
	<machine name="pacmana">
		<description>Pac-Man (INTV)</description>
		<year>1983</year>
		<publisher>INTV</publisher>
		<rom name="pac-man - intv.50" size="24576" crc="6e4e8eb4" sha1="48023975e4ba875b745b5b9aac0fb562922b50c3" />
	</machine>
	<machine name="pinball">
		<description>Pinball</description>
		<year>1981</year>
		<publisher>Mattel Electronics</publisher>
		<rom name="pinball.50" size="16384" crc="eea1a9a7" sha1="89a725d2c404a27ce5f931a896c1f411ea6707bd" />
		<rom name="pinball.d0" size="8192" crc="ce21806d" sha1="532cb88d9a6797ca218c5364275cb57691eb1322" />
	</machine>
	<machine name="pitfall">
		<description>Pitfall!</description>
		<year>1982</year>
		<publisher>Activision</publisher>
		<rom name="pitfall.50" size="8192" crc="9c75efcc" sha1="1f4087be2c0a51ed08e49e6498794a9d26dc0d65" />
	</machine>
	<machine name="poker">
		<description>Las Vegas Poker &amp; Blackjack</description>
		<year>1979</year>
		<publisher>Mattel Electronics</publisher>
		<rom name="poker and blackjack.50" size="8192" crc="604611c0" sha1="a6c03e253e615a06f838e623df5f557636fdf8e1" />
	</machine>
	<machine name="polepos">
		<description>Pole Position</description>
		<year>1987</year>
		<publisher>INTV</publisher>
		<rom name="pole position.50" size="16384" crc="f57537c2" sha1="2fe2c9f0823c0040ba7731749d84063f41032da6" />
		<rom name="pole position.90" size="16384" crc="ee3027cc" sha1="90dbe6347c50e83c330c4dd526ecddd54fa174dc" />
	</machine>
	<machine name="pool">
		<description>Deep Pockets: Super Pro Pool and Billiards (unreleased)</description>
		<year>1990</year>
		<publisher>Mattel Electronics</publisher>
		<rom name="deep pockets - super pro pool and billiards.50" size="16384" crc="4f4fb03f" sha1="ce0bd5a79474dadf9f025edf121c466c2686ce75" />
		<rom name="deep pockets - super pro pool and billiards.90" size="16384" crc="233c364d" sha1="e87a81345822f3417830f181169970c9aefaf9e3" />
	</machine>
	<machine name="popeye">
		<description>Popeye</description>
		<year>1983</year>
		<publisher>Parker Brothers</publisher>
		<rom name="popeye.50" size="16384" crc="c51464e0" sha1="fc468df3ab11c52f157a0c6b881c61f43cb5c88a" />
	</machine>
	<machine name="qbert">
		<description>Q*bert</description>
		<year>1983</year>
		<publisher>Parker Brothers</publisher>
		<rom name="q-bert.50" size="16384" crc="d8c9856a" sha1="60132870a1bf5f5b9d0aa19b4dd9c13a94702f70" />
	</machine>
	<machine name="quest">
		<description>Quest</description>
		<year>19??</year>
		<publisher>&lt;unknown&gt;</publisher>
		<rom name="quest.00" size="16384" crc="540281d5" sha1="30a3c0d4cf1d939f8a1b4e6ff3fc18a2e13f3e7e" />
		<rom name="quest.50" size="16384" crc="6d5013df" sha1="c1535a9dd54d621ca3d44fd9ca1b5d5c745eb3ad" />
		<rom name="quest.d0" size="16384" crc="869ce44f" sha1="43196b47bde3fccf281c355f2966c71099a6a436" />
	</machine>
	<machine name="rdealer">
		<description>Royal Dealer</description>
		<year>1981</year>
		<publisher>Mattel Electronics</publisher>
		<rom name="royal dealer.50" size="12288" crc="0458a491" sha1="918e59d79672577b8b327c5d00c95d03e5e0c920" />
	</machine>
	<machine name="reversi">
		<description>Reversi</description>
		<year>1981</year>
		<publisher>Mattel Electronics</publisher>
		<rom name="reversi.50" size="8192" crc="c7bb1b0e" sha1="3eea6f5c02942eb3ac96967e3b667911459d09f8" />
	</machine>
	<machine name="riveraid">
		<description>River Raid</description>
		<year>1983</year>
		<publisher>Activision</publisher>
		<rom name="river raid.50" size="16384" crc="8910c37a" sha1="6c1aa94983c25ed484cc85dadabf0102b5c46726" />
	</machine>
	<machine name="riveraidp">
		<description>River Raid (prototype)</description>
		<year>1983?</year>
		<publisher>Activision</publisher>
		<rom name="river raid v1 (prototype) (1982-83) (activision).50" size="16384" crc="95466ad3" sha1="2e148e09261ed89be0578abbb568b7225fc8621b" />
	</machine>
	<machine name="rockybw">
		<description>Rocky &amp; Bullwinckle (unreleased)</description>
		<year>1983</year>
		<publisher>Mattel Electronics</publisher>
		<rom name="rockey &amp; bullwinckle.50" size="16384" crc="867f1941" sha1="86053c388dbee82216159fa7f4d95756ffd9d37d" />
	</machine>
	<machine name="roulette">
		<description>Las Vegas Roulette</description>
		<year>1979</year>
		<publisher>Mattel Electronics</publisher>
		<rom name="roulette.50" size="8192" crc="48d74d3c" sha1="b7773c3cc93afe4820287c3f1c14345a1a14e1ee" />
	</machine>
	<machine name="rrubble1">
		<description>Robot Rubble (prototype, v1)</description>
		<year>1983</year>
		<publisher>Activision</publisher>
		<rom name="robot rubble v1 (prototype) (1983) (activision).50" size="8192" crc="7473916d" sha1="99da0316641a7639ef4be71e5904b2399f36d4cb" />
	</machine>
	<machine name="rrubble2">
		<description>Robot Rubble (prototype, v2)</description>
		<year>1983</year>
		<publisher>Activision</publisher>
		<rom name="robot rubble v2 (prototype) (1983) (activision).50" size="8192" crc="a5e28783" sha1="7dfc58a14d57c7bd520007b2fb7e9173f3175752" />
	</machine>
	<machine name="rrubble">
		<description>Robot Rubble (prototype)</description>
		<year>1983</year>
		<publisher>Activision</publisher>
		<rom name="robot rubble.50" size="16384" crc="243b0812" sha1="d2d93bb89701906793a696b8b07a514fcff7428b" />
	</machine>
	<machine name="safecrkr">
		<description>Safecracker</description>
		<year>1983</year>
		<publisher>Imagic</publisher>
		<rom name="safecracker.50" size="16384" crc="47aa7977" sha1="a6a60d4c17866a790351eebec9603890deeda0ff" />
	</machine>
	<machine name="scarfing">
		<description>Scarfinger (unfinished)</description>
		<year>1982</year>
		<publisher>Mattel Electronics</publisher>
		<rom name="scarfinger.50" size="16384" crc="a57862f7" sha1="a691ad56285526738760f18b8d86b07195039df0" />
		<rom name="scarfinger.90" size="16384" crc="d3d5e5af" sha1="3a4dddbcb04aeacea15a03267dc55d8a913434a6" />
	</machine>
	<machine name="scobra">
		<description>Super Cobra</description>
		<year>1983</year>
		<publisher>Parker Brothers</publisher>
		<rom name="super cobra.50" size="16384" crc="7c32c9b8" sha1="9eced3a6d0ca3a303793d96050dbec2ab1f35df6" />
	</machine>
	<machine name="seabattl">
		<description>Sea Battle</description>
		<year>1980</year>
		<publisher>Mattel Electronics</publisher>
		<rom name="sea battle.50" size="8192" crc="99ae29a9" sha1="ccb48a11f3cbfa580f2c6a1012c8d794eee9a5ec" />
	</machine>
	<machine name="sewersam">
		<description>Sewer Sam</description>
		<year>1983</year>
		<publisher>Interphase</publisher>
		<rom name="sewer sam.50" size="16384" crc="e0f0d3da" sha1="e7c2aff48dac09f2c04b867c00a587c00c0c541f" />
	</machine>
	<machine name="sgr">
		<description>SameGame &amp; Robots (download version)</description>
		<year>2005</year>
		<publisher>IntelligentVision</publisher>
		<rom name="samegame and robots.50" size="16384" crc="9092f2e6" sha1="0c29a0b4de011874f27c517f1f9ef16b16fdb4fc" />
		<rom name="samegame and robots.d0" size="8192" crc="675698d3" sha1="dbcc9090a3614a86dfa9747079857fe6e0c65b97" />
		<rom name="samegame and robots.f0" size="8192" crc="1a198ae9" sha1="8553cdaae55e2c0d579a0f06f857c79323d7efb6" />
	</machine>
	<machine name="shark">
		<description>Shark! Shark!</description>
		<year>1982</year>
		<publisher>Mattel Electronics</publisher>
		<rom name="shark shark.50" size="16384" crc="2a4c761d" sha1="53d10e890571ef67d39874582f3668b29c580590" />
	</machine>
	<machine name="shrpshot">
		<description>Sharp Shot</description>
		<year>1982</year>
		<publisher>Mattel Electronics</publisher>
		<rom name="sharp shot.50" size="8192" crc="ff7cb79e" sha1="0a0230a5c06f3593d683458aec3d81654904f16d" />
	</machine>
	<machine name="skiing">
		<description>U.S. Ski Team Skiing</description>
		<year>1980</year>
		<publisher>Mattel Electronics</publisher>
		<rom name="skiing.50" size="8192" crc="f093e801" sha1="f93df55f45ee9b589db5763cefe6742860b38e79" />
	</machine>
	<machine name="slamdunk">
		<description>Slam Dunk Super Pro Basketball</description>
		<year>1987</year>
		<publisher>INTV</publisher>
		<rom name="slam dunk - super pro basketball.50" size="16384" crc="e090be37" sha1="f9d1d53968f99372aa5923164e68a648308682ec" />
		<rom name="slam dunk - super pro basketball.90" size="16384" crc="7e596f89" sha1="c508ca7e7ac6f1fe65a345ccda0ae333872a7624" />
	</machine>
	<machine name="slapshot">
		<description>Slap Shot Super Pro Hockey</description>
		<year>1987</year>
		<publisher>INTV</publisher>
		<rom name="slap shot - super pro hockey.50" size="16384" crc="ba68ff28" sha1="35e27d918cad45129fcc3924fbb4f2fef8f31776" />
	</machine>
	<machine name="snafu">
		<description>Snafu</description>
		<year>1981</year>
		<publisher>Mattel Electronics</publisher>
		<rom name="snafu.50" size="8192" crc="8f959a6e" sha1="9d5c237c7fb1cf3c444f916e84ee4180d9732c4c" />
	</machine>
	<machine name="soccer2">
		<description>Soccer 2 (prototype)</description>
		<year>198?</year>
		<publisher>Mattel Electronics</publisher>
		<rom name="soccer_2.50" size="16384" crc="4d4af24e" sha1="dd08e16ba509cd1761e1007f616267e5f96f9127" />
		<rom name="soccer_2.90" size="16384" crc="c6889d72" sha1="4507d0159b1fc2c18d44330eaa70d677629b5d82" />
	</machine>
	<machine name="soccer">
		<description>NASL Soccer</description>
		<year>1979</year>
		<publisher>Mattel Electronics</publisher>
		<rom name="soccer.50" size="8192" crc="dbab54ca" sha1="3524384c2e096f22b7cb9608e0a8b9c78f4ef458" />
	</machine>
	<machine name="spacearm">
		<description>Space Armada</description>
		<year>1981</year>
		<publisher>Mattel Electronics</publisher>
		<rom name="space armada.50" size="8192" crc="e8b8eba5" sha1="2d8ddc0881b63b2f691a97eab182ed4c3ca56816" />
	</machine>
	<machine name="spacebtl">
		<description>Space Battle</description>
		<year>1979</year>
		<publisher>Mattel Electronics</publisher>
		<rom name="space battle.50" size="8192" crc="f95504e0" sha1="d6036c7e7c0da20878fd7acc9f6b476135d1e8d1" />
	</machine>
	<machine name="spacecad">
		<description>Party Line: Space Cadet (unreleased)</description>
		<year>1983</year>
		<publisher>Mattel Electronics</publisher>
		<rom name="space cadet.50" size="16384" crc="f8ef3e5a" sha1="f3cfbe285a12194ef2f6087fc70d0ed887c4ec91" />
	</machine>
	<machine name="spacecnt">
		<description>Space Cunt</description>
		<year>1983</year>
		<publisher>Mattel Electronics</publisher>
		<rom name="space cunt.50" size="16384" crc="4542d593" sha1="c946b40ba51c48d8fedc4cdb40c27e3779e2b84b" />
	</machine>
	<machine name="spacehwk">
		<description>Space Hawk</description>
		<year>1981</year>
		<publisher>Mattel Electronics</publisher>
		<rom name="space hawk.50" size="8192" crc="39d3b895" sha1="e7e4b8ad30ee69cd9e75f2b3e3d94b75e7288110" />
	</machine>
	<machine name="spatrol">
		<description>Space Patrol Teaser Edition</description>
		<year>2007?</year>
		<publisher>IntelligentVision</publisher>
		<rom name="space patrol teaser edition.50" size="16384" crc="3c3d75bf" sha1="761e379d43ba1551198dab8199764356fc615b1b" />
		<rom name="space patrol teaser edition.d0" size="8192" crc="04101767" sha1="54f8dfe0d5413097c280f72b45f6684bc9e1a3d5" />
		<rom name="space patrol teaser edition.f0" size="8192" crc="a6950b88" sha1="27891c3026f0a1fb34a13438502960485d33b24f" />
	</machine>
	<machine name="spftball">
		<description>Super Pro Football</description>
		<year>1986</year>
		<publisher>INTV</publisher>
		<rom name="super pro football.50" size="16384" crc="33f5103f" sha1="8322893973edbb4d9a231b5a8931914b72294d29" />
		<rom name="super pro football.90" size="16384" crc="c9227e76" sha1="dd85452f73f1d97c7871fd26eec334bc6cb1caa2" />
	</machine>
	<machine name="spina">
		<description>ZZZZZ! Spina the Bee</description>
		<year>200?</year>
		<publisher>IntelligentVision</publisher>
		<rom name="zzzzz spina the bee.50" size="16384" crc="01efa214" sha1="1a70d73512da0f78957bbd74b14077303e4fb905" />
	</machine>
	<machine name="sshuttle">
		<description>Space Shuttle (prototype)</description>
		<year>1981</year>
		<publisher>Mattel Electronics</publisher>
		<rom name="space shuttle.50" size="16384" crc="b16905d6" sha1="ec276c57a954c9bbe032ed166de660e77a7087be" />
		<rom name="space shuttle.d0" size="16384" crc="4b497d5e" sha1="1bc4d9af71b01cae44099297aeb0f00056463b03" />
	</machine>
	<machine name="ssoccer">
		<description>Super Soccer (unreleased)</description>
		<year>1983</year>
		<publisher>Mattel Electronics</publisher>
		<rom name="super soccer.50" size="16384" crc="02a2fb6c" sha1="b7f75755f019f5f89f99942924bc22bb2c78bd1e" />
		<rom name="super soccer.d0" size="8192" crc="fd061aff" sha1="2425e6bb365d3d617e80e29580f098eeb5af779b" />
		<rom name="super soccer.f0" size="8192" crc="3348dc4b" sha1="c723206a8f5b8e445b7ca45ad4bf05d1b36a5ab9" />
	</machine>
	<machine name="sspartan">
		<description>Space Spartans</description>
		<year>1981</year>
		<publisher>Mattel Electronics</publisher>
		<rom name="space spartans.50" size="16384" crc="3784dc52" sha1="954d5911a3a41e8f9b4664ab4f60484b2d2648b3" />
	</machine>
	<machine name="stampede">
		<description>Stampede</description>
		<year>1982</year>
		<publisher>Activision</publisher>
		<rom name="stampede.50" size="8192" crc="2deacd15" sha1="31cf8f77d889c48d2b31670e58b2ec38187f2748" />
	</machine>
	<machine name="starstrk">
		<description>Star Strike</description>
		<year>1981</year>
		<publisher>Mattel Electronics</publisher>
		<rom name="star strike.50" size="8192" crc="72e11fca" sha1="17c37fbc5ff14c55931ae27e21603dff3db66dbe" />
	</machine>
	<machine name="stonix">
		<description>Stonix (download version)</description>
		<year>2005</year>
		<publisher>IntelligentVision</publisher>
		<rom name="stonix.50" size="16384" crc="9af3ca58" sha1="46302bcdc15afc28968649cbdeb804e0190c251e" />
		<rom name="stonix.d0" size="8192" crc="9c5c4301" sha1="3eb7cb8a62080ff8ac2ac83c888cf5155a97d991" />
		<rom name="stonix.f0" size="8192" crc="baea7cb2" sha1="83a49852a6612be840e8ae75302784b99251946f" />
	</machine>
	<machine name="subhunt">
		<description>Sub Hunt</description>
		<year>1981</year>
		<publisher>Mattel Electronics</publisher>
		<rom name="sub hunt.50" size="16384" crc="3d9949ea" sha1="8b09884a69f4aa8663f42a201dd70df98f4da0fc" />
	</machine>
	<machine name="suprchef">
		<description>Super Chef BT</description>
		<year>2013?</year>
		<publisher>IntelligentVision</publisher>
		<rom name="burgrtm2.50" size="16384" crc="54848723" sha1="e791fe7ae0af267689fc831e60c407c02c5ee280" />
		<rom name="burgrtm2.d0" size="24576" crc="53feb216" sha1="d462c44ddbe91fdbfad8ef26658dc07cea4a6dbc" />
	</machine>
	<machine name="swordsas">
		<description>Swords &amp; Serpents</description>
		<year>1982</year>
		<publisher>Imagic</publisher>
		<rom name="swords and serpents.50" size="16384" crc="15e88fce" sha1="6beb8682f75e2616009faeabc08e88871fc172bd" />
	</machine>
	<machine name="takeover">
		<description>Takeover (unreleased)</description>
		<year>1982</year>
		<publisher>Mattel Electronics</publisher>
		<rom name="takeover.50" size="8192" crc="1f584a69" sha1="47057bd3811689692ac9ef3deed7248e01a5f4f5" />
	</machine>
	<machine name="tennis">
		<description>Tennis</description>
		<year>1980</year>
		<publisher>Mattel Electronics</publisher>
		<rom name="tennis.50" size="8192" crc="03e9e62e" sha1="e500b803cba6e73228a919fdedc109f0022cee3a" />
	</machine>
	<machine name="thcastle">
		<description>Thunder Castle</description>
		<year>1986</year>
		<publisher>INTV</publisher>
		<rom name="thunder castle.50" size="16384" crc="f77a5612" sha1="9a0b509b328aa0e9feff16cc0ce42150c8619e6c" />
		<rom name="thunder castle.d0" size="8192" crc="b2e18fed" sha1="2a6ba9e022bd5684eb7c2c38bdc267dee3e5b85a" />
		<rom name="thunder castle.f0" size="8192" crc="f305da4e" sha1="9be241701112e5fe9a3cbec874e64826fd02e25c" />
	</machine>
	<machine name="thinice">
		<description>Thin Ice</description>
		<year>1986</year>
		<publisher>INTV</publisher>
		<rom name="thin ice.50" size="16384" crc="0d2e9e57" sha1="211c6012c7d1a1216282bead1b01c58101dd11be" />
		<rom name="thin ice.d0" size="8192" crc="ab5d151b" sha1="807276b1180f8c90e10f5ba4c1a7cdec2b08e458" />
		<rom name="thin ice.f0" size="8192" crc="bc59178e" sha1="72d7ccbc4e00becae6ad0887da76f583eafbb895" />
	</machine>
	<machine name="thinicep">
		<description>Thin Ice (prototype)</description>
		<year>1983</year>
		<publisher>Mattel Electronics</publisher>
		<rom name="thin ice (prototype) (1983) (intv corp).50" size="16384" crc="d6495910" sha1="e038024463fc6b5577983621d861152602b281a6" />
	</machine>
	<machine name="todd">
		<description>Tag Along Todd (unfinished)</description>
		<year>200?</year>
		<publisher>IntelligentVision</publisher>
		<rom name="tag-along-todd.50" size="10752" crc="1ecdd51b" sha1="9e1666a68d50bb4a1f618cc2f9bcd7dfbadc8188" />
	</machine>
	<machine name="towerofd">
		<description>Tower of Doom</description>
		<year>1987</year>
		<publisher>INTV</publisher>
		<rom name="tower of doom.50" size="16384" crc="fc49ce10" sha1="5de3bb1ec6f1a30d94b58abb3a594e3f6202e9f0" />
		<rom name="tower of doom.90" size="16384" crc="df232856" sha1="7a612c7316b6fa56171fcfc6243cae5b097429db" />
		<rom name="tower of doom.d0" size="8192" crc="67a60cee" sha1="3b30d44d0b61bedb167f517440eb2662a2df69cf" />
		<rom name="tower of doom.f0" size="8192" crc="f683cbe6" sha1="6bea72aab5398dd0cd5c13eab57fc2f9d23fb952" />
	</machine>
	<machine name="traction">
		<description>Triple Action</description>
		<year>1981</year>
		<publisher>Mattel Electronics</publisher>
		<rom name="triple action.50" size="8192" crc="1ac989e2" sha1="6c1011b98ac76653632fd13e93466802f7d4dea9" />
	</machine>
	<machine name="trchalng">
		<description>Triple Challenge</description>
		<year>1986</year>
		<publisher>INTV</publisher>
		<rom name="triple challenge.50" size="16384" crc="29e67951" sha1="b843bda4e0be8e2a11e766961d4145e2e6d8c199" />
		<rom name="triple challenge.90" size="16384" crc="52ad0eda" sha1="cfe303f4942e8f1fe64510ac74839e47b5d2d8dc" />
	</machine>
	<machine name="trondd">
		<description>TRON Deadly Discs</description>
		<year>1981</year>
		<publisher>Mattel Electronics</publisher>
		<rom name="tron - deadly discs.50" size="8192" crc="ca447bbd" sha1="a84392c29a69a7bff5f1b521a0e836622405180a" />
	</machine>
	<machine name="tronmat">
		<description>TRON Maze-A-Tron</description>
		<year>1981</year>
		<publisher>Mattel Electronics</publisher>
		<rom name="tron - maze-a-tron.50" size="16384" crc="7a558cf5" sha1="8d4eba89b8edb4c51ff0e2e4914e73f2a07bc9a6" />
	</machine>
	<machine name="tronss">
		<description>TRON Solar Sailer</description>
		<year>1982</year>
		<publisher>Mattel Electronics</publisher>
		<rom name="tron - solar sailer.50" size="16384" crc="96b2681e" sha1="08880cf77ed6ab9a20b9a2161ac2bb998b42bc78" />
		<rom name="tron - solar sailer.d0" size="8192" crc="0e45e775" sha1="a6d317c3e342c53d6ddbbf7bd774a84a6b44dfb8" />
	</machine>
	<machine name="tropical">
		<description>Tropical Trouble</description>
		<year>1982</year>
		<publisher>Imagic</publisher>
		<rom name="tropical trouble.50" size="16384" crc="6f23a741" sha1="63fadc61f9fe850bead7df76ed915ea00e569cb5" />
	</machine>
	<machine name="truckin">
		<description>Truckin'</description>
		<year>1983</year>
		<publisher>Imagic</publisher>
		<rom name="truckin.50" size="16384" crc="734f3260" sha1="b4ca75d4b6c4e937aa021e23e0fb98ef707705c7" />
	</machine>
	<machine name="turbo">
		<description>Turbo</description>
		<year>1983</year>
		<publisher>Coleco</publisher>
		<rom name="turbo.50" size="16384" crc="275f3512" sha1="23a4aafcbf5449ef0f8a684e2f87e85761e83af7" />
	</machine>
	<machine name="tutankhm">
		<description>Tutankham</description>
		<year>1983</year>
		<publisher>Parker Brothers</publisher>
		<rom name="tutankham.50" size="16384" crc="6fa698b3" sha1="12a96e4111082f1cf5bee27f850f28e20009681b" />
	</machine>
	<machine name="tv_mmaze">
		<description>Map Mazes (unreleased)</description>
		<year>1989</year>
		<publisher>World Book</publisher>
		<rom name="map mazes.50" size="16384" crc="c1814b5c" sha1="b2d3948cd333dd71365bd6e23631b6236ca252df" />
		<rom name="map mazes.90" size="16384" crc="00f53fc1" sha1="39367bb4d25d41b7117b9f7823829a18b951bbc3" />
	</machine>
	<machine name="tv_shape">
		<description>Shapes in Space (unreleased)</description>
		<year>1989</year>
		<publisher>World Book</publisher>
		<rom name="shapes in space.50" size="16384" crc="244465b5" sha1="d437121ca2f0f87bde267dad3280f02850bd1402" />
		<rom name="shapes in space.90" size="16384" crc="3ebb3230" sha1="9648652712e8c74269f0c7ea858beabe97c3dde7" />
	</machine>
	<machine name="utopia">
		<description>Utopia</description>
		<year>1981</year>
		<publisher>Mattel Electronics</publisher>
		<rom name="utopia.50" size="8192" crc="f9e0789e" sha1="d72d2a9817e75039d57b1ec877dfe2b96a306b61" />
	</machine>
	<machine name="vball">
		<description>Spiker! Super Pro Volleyball</description>
		<year>1988</year>
		<publisher>INTV</publisher>
		<rom name="spiker super pro volleyball.50" size="16384" crc="e9648c61" sha1="f36b7b8b69d5dea70a769ed44efee67f2df3cb7e" />
		<rom name="spiker super pro volleyball.90" size="16384" crc="0e0653ec" sha1="5c87a1b43bd88358e91efa8bd72f4121c96e63a2" />
	</machine>
	<machine name="vectron">
		<description>Vectron</description>
		<year>1982</year>
		<publisher>Mattel Electronics</publisher>
		<rom name="vectron.50" size="16384" crc="9ac88229" sha1="937300637b3fba2126be4ee119b9f1e902b9f15b" />
		<rom name="vectron.d0" size="8192" crc="eeaed70a" sha1="ef78c2159eb810853ba0e2c2bd0f27d15de8f7c3" />
	</machine>
	<machine name="venture">
		<description>Venture</description>
		<year>1982</year>
		<publisher>Coleco</publisher>
		<rom name="venture.50" size="16384" crc="6efa67b2" sha1="ec7c70dbec461c9ec5ce0d37290c5ed7116d537c" />
	</machine>
	<machine name="wordfun">
		<description>Electric Company: Word Fun</description>
		<year>1980</year>
		<publisher>Mattel Electronics</publisher>
		<rom name="electric company - word fun.50" size="8192" crc="c9eaacab" sha1="d3934c328465f0fb423e6a43fcc57018b78da6b9" />
	</machine>
	<machine name="worldcup">
		<description>World Cup Football</description>
		<year>1985</year>
		<publisher>INTV</publisher>
		<rom name="world cup football.50" size="16384" crc="ec17636c" sha1="f96ce3b97e2250d5a37710c55f59e29319f2cf28" />
		<rom name="world cup football.d0" size="8192" crc="0d5be7c7" sha1="9a03652e525316ec9e889b0989d22a35fb6a8358" />
		<rom name="world cup football.f0" size="8192" crc="4bb2b777" sha1="82ae81c3eb35e7e7e53c4f81a86bdf5ac3d925ff" />
	</machine>
	<machine name="wrestlng">
		<description>Body Slam Super Pro Wrestling</description>
		<year>1988</year>
		<publisher>INTV</publisher>
		<rom name="body slam - super pro wrestling.50" size="16384" crc="6b0e89c8" sha1="18193484e0a4995d3ffd9826a9dc3b6579950acf" />
		<rom name="body slam - super pro wrestling.90" size="16384" crc="79800b37" sha1="abc79afabc4273c01657de04de567e34b479bc70" />
	</machine>
	<machine name="wwater">
		<description>White Water!</description>
		<year>1982</year>
		<publisher>Imagic</publisher>
		<rom name="white water.50" size="16384" crc="f1ed7d27" sha1="b3c429b046a75384e02568708b7029e725073dc7" />
	</machine>
	<machine name="wwhomper">
		<description>Worm Whomper</description>
		<year>1983</year>
		<publisher>Activision</publisher>
		<rom name="worm whomper.50" size="8192" crc="24b667b9" sha1="e1f3c3aab41cb1850771cd566acd6fe4c1161041" />
	</machine>
	<machine name="yogi">
		<description>Yogi's Frustration (unreleased)</description>
		<year>1983</year>
		<publisher>Mattel Electronics</publisher>
		<rom name="yogi's frustration.50" size="16384" crc="7f4ba6ad" sha1="277a3ad0bdbad4fa8086655bb7508ff4bb0dde5c" />
		<rom name="yogi's frustration.d0" size="8192" crc="cf15e8c5" sha1="bbc103a8fc3d979a05dc42aa5b773355ab11df60" />
		<rom name="yogi's frustration.f0" size="8192" crc="2bc63759" sha1="463b7a8f2e139fcb8434c565b2b275b313a9d52e" />
	</machine>
	<machine name="zaxxon">
		<description>Zaxxon</description>
		<year>1983</year>
		<publisher>Coleco</publisher>
		<rom name="zaxxon.50" size="16384" crc="15c65dc5" sha1="e46a7e8d118b33a0a17130cf27bc8a4b1d2f93e2" />
	</machine>
</datafile>