<?xml version="1.0" encoding="utf-8"?>
<!DOCTYPE datafile PUBLIC "-//Logiqx//DTD ROM Management Datafile//EN" "http://www.logiqx.com/Dats/datafile.dtd">
<datafile>
	<header>
		<name>jaguar</name>
		<description>Atari Jaguar cartridges</description>
		<version></version>
		<author></author>
	</header>
	<machine name="aircars94">
		<description>Air Cars (1994 version)</description>
		<year>1994</year>
		<publisher>Midnite Entertainment Group</publisher>
		<rom name="aircars94.u1" size="1048576" crc="bbd4c4bd" sha1="4f9c914b43208eb100fb25b8be87dec370fd205d" />
		<rom name="aircars94.u2" size="1048576" crc="d9958c79" sha1="d7aa26e084b68023076ac025eff819f0e568e2a0" />
	</machine>
	<machine name="aircars">
		<description>Air Cars</description>
		<year>1997</year>
		<publisher>ICD</publisher>
		<rom name="air cars.j64" size="2097152" crc="40e1a1d0" sha1="533c497761cc802624708108bc9ef6e7c4f40296" />
	</machine>
	<machine name="atarikrt">
		<description>Atari Karts</description>
		<year>1995</year>
		<publisher>Atari</publisher>
		<rom name="atari karts (world).j64" size="4194304" crc="e28756de" sha1="9c96e6c2195ce56aa930e677a041b35bd9b8bc7e" />
	</machine>
	<machine name="atarikrtp">
		<description>Atari Karts (prototype)</description>
		<year>1995</year>
		<publisher>Atari</publisher>
		<rom name="atari karts (beta).j64" size="4194304" crc="52c996e0" sha1="1bdaaa42b38f4c93a4aba34930e3ca406ac976c9" status="baddump" />
	</machine>
	<machine name="avsp">
		<description>Alien vs Predator</description>
		<year>1994</year>
		<publisher>Atari</publisher>
		<rom name="alien vs predator (world).j64" size="4194304" crc="dc187f82" sha1="fd8c89250ebc1e403838b2e589d1f69e3fe2fe02" />
	</machine>
	<machine name="barkley">
		<description>Barkley Shut Up and Jam!</description>
		<year>2002</year>
		<publisher>B&amp;C Computervision</publisher>
		<rom name="barkley shut up and jam.j64" size="4194304" crc="aea9d831" sha1="18535f5985c840aefce0fa639131cb83a8a647f9" />
	</machine>
	<machine name="barkleyp">
		<description>Barkley Shut Up and Jam! (prototype)</description>
		<year>1994</year>
		<publisher>Accolade</publisher>
		<rom name="barkley shut up and jam (prototype).j64" size="2097152" crc="3a3b1fd2" sha1="988897fd517ebd86742971205f3b29f9d70b5686" status="baddump" />
	</machine>
	<machine name="battlesg">
		<description>Battle Sphere Gold</description>
		<year>2002</year>
		<publisher>ScatoLOGIC</publisher>
		<rom name="battle sphere gold (world).j64" size="4194304" crc="67f9ab3a" sha1="49716a6a3a4c6abeea36040f26c4e8cf2a545df7" />
	</machine>
	<machine name="battlesp">
		<description>Battle Sphere</description>
		<year>2000</year>
		<publisher>ScatoLOGIC</publisher>
		<rom name="battlesphere.j64" size="4194304" crc="5f2c2774" sha1="8f4c964d2411a52c64eec1d1a3061f77117bb7a6" />
	</machine>
	<machine name="breakout">
		<description>Breakout 2000</description>
		<year>1996</year>
		<publisher>Telegames</publisher>
		<rom name="breakout 2000.j64" size="2097152" crc="b5604d40" sha1="fe4c35c24be8df92f867b4fb42eb75a3fcc875e8" />
	</machine>
	<machine name="breakoutp">
		<description>Breakout 2000 (prototype, xx0327)</description>
		<year>1996</year>
		<publisher>Telegames</publisher>
		<rom name="breakout2000 (prototype) 3-27.j64" size="2097152" crc="20dbff9f" sha1="c8f29d04dacce1a83a1c93ab351737795d0f55db" status="baddump" />
	</machine>
	<machine name="bretth">
		<description>Brett Hull NHL Hockey</description>
		<year>2004</year>
		<publisher>B&amp;C Computervision</publisher>
		<rom name="brett hull hockey.j64" size="4194304" crc="91095dd3" sha1="7f21c6de18c46629c0d54e68143d619093b4b8d6" />
	</machine>
	<machine name="bretthp">
		<description>Brett Hull NHL Hockey (prototype)</description>
		<year>1995</year>
		<publisher>Atari</publisher>
		<rom name="brett hull hockey (cart version).j64" size="4194304" crc="a4b819e4" sha1="77a9277a9b064c2f83c14c101368967ca50a50e4" status="baddump" />
	</machine>
	<machine name="brutalsp">
		<description>Brutal Sports Football</description>
		<year>1994</year>
		<publisher>Telegames</publisher>
		<rom name="brutal sports football (world).j64" size="2097152" crc="bcb1a4bf" sha1="cdfefdf28dd9127f7a9425088a1ee3ea88dfb618" />
	</machine>
	<machine name="bubsy">
		<description>Bubsy in Fractured Furry Tales</description>
		<year>1994</year>
		<publisher>Atari</publisher>
		<rom name="bubsy in fractured furry tales (world).j64" size="2097152" crc="2e17d5da" sha1="752d6e1ed185f9db49230f42319a573a44e32397" />
	</machine>
	<machine name="cfodder">
		<description>Cannon Fodder</description>
		<year>1995</year>
		<publisher>Virgin Interactive</publisher>
		<rom name="cannon fodder (world).j64" size="2097152" crc="bda405c6" sha1="0c195676be099f4594ce1d5a38303f6cce899dc5" />
	</machine>
	<machine name="chekflag">
		<description>Checkered Flag</description>
		<year>1994</year>
		<publisher>Atari</publisher>
		<rom name="checkered flag (world).j64" size="2097152" crc="fa7775ae" sha1="4d0cc8d248a8bd0fc4b8169c5d5772e59c073c59" />
	</machine>
	<machine name="clubdriv">
		<description>Club Drive</description>
		<year>1994</year>
		<publisher>Atari</publisher>
		<rom name="club drive (world).j64" size="2097152" crc="eee8d61d" sha1="6588f7d677463d0ef10cf905d44a2581fd9dd055" />
	</machine>
	<machine name="cybermor1">
		<description>Cybermorph (Rev. A)</description>
		<year>1993</year>
		<publisher>Atari</publisher>
		<rom name="cybermorph (world) (rev 1).j64" size="2097152" crc="bde67498" sha1="e00ab55f555fd1fe63b4fce66a9b8ffe3485963e" />
	</machine>
	<machine name="cybermor">
		<description>Cybermorph (Rev. B)</description>
		<year>1994</year>
		<publisher>Atari</publisher>
		<rom name="cybermorph (world) (rev 2).j64" size="1048576" crc="ecf854e7" sha1="c9aa59769df207d85d9212d619c266c793c9063b" />
	</machine>
	<machine name="cybermorp">
		<description>Cybermorph (prototype)</description>
		<year>1993</year>
		<publisher>Atari</publisher>
		<rom name="cybermorph (early prototype).j64" size="1048576" crc="9eb389f9" sha1="589efbc772360fa51eddc096a162c8d9fe7838d3" status="baddump" />
	</machine>
	<machine name="cybrgolf">
		<description>Jack Nicklaus Cyber Golf examples (prototype, v0.01, 19940704)</description>
		<year>1994</year>
		<publisher>Atari</publisher>
		<rom name="cyber golf v.001 (1994).j64" size="2097152" crc="7733f701" sha1="271e9411eb9e6c74240d254bdd7bab9a039bc6d9" status="baddump" />
	</machine>
	<machine name="cybrgolfa">
		<description>Cyber Golf (prototype)</description>
		<year>199?</year>
		<publisher>Atari</publisher>
		<rom name="cyber golf v0.03 (19xx)(atari)[prototype].j64" size="1048576" crc="e20f0eef" sha1="89306ada943c87da740e6166f1f53837566513e2" status="baddump" />
	</machine>
	<machine name="cybrgolfb">
		<description>Cyber Golf (prototype, alt)</description>
		<year>199?</year>
		<publisher>Atari</publisher>
		<rom name="cyber golf v0.04 (19xx)(atari)[prototype].j64" size="1048576" crc="be5e9ef1" sha1="cecec725301d7540f9392618f4fc948def88d398" status="baddump" />
	</machine>
	<machine name="ddragon5">
		<description>Double Dragon V - The Shadow Falls</description>
		<year>1995</year>
		<publisher>Tradewest</publisher>
		<rom name="double dragon v - the shadow falls (world).j64" size="2097152" crc="348e6449" sha1="d66b4e5f9ac27d53f0d781c741e420698630b9fc" />
	</machine>
	<machine name="defender">
		<description>Defender 2000</description>
		<year>1996</year>
		<publisher>Atari</publisher>
		<rom name="defender 2000 (world).j64" size="4194304" crc="27594c6a" sha1="13a4084bd5be1cca21d83d4c26b5b8e5cf1a3e30" />
	</machine>
	<machine name="defenderp">
		<description>Defender 2000 (prototype)</description>
		<year>1996</year>
		<publisher>Atari</publisher>
		<rom name="defender 2000 (prototype).j64" size="4194304" crc="952d07f0" sha1="ae497f4839bde6c12c87c651a80633a23d6d0713" status="baddump" />
	</machine>
	<machine name="dinodude">
		<description>Evolution - Dino Dudes</description>
		<year>1994</year>
		<publisher>Atari</publisher>
		<rom name="evolution - dino dudes (world).j64" size="2097152" crc="0ec5369d" sha1="179b511464abcda5a5de9f971bd5cb5775d8c313" />
	</machine>
	<machine name="doom">
		<description>Doom</description>
		<year>1994</year>
		<publisher>Atari</publisher>
		<rom name="doom (world).j64" size="4194304" crc="5e2cdbc0" sha1="20ddf412e42a50d526cbbb6411bf0ec4516db283" />
	</machine>
	<machine name="dragon">
		<description>Dragon - The Bruce Lee Story</description>
		<year>1994</year>
		<publisher>Virgin Interactibe</publisher>
		<rom name="dragon - the bruce lee story (world).j64" size="2097152" crc="8fea5ab0" sha1="da7f5dac4317ab0258f54da436abb8d89e530f27" />
	</machine>
	<machine name="fball95">
		<description>Arena Football '95</description>
		<year>2006</year>
		<publisher>B&amp;C Computervision</publisher>
		<rom name="arena football.j64" size="4194304" crc="199b9d83" sha1="542063a5b27659781a85821f61e85cd89ea59ab3" />
	</machine>
	<machine name="feverpit">
		<description>Fever Pitch Soccer</description>
		<year>1995</year>
		<publisher>Atari</publisher>
		<rom name="fever pitch soccer (world) (en,fr,de,es,it).j64" size="2097152" crc="3615af6a" sha1="5be3da69a64b779d064d139968fadbe1c475c715" />
	</machine>
	<machine name="fforlife1">
		<description>Fight for Life (alt)</description>
		<year>1996</year>
		<publisher>Atari</publisher>
		<rom name="fight for life (world) (alt).j64" size="4194304" crc="c6c7ba62" sha1="686176f5a7bdaef690d853523a338beb8a93d244" />
	</machine>
	<machine name="fforlife">
		<description>Fight for Life</description>
		<year>1996</year>
		<publisher>Atari</publisher>
		<rom name="fight for life (world).j64" size="4194304" crc="b14c4753" sha1="9f5b8844d58bb1c174da4824eabbfd8616ba28d2" />
	</machine>
	<machine name="fforlifep1">
		<description>Fight for Life (prototype, xx0322)</description>
		<year>1996</year>
		<publisher>Atari</publisher>
		<rom name="fight for life (beta 3-22).j64" size="4194304" crc="59458199" sha1="37fe344383d7991d19bf2c862d29a20eaf1da8ef" status="baddump" />
	</machine>
	<machine name="fforlifep">
		<description>Fight for Life (prototype, xx0907)</description>
		<year>1996</year>
		<publisher>Atari</publisher>
		<rom name="fight for life (beta 9-7).j64" size="4194304" crc="036a25e6" sha1="c92f1ff8ec83ebbe0f77f5a665169408df53b528" status="baddump" />
	</machine>
	<machine name="flashb">
		<description>Flashback - The Quest for Identity</description>
		<year>1995</year>
		<publisher>U.S. Gold</publisher>
		<rom name="flashback - the quest for identity (world) (en,fr).j64" size="2097152" crc="de55dcc7" sha1="824613451be0b99020fc02e5dba15c45e76fc8c2" />
	</machine>
	<machine name="flipout">
		<description>Flip Out!</description>
		<year>1995</year>
		<publisher>Atari</publisher>
		<rom name="flip out (world).j64" size="2097152" crc="892bc67c" sha1="886cbbaa434d6e1e7fc4401bb6d176c2788c4d19" />
	</machine>
	<machine name="gorf2k">
		<description>Gorf 2000 (Demo)</description>
		<year>2008</year>
		<publisher>&lt;unknown&gt;</publisher>
		<rom name="gorf 2000 (2008).j64" size="131072" crc="74bdcb91" sha1="cfc87be2e43032ce3902b5073e63e3c6ff0e6018" status="baddump" />
	</machine>
	<machine name="hstrike">
		<description>Hover Strike</description>
		<year>1995</year>
		<publisher>Atari</publisher>
		<rom name="hover strike (world).j64" size="2097152" crc="4899628f" sha1="94e615e7a57f7c08645322870121bb32310298f5" />
	</machine>
	<machine name="hyperfrc">
		<description>Hyper Force</description>
		<year>2000</year>
		<publisher>Songboard Productions</publisher>
		<rom name="hyper force (world).j64" size="2097152" crc="f0360db3" sha1="037396347d65d1a8b56e7db361d737ab2070118f" />
	</machine>
	<machine name="ironsol2">
		<description>Iron Soldier 2</description>
		<year>1997</year>
		<publisher>Telegames</publisher>
		<rom name="iron soldier 2 (world).j64" size="2097152" crc="d6c19e34" sha1="47b9580eb9eea121cf080cdbdc4afe7fb7a19ab5" />
	</machine>
	<machine name="ironsold">
		<description>Iron Soldier (v1.04)</description>
		<year>1994</year>
		<publisher>Atari</publisher>
		<rom name="iron soldier (world) (v1.04).j64" size="2097152" crc="08f15576" sha1="8bdefc60dd1734315e1c145e29abf41800f908cb" />
	</machine>
	<machine name="iwar">
		<description>I-War</description>
		<year>1995</year>
		<publisher>Atari</publisher>
		<rom name="i-war (world).j64" size="2097152" crc="97eb4651" sha1="3db485aaa28a817f468739a85e3f25741c3855ad" />
	</machine>
	<machine name="kasumi">
		<description>Kasumi Ninja</description>
		<year>1994</year>
		<publisher>Atari</publisher>
		<rom name="kasumi ninja (world).j64" size="4194304" crc="0957a072" sha1="2327112b9c6f9b0e49c55def0adb8119ee39ce29" />
	</machine>
	<machine name="memtrack">
		<description>Memory Track</description>
		<year>1995</year>
		<publisher>Atari</publisher>
		<rom name="memory track.j64" size="131072" crc="fdf37f47" sha1="815d6e8beccc6720ffb8d349587a382409f30042" />
	</machine>
	<machine name="missil3d">
		<description>Missile Command 3D</description>
		<year>1995</year>
		<publisher>Atari</publisher>
		<rom name="missile command 3d (world).j64" size="2097152" crc="da9c4162" sha1="3ea9053a63a3b0165ccec91e85f0e699a998dc0a" />
	</machine>
	<machine name="missilvr">
		<description>Missile Command VR</description>
		<year>1995</year>
		<publisher>Atari</publisher>
		<rom name="missile command vr (not 3d).j64" size="2097152" crc="5810cadb" sha1="0e95613020d1b3a0ac76d994423c6f15ddfe9703" status="baddump" />
	</machine>
	<machine name="mutntpng">
		<description>Attack of the Mutant Penguins</description>
		<year>1996</year>
		<publisher>Atari</publisher>
		<rom name="attack of the mutant penguins (world).j64" size="2097152" crc="cd5bf827" sha1="01dc37e7a9d03246a93bcb8c6a3116cb6391ed31" />
	</machine>
	<machine name="nbajamte">
		<description>NBA Jam T.E. - Tournament Edition</description>
		<year>1996</year>
		<publisher>Atari</publisher>
		<rom name="nba jam t.e. (world).j64" size="4194304" crc="0ac83d77" sha1="b9c8ff2d26fe1e91ecd6d59b9f3f76c5b5650f26" />
	</machine>
	<machine name="pbfant">
		<description>Pinball Fantasies</description>
		<year>1995</year>
		<publisher>21st Century Entertainment</publisher>
		<rom name="pinball fantasies (world).j64" size="2097152" crc="5cff14ab" sha1="4733cf2ede2713467f2a80b052ab94edf6dfe534" />
	</machine>
	<machine name="pdrive">
		<description>Power Drive Rally</description>
		<year>1995</year>
		<publisher>Time Warner Interactive</publisher>
		<rom name="power drive rally (world).j64" size="2097152" crc="1660f070" sha1="75ee0ab0daba31284a1dff27f3c247885f5a427a" />
	</machine>
	<machine name="phase0">
		<description>Phase Zero</description>
		<year>2002</year>
		<publisher>Songbird Productions</publisher>
		<rom name="phase zero.j64" size="2097152" crc="7168b143" sha1="3ec9524921d07647f527e0a82a831f794a7d6d9b" />
	</machine>
	<machine name="pitfall">
		<description>Pitfall - The Mayan Adventure</description>
		<year>1995</year>
		<publisher>Atari</publisher>
		<rom name="pitfall - the mayan adventure (world).j64" size="4194304" crc="817a2273" sha1="25611b1cff1384db72cc5422dbe70555e5bbd32c" />
	</machine>
	<machine name="protctse">
		<description>Protector - Special Edition</description>
		<year>2002</year>
		<publisher>Songbird Productions</publisher>
		<rom name="protector - special edition (world).j64" size="2097152" crc="a56d0798" sha1="ddea86820dcaa1a67bd82cf8023f9b3c494357b0" />
	</machine>
	<machine name="protect">
		<description>Protector</description>
		<year>1999</year>
		<publisher>Songbird Productions</publisher>
		<rom name="protector.j64" size="2097152" crc="1a20c5c4" sha1="8043e3b521ea00e806d3ab79c6c548a140944db1" />
	</machine>
	<machine name="raiden1">
		<description>Raiden</description>
		<year>1994</year>
		<publisher>Atari</publisher>
		<rom name="raiden (world).j64" size="2097152" crc="0509c85e" sha1="9d2f894da3f25944c2f33e3a109ae8d0d951d329" />
	</machine>
	<machine name="raiden">
		<description>Raiden (Rev. A)</description>
		<year>1994</year>
		<publisher>Atari</publisher>
		<rom name="raiden alt.j64" size="2097152" crc="31812799" sha1="50ccf7043a702531a0e9ef86d629d5ede5255c13" />
	</machine>
	<machine name="rayman">
		<description>Rayman</description>
		<year>1995</year>
		<publisher>Ubisoft</publisher>
		<rom name="rayman (world).j64" size="4194304" crc="a9f8a00e" sha1="d22912992fd966365a1221886e0fc5303ef04a59" />
	</machine>
	<machine name="raymanp">
		<description>Rayman (prototype)</description>
		<year>1995</year>
		<publisher>Ubisoft</publisher>
		<rom name="rayman (early prototype).j64" size="2097152" crc="254dd949" sha1="ba34de71a8d278ba76bad19964d2d886ddb94a2e" status="baddump" />
	</machine>
	<machine name="ruinerp">
		<description>Ruiner Pinball</description>
		<year>1995</year>
		<publisher>Atari</publisher>
		<rom name="ruiner pinball (world).j64" size="2097152" crc="5b6bb205" sha1="e0db2fdea7f95743c1ef452b7d289f5fe8158e33" />
	</machine>
	<machine name="sburnout">
		<description>Super Burnout</description>
		<year>1995</year>
		<publisher>Atari</publisher>
		<rom name="super burnout (world).j64" size="2097152" crc="6f8b2547" sha1="9a58bc0c8843fd00a2871c01b91fec206408bf80" />
	</machine>
	<machine name="sensible">
		<description>Sensible Soccer - International Edition</description>
		<year>1995</year>
		<publisher>Telegames</publisher>
		<rom name="sensible soccer - international edition (world).j64" size="2097152" crc="5a101212" sha1="f0914be41331e3045bbc04225044dc3c73fd9de1" />
	</machine>
	<machine name="skyhamm">
		<description>Skyhammer</description>
		<year>2000</year>
		<publisher>Songbird Productions</publisher>
		<rom name="skyhammer (world).j64" size="4194304" crc="3c044941" sha1="34a9941459e3b66c836f25b3ef55303734b9583e" />
	</machine>
	<machine name="soccerkd1h">
		<description>Soccer Kid (re-release, hacked)</description>
		<year>2000</year>
		<publisher>Songbird Productions</publisher>
		<rom name="soccer kid with universal header.j64" size="2097152" crc="9e265a6e" sha1="9524fa2870865b8433bdba7684861b1ef9092c00" />
	</machine>
	<machine name="soccerkd1">
		<description>Soccer Kid (re-release)</description>
		<year>2000</year>
		<publisher>Songbird Productions</publisher>
		<rom name="soccer kid 2.j64" size="131072" crc="41a551b0" sha1="59887e23f23b720a0676ef63a0ec0cf53df7e5dc" />
		<rom name="soccer kid.j64" size="2097152" crc="732ffab6" sha1="b615fe0f229eee89abe4a6fce8e4ce63d2f92c6f" />
	</machine>
	<machine name="soccerkd">
		<description>Soccer Kid</description>
		<year>1996</year>
		<publisher>ReadySoft</publisher>
		<rom name="soccer kid (world).j64" size="2097152" crc="42a13ec5" sha1="a738a2df47f09c3bfdeddfc01b35f3e8b5c5d99c" />
	</machine>
	<machine name="spacewar">
		<description>Space War 2000</description>
		<year>2001</year>
		<publisher>B&amp;C Computervisions</publisher>
		<rom name="space war 2000.j64" size="2097152" crc="d821f5eb" sha1="6b010477155f30f1ecec7eab2c9a7544242bbd19" />
	</machine>
	<machine name="spacewarp">
		<description>Space War 2000 (prototype)</description>
		<year>19??</year>
		<publisher>Atari</publisher>
		<rom name="space war 2000 (world).j64" size="2097152" crc="45aa46ba" sha1="0e7aacd65ecd6210d914e1c00a98dce5d00569af" />
	</machine>
	<machine name="speedst2">
		<description>Speedster II</description>
		<year>1995?</year>
		<publisher>Carousel Entertainment</publisher>
		<rom name="speedster_ii.j64" size="2097152" crc="f7cfe6e6" sha1="508692e1b9bb57cdec35bb95829b23e49d6ec17e" />
	</machine>
	<machine name="superx3d">
		<description>SuperCross 3D</description>
		<year>1995</year>
		<publisher>Atari</publisher>
		<rom name="supercross 3d (world).j64" size="2097152" crc="ec22f572" sha1="c71e0bc9eeed8670c6e7ccc7a0fe3b815d7bac83" />
	</machine>
	<machine name="syndicat">
		<description>Syndicate</description>
		<year>1995</year>
		<publisher>Ocean</publisher>
		<rom name="syndicate (world).j64" size="2097152" crc="58272540" sha1="a226086571c857f3796fd664bbc2c8fe99c78224" />
	</machine>
	<machine name="tempst2k">
		<description>Tempest 2000</description>
		<year>1994</year>
		<publisher>Atari</publisher>
		<rom name="tempest 2000 (world).j64" size="2097152" crc="6b2b95ad" sha1="3828d2f953224d06b5fe7ab3644d6a75fdfe79e3" />
	</machine>
	<machine name="themeprk">
		<description>Theme Park</description>
		<year>1995</year>
		<publisher>Ocean</publisher>
		<rom name="theme park (world).j64" size="2097152" crc="47ebc158" sha1="24da4fe776ae9daa86cf643c703ec0f399c77521" />
	</machine>
	<machine name="totalcar">
		<description>Total Carnage</description>
		<year>2005</year>
		<publisher>Songbird Productions</publisher>
		<rom name="total carnage (world).j64" size="4194304" crc="c654681b" sha1="4566b33799a7c65b3e9643383d0282172ff619a5" />
	</machine>
	<machine name="towers2">
		<description>Towers II - Plight of the Stargazer</description>
		<year>1996</year>
		<publisher>Telegames</publisher>
		<rom name="towers ii.j64" size="2097152" crc="83a3fb5d" sha1="bbe7ffb97fc07cebe53099c8acce01366d7f7e15" />
	</machine>
	<machine name="trevmcfr1">
		<description>Trevor McFur in the Crescent Galaxy</description>
		<year>1993</year>
		<publisher>Atari</publisher>
		<rom name="trevor mcfur in the crescent galaxy.j64" size="2097152" crc="95143668" sha1="489b0fe9f070ad27f63a17aa8f0d2afaa4dabdb3" />
	</machine>
	<machine name="trevmcfr">
		<description>Trevor McFur in the Crescent Galaxy (Rev. A)</description>
		<year>1993</year>
		<publisher>Atari</publisher>
		<rom name="trevor mcfur in the crescent galaxy (world).j64" size="2097152" crc="1e451446" sha1="88e86085932af10dfb8c94032f73a5992a30b55c" />
	</machine>
	<machine name="troyaik">
		<description>Troy Aikman NFL Football</description>
		<year>1995</year>
		<publisher>Williams Entertainment</publisher>
		<rom name="troy aikman nfl football (world).j64" size="2097152" crc="38a130ed" sha1="4c6a6432ea0bc198f900f4ebdb8a3a7a34475d84" />
	</machine>
	<machine name="ttoonadv">
		<description>Tiny Toon Adventures (Ver. 1)</description>
		<year>2010</year>
		<publisher>Team Jaguar</publisher>
		<rom name="tiny toon.j64" size="2097152" crc="f4acbb04" sha1="841ce8ae1b71955d9b8df3b80da11fd40308ef5f" />
	</machine>
	<machine name="ttoonadvp">
		<description>Tiny Toon Adventures (prototype)</description>
		<year>1994</year>
		<publisher>Atari</publisher>
		<rom name="tiny toons plucky duck (unreleased tech demo).j64" size="2097152" crc="4e77a83c" sha1="032aa31cef116bfba8632c14bc2fce5bc44ff137" status="baddump" />
	</machine>
	<machine name="ultbrain">
		<description>Ultimate Brain Games (prototype)</description>
		<year>199?</year>
		<publisher>Crazy Ace</publisher>
		<rom name="braingames (unreleased).j64" size="2097152" crc="9aaf8efd" sha1="b0026e73787c7a901f0b7e71418acdaf54981d17" status="baddump" />
	</machine>
	<machine name="ultravor1">
		<description>Ultra Vortek (v0.94, prototype)</description>
		<year>1995</year>
		<publisher>Atari</publisher>
		<rom name="ultra vortek (world) (v0.94) (beta).j64" size="4194304" crc="a27823d8" sha1="e3bd433bc4a573f3b05652239a6614c3878a04d1" />
	</machine>
	<machine name="ultravor">
		<description>Ultra Vortek</description>
		<year>1995</year>
		<publisher>Atari</publisher>
		<rom name="ultra vortek (world).j64" size="4194304" crc="0f6a1c2c" sha1="311e41ebba1b78f514bf16789ddb7e7e8dfb47ff" />
	</machine>
	<machine name="valdiser">
		<description>Val d'Isère Skiing and Snowboarding</description>
		<year>1994</year>
		<publisher>Atari</publisher>
		<rom name="val d'isere skiing and snowboarding (world).j64" size="2097152" crc="c9608717" sha1="02253d93eef375c8334f1f77a2d8b72fff7a94c6" />
	</machine>
	<machine name="whitemen">
		<description>White Men Can't Jump</description>
		<year>1995</year>
		<publisher>Atari</publisher>
		<rom name="white men can't jump (world).j64" size="4194304" crc="14915f20" sha1="4d16596ac2d991435599e1fe03292adfb25c346d" />
	</machine>
	<machine name="wolfn3d">
		<description>Wolfenstein 3D</description>
		<year>1994</year>
		<publisher>Atari</publisher>
		<rom name="wolfenstein 3d (world).j64" size="2097152" crc="e91bd644" sha1="ee553176f0a32683b517b84b12c6fae13c15c3d0" />
	</machine>
	<machine name="worms">
		<description>Worms</description>
		<year>1998</year>
		<publisher>Telegames</publisher>
		<rom name="worms (world).j64" size="2097152" crc="6eb774eb" sha1="641b07f93e8df03ab8b9bf1e8dc56e2889f247f8" />
	</machine>
	<machine name="zero5">
		<description>Zero 5</description>
		<year>1997</year>
		<publisher>Telegames</publisher>
		<rom name="zero 5 (world).j64" size="2097152" crc="61c7eec0" sha1="b68de2cd49cb70e92f2415837edfa7ab46770a78" />
	</machine>
	<machine name="zool2">
		<description>Zool 2</description>
		<year>1994</year>
		<publisher>Atari</publisher>
		<rom name="zool 2 (world).j64" size="2097152" crc="8975f48b" sha1="32ff3811f8f6df8a2bb56165c62227a3a480e55c" />
	</machine>
	<machine name="zoop">
		<description>Zoop!</description>
		<year>1996</year>
		<publisher>Atari</publisher>
		<rom name="zoop (world).j64" size="1048576" crc="c5562581" sha1="52ec786f7536ab043dc24725af94068cad2b0ec3" />
	</machine>
</datafile>