<?xml version="1.0" encoding="utf-8"?>
<!DOCTYPE datafile PUBLIC "-//Logiqx//DTD ROM Management Datafile//EN" "http://www.logiqx.com/Dats/datafile.dtd">
<datafile>
	<header>
		<name>amiga_demos</name>
		<description>Commodore Amiga demos</description>
		<version></version>
		<author></author>
	</header>
	<machine name="drgnmega">
		<description>Dragons Megademo I (Demo)</description>
		<year>1990</year>
		<publisher>&lt;homebrew&gt;</publisher>
		<rom name="dragons megademo (19xx)(dragons).adf" size="901120" crc="f15010ec" sha1="07c47185534f127bf21a9fe013d71a2250c7a037" />
	</machine>
	<machine name="elysium">
		<description>Sanity Elysium (Demo)</description>
		<year>1991</year>
		<publisher>&lt;homebrew&gt;</publisher>
		<rom name="elysium (1991)(sanity).adf" size="901120" crc="5311a737" sha1="dba662f8f21d37916d978fe370e24b5c567d7846" />
	</machine>
	<machine name="miseryd2">
		<description>Misery Dentro 2 (Demo)</description>
		<year>1993</year>
		<publisher>&lt;homebrew&gt;</publisher>
		<rom name="misery dentro 2 (1992)(trsi).adf" size="901120" crc="c61f8f60" sha1="25a16e354931f2050dffb5b945a9210b59e9be08" />
	</machine>
</datafile>