<?xml version="1.0" encoding="utf-8"?>
<!DOCTYPE datafile PUBLIC "-//Logiqx//DTD ROM Management Datafile//EN" "http://www.logiqx.com/Dats/datafile.dtd">
<datafile>
	<header>
		<name>bbc_flop_80186</name>
		<description>Acorn 80186 Co-Processor discs</description>
		<version></version>
		<author></author>
	</header>
	<machine name="dabs1">
		<description>Dabs Shareware Vol.1</description>
		<year>1988</year>
		<publisher>Dabs Press</publisher>
		<rom name="dabs-shareware-vol1-disc1.img" size="819200" crc="767569f6" sha1="103718d7410cf635eb56010fa6204012fcddb719" />
		<rom name="dabs-shareware-vol1-disc2.img" size="819200" crc="011ac2db" sha1="8dc11173655864c6a1d37251bc88f512ba43a09c" />
		<rom name="dabs-shareware-vol1-disc3.img" size="819200" crc="531d3a4b" sha1="a75dd613f4f5bc096a01e259620d16b154305ba8" />
		<rom name="dabs-shareware-vol1-disc4.img" size="819200" crc="ee1a6961" sha1="c970d723d9b9ee55717928850897d6b21c376c5e" />
		<rom name="dabs-shareware-vol1-disc5.img" size="819200" crc="4ab201a7" sha1="094d3af950631a803960d19b573be0e65c19158d" />
	</machine>
	<machine name="dabs2">
		<description>Dabs Shareware Vol.2</description>
		<year>1988</year>
		<publisher>Dabs Press</publisher>
		<rom name="dabs-shareware-vol2-bonus.img" size="819200" crc="69b81821" sha1="2977d4628e262907ddf5f5b3ad35abf703092809" />
		<rom name="dabs-shareware-vol2-disc1.img" size="819200" crc="ba7e3ed4" sha1="b5d649a7bdc4ccd75f99e0636ad0a0b6ec71c4cf" />
		<rom name="dabs-shareware-vol2-disc2.img" size="819200" crc="b858f06c" sha1="698c6a29fc2f549e8b8ff057e1289c41fc6647e5" />
		<rom name="dabs-shareware-vol2-disc3.img" size="819200" crc="2f066a93" sha1="7b2c4b4355ba9855f9167e27d9316ed928dae010" />
		<rom name="dabs-shareware-vol2-disc4.img" size="819200" crc="d507700b" sha1="9d5a75b90eb73387eda913f12dde8cc5cf8c9cab" />
		<rom name="dabs-shareware-vol2-disc5.img" size="819200" crc="3cfdd202" sha1="e4e8230f29aff2c6bc4a1e218c9be4c9d157fbef" />
	</machine>
	<machine name="dospe">
		<description>DOS Plus with Econet Software</description>
		<year>1987</year>
		<publisher>Acornsoft</publisher>
		<rom name="DOSPlus Econet.adl" size="655360" crc="2c0e3ae7" sha1="3695b95952564cd924981462c8d91f71e3bfe060" />
	</machine>
	<machine name="m512sys">
		<description>BBC Master 512 System Discs</description>
		<year>1986</year>
		<publisher>Acorn Computers</publisher>
		<rom name="bbcmaster512-disc1-dosplusboot-v1.2.adl" size="655360" crc="c2677483" sha1="2df6155aecfd4fc9595cd95359b153d158c313a3" />
		<rom name="bbcmaster512-disc1-dosplusboot-v1.2a.adl" size="655360" crc="264fff88" sha1="7d3386e117b96cc08e78d80ba0d226821e945eac" />
		<rom name="bbcmaster512-disc1-dosplusboot-v2.1.adl" size="655360" crc="7805045c" sha1="89ad16c97842f94809cf05eb9b079867944ca8d8" />
		<rom name="bbcmaster512-disc2-gemapplications.img" size="819200" crc="68b1cdfe" sha1="0fd737ab5c8499727e6ec3711e59566e702244e7" />
		<rom name="bbcmaster512-disc3-gemdata.img" size="819200" crc="b463f444" sha1="e80911c292aba1b601507c75d9233a79887e3b51" />
		<rom name="bbcmaster512-disc4-miscellaneous.img" size="819200" crc="2de63513" sha1="e6718419d4d6f6a834653655f6334667b5c4c355" />
	</machine>
	<machine name="m512tg">
		<description>Master 512 Technical Guide Programs</description>
		<year>1989</year>
		<publisher>Dabs Press</publisher>
		<rom name="M512 Technical Guide.img" size="819200" crc="e5b6f16f" sha1="58fd80094fcaa8738f40c8d63f8d93165dad4c5a" />
	</machine>
	<machine name="psolve2">
		<description>Problem Solver 2.0</description>
		<year>1989</year>
		<publisher>Shibumi Software</publisher>
		<rom name="Problem Solver 2.0.img" size="819200" crc="c57dbf6d" sha1="ec7419115e049a39a58d0a616ac2d0613de1668c" />
	</machine>
	<machine name="ratdrvr">
		<description>Rat Driver</description>
		<year>1988</year>
		<publisher>Shibumi Software</publisher>
		<rom name="Rat Driver 1.0.img" size="819200" crc="67b8cd2a" sha1="0079272af9d8ae9a0774b94e4e2fc46d5c4dcb6c" />
	</machine>
</datafile>