<?xml version="1.0" encoding="utf-8"?>
<!DOCTYPE datafile PUBLIC "-//Logiqx//DTD ROM Management Datafile//EN" "http://www.logiqx.com/Dats/datafile.dtd">
<datafile>
	<header>
		<name>ekara_japan_m</name>
		<description>Takara e-kara (Japan) Saiten Cartridge mini series (M-xx / MCxxxx-)</description>
		<version></version>
		<author></author>
	</header>
	<machine name="mc0001">
		<description>Artist Mini Volume 1 (Matsuura Aya) (Japan) (MC0001-ATM)</description>
		<year>2003</year>
		<publisher>Takara</publisher>
		<rom name="mc0001-atm.u1" size="524288" crc="3ef59e82" sha1="d10f0b4a174bef736fea538028eacbeb46af5bbd" />
	</machine>
	<machine name="mc0003">
		<description>Artist Mini Volume 3 (Morning Musume) (Japan) (MC0003-ATM)</description>
		<year>2003</year>
		<publisher>Takara</publisher>
		<rom name="mc0003-atm.u1" size="524288" crc="d9778b40" sha1="55c875d0925c031320ccf7affe721bd07ef6175b" />
	</machine>
	<machine name="mc0004">
		<description>Artist Mini Volume 4 (w-inds) (Japan) (MC0004-ATM)</description>
		<year>2003</year>
		<publisher>Takara</publisher>
		<rom name="mc0004-atm.u1" size="524288" crc="e9ba14c1" sha1="3cad1a6b0d1ba24dfb6c1aec84a6d87816b16d54" />
	</machine>
	<machine name="mc0005">
		<description>Kids Song Mini Volume 1 (TV Song) (Japan) (MC0005-KSM)</description>
		<year>2003</year>
		<publisher>Takara</publisher>
		<rom name="mc0005-ksm.u1" size="524288" crc="a84c6d0d" sha1="dee82de4609ec93ed5152d01860e59d8693b9736" />
	</machine>
	<machine name="mc0006">
		<description>Kids Song Mini Volume 2 (TV Hero) (Japan) (MC0006-KSM)</description>
		<year>2003</year>
		<publisher>Takara</publisher>
		<rom name="mc0006-ksm.u1" size="524288" crc="6d3c8c02" sha1="568a0e156a2189156149578277b6d615fe4e157f" />
	</machine>
	<machine name="mc0007">
		<description>Artist Mini Volume 5 (SMAP, KinKi Kids, ARASHI, TOKIO) (Japan) (MC0007-ATM)</description>
		<year>2003</year>
		<publisher>Takara</publisher>
		<rom name="mc0007-atm.u1" size="524288" crc="a9a19914" sha1="556adfad645ae635901b690ee57173766a5e497a" />
	</machine>
	<machine name="mc0010">
		<description>Artist Mini Volume 6 (Utada Hikaru) (Japan) (MC0010-ATM)</description>
		<year>2003</year>
		<publisher>Takara</publisher>
		<rom name="mc0010-atm.u1" size="524288" crc="aae13f60" sha1="87ea122aebb467ebc4785482961160766db90fcd" />
	</machine>
	<machine name="mc0012">
		<description>Artist Mini Volume 7 (Hamasaki Ayumi) (Japan) (MC0012-ATM)</description>
		<year>2003</year>
		<publisher>Takara</publisher>
		<rom name="mc0012-atm.u1" size="524288" crc="f31d3de9" sha1="41e4de960b2f348a4bed3b9b6d51229878e8c8f3" />
	</machine>
	<machine name="mc0013">
		<description>Kids Song Mini Volume 5 (Japan) (MC0013-KSM)</description>
		<year>2003</year>
		<publisher>Takara</publisher>
		<rom name="mc0013-ksm.u1" size="524288" crc="db05eafa" sha1="b58efcc41ad8d5571c319e0d88fa8a3d9badbe93" />
	</machine>
	<machine name="mc0014">
		<description>Artist Mini Volume 8 (BoA) (Japan) (MC0014-ATM)</description>
		<year>2003</year>
		<publisher>Takara</publisher>
		<rom name="mc0014-atm.u1" size="524288" crc="170e02af" sha1="02b38146db7d74727f7dccf6dcc3d004979210a1" />
	</machine>
	<machine name="mc0015">
		<description>TV Pop Mini Vol.1 (Japan) (MC0015-TPM)</description>
		<year>2003</year>
		<publisher>Takara</publisher>
		<rom name="mc0015-tpm.u1" size="524288" crc="c0e87576" sha1="c239c22499591b85bdb2737d22417489a02ffb44" />
	</machine>
</datafile>