<?xml version="1.0" encoding="utf-8"?>
<!DOCTYPE datafile PUBLIC "-//Logiqx//DTD ROM Management Datafile//EN" "http://www.logiqx.com/Dats/datafile.dtd">
<datafile>
	<header>
		<name>ekara_japan_s</name>
		<description>Takara e-kara (Japan) Saiten Cartridge series (S-xx / SCxxxx-)</description>
		<version></version>
		<author></author>
	</header>
	<machine name="sc0001">
		<description>Karaoke Ehon Vol.1 Hello Kitty (Japan) (SC0001-KTY)</description>
		<year>2001</year>
		<publisher>Takara</publisher>
		<rom name="01.bin" size="1048576" crc="0635e39f" sha1="bfe33b0de01e8618abfdd190abf752cee53a6403" />
	</machine>
	<machine name="sc0002">
		<description>Saiten Cartridge: Challenge Idol vol.1 (Japan) (SC0002-SAI)</description>
		<year>2001</year>
		<publisher>Takara</publisher>
		<rom name="sc0002-sai.u1" size="1048576" crc="b6687799" sha1="a5350b06bf5a18e0fb84b03ac7257468c26a2019" />
	</machine>
	<machine name="sc0003">
		<description>Kids' Challenge Vol.1 (Japan) (SC0003-SAI)</description>
		<year>2001</year>
		<publisher>Takara</publisher>
		<rom name="sc0003-.u1" size="1048576" crc="935e3445" sha1="e86949467e65d515523629ca1e8f8b47cdaaacf0" />
	</machine>
	<machine name="sc0004">
		<description>Saiten Cartridge: Enka no Tatsujin (Japan) (SC0004-SAI)</description>
		<year>2001</year>
		<publisher>Takara</publisher>
		<rom name="sc0004-sai.u1" size="1048576" crc="c2a080da" sha1="6eb803bc8587308002f7f8a15b1928c8f726c192" />
	</machine>
	<machine name="sc0005">
		<description>Saiten Cartridge: Nesshō vol. 1 (Japan) (SC0005-SAI)</description>
		<year>2001</year>
		<publisher>Takara</publisher>
		<rom name="sc0005-sai.u1" size="1048576" crc="f919b155" sha1="60fc9985d277422d4d64fb4f0cebf2732e2958aa" />
	</machine>
	<machine name="sc0006">
		<description>Saiten Cartridge: Nesshō vol. 2 (Japan) (SC0006-SAI)</description>
		<year>2001</year>
		<publisher>Takara</publisher>
		<rom name="sc0006-sai.u1" size="1048576" crc="4bd8669e" sha1="e77d16ecead2a6c660fedcbca3a1e0e719648be4" />
	</machine>
	<machine name="sc0007">
		<description>Saiten Cartridge: Detective Conan Vol.1 (Japan) (SC0007-DCS)</description>
		<year>2001</year>
		<publisher>Takara</publisher>
		<rom name="sc0007-dcs.u1" size="2097152" crc="5b8cf5ee" sha1="b31e610110fda7c7b49e7318d3191967fcf49ed8" />
	</machine>
	<machine name="sc0008">
		<description>Saiten Cartridge: Challenge Idol vol.2 (Japan) (SC0008-SAI)</description>
		<year>2001</year>
		<publisher>Takara</publisher>
		<rom name="sc0008-sai.u1" size="1048576" crc="5d887910" sha1="5e32cccd99ba7e19974c6a9462e13cb7f8543b2a" status="baddump" />
	</machine>
	<machine name="sc0009">
		<description>Saiten Cartridge: Nesshō vol. 3 (Japan) (SC0009-SAI)</description>
		<year>2001</year>
		<publisher>Takara</publisher>
		<rom name="sc0009-sai.u1" size="1048576" crc="61413fd5" sha1="47dad178faa99301009ae74554a39b15c01e0db2" />
	</machine>
	<machine name="sc0010">
		<description>Hikawa Kiyoshi no Karaoke Dōjō (Japan) (SC0010-HKW)</description>
		<year>2001</year>
		<publisher>Takara</publisher>
		<rom name="sc0010-hkw.u1" size="2097152" crc="fd6dc588" sha1="fece06706399eb36f3e69f7693116c944fe890e7" />
	</machine>
	<machine name="sc0012">
		<description>Saiten Cartridge: Challenge Idol vol.3 (Japan) (SC0012-SAI)</description>
		<year>2001</year>
		<publisher>Takara</publisher>
		<rom name="sc0012-sai.u1" size="1048576" crc="8b971664" sha1="5f748d3406dbe74ce06c68aa07bafa9e288d5b51" />
	</machine>
	<machine name="sc0014">
		<description>Saiten Cartridge: Challenge Idol vol.4 (Japan) (SC0014-SAI)</description>
		<year>2002</year>
		<publisher>Takara</publisher>
		<rom name="sc0014-sai.u1" size="1048576" crc="1c07e017" sha1="257d878578fcbf14d7c951bbe68fd25bee3c8db0" />
	</machine>
	<machine name="sc0015">
		<description>Saiten Cartridge: Detective Conan Vol.2 (Japan) (SC0015-DCS)</description>
		<year>2002</year>
		<publisher>Takara</publisher>
		<rom name="sc0015-dcs.u1" size="2097152" crc="a1b31faa" sha1="e5508940c5e674a1e12ef2cc9a5d10365ac4fa64" />
	</machine>
	<machine name="sc0018">
		<description>Saiten Cartridge: Challenge Artist Vol.1 (Morning Musume, Tanpopo, Petit Moni, Gotō Maki) (Japan) (SC0018-SAI)</description>
		<year>2002</year>
		<publisher>Takara</publisher>
		<rom name="sc0018-sai.u1" size="1048576" crc="23545417" sha1="64b84de483c6c5d1129826324b30580a189077ea" />
	</machine>
	<machine name="sc0019">
		<description>Saiten Cartridge: Nesshō vol. 6 (Japan) (SC0019-SAI)</description>
		<year>2002</year>
		<publisher>Takara</publisher>
		<rom name="sc0019-sai.u1" size="1048576" crc="136c12e3" sha1="fabd2e83732fdbbd737fc55902a3b1612c73f929" />
	</machine>
	<machine name="sc0020">
		<description>Saiten Cartridge: Challenge Idol vol.5 (Japan) (SC0020-SAI)</description>
		<year>2002</year>
		<publisher>Takara</publisher>
		<rom name="sc0020-sai.u1" size="1048576" crc="081cb211" sha1="daf08db6d342605a8efd797a43c859b9559d6f26" />
	</machine>
	<machine name="sc0021">
		<description>Saiten Cartridge: Nesshō vol. 7 - Mrs Selection (Japan) (SC0021-SAI)</description>
		<year>2002</year>
		<publisher>Takara</publisher>
		<rom name="sc0021-sai.u1" size="1048576" crc="fbc77e6c" sha1="eee3c8a68807dbac62c8021f9c755d08076925e2" />
	</machine>
	<machine name="sc0022">
		<description>Saiten Cartridge: Nesshō vol. 8 (Japan) (SC0022-SAI)</description>
		<year>2003</year>
		<publisher>Takara</publisher>
		<rom name="sc0022-sai.u1" size="1048576" crc="d631d890" sha1="a0953aa347c9ec152e64bc455fc360056c5c0807" />
	</machine>
</datafile>