<?xml version="1.0" encoding="utf-8"?>
<!DOCTYPE datafile PUBLIC "-//Logiqx//DTD ROM Management Datafile//EN" "http://www.logiqx.com/Dats/datafile.dtd">
<datafile>
	<header>
		<name>famicom_flop</name>
		<description>Nintendo Famicom Disk images</description>
		<version></version>
		<author></author>
	</header>
	<machine name="adiantsu">
		<description>Adian no Tsue</description>
		<year>1986</year>
		<publisher>Sunsoft</publisher>
		<rom name="adiantsup\adian no tsue (prototype).fds" size="131000" crc="e342932f" sha1="c6ab5061e01b9ba3a20ad72310049c75a7dd11c3" />
		<rom name="adian no tsue (japan).fds" size="131000" crc="dcc7a8d6" sha1="1db213b613d6706b5e97ea0f5aad9bd804793a96" />
	</machine>
	<machine name="aisenshi">
		<description>Ai Senshi Nicol</description>
		<year>1987</year>
		<publisher>Konami</publisher>
		<rom name="ai senshi nicol (japan) [b].fds" size="131000" crc="1b303d37" sha1="a1b535b9e72974d97e2c01d2951d2cde5177e217" status="baddump" />
	</machine>
	<machine name="akitsuka">
		<description>Aki to Tsukasa no Fushigi no Kabe</description>
		<year>19??</year>
		<publisher>SuperPIG?</publisher>
		<rom name="aki to tsukasa no fushigi no kabe (japan) (unl).fds" size="131000" crc="672b7f6c" sha1="35e204ad24d21818d3f014b728bfc7cc288f39c5" />
	</machine>
	<machine name="akumajo">
		<description>Akumajou Dracula (v1.2)</description>
		<year>1986</year>
		<publisher>Konami</publisher>
		<rom name="akumajoa\akumajou dracula (japan) (v1.1) [b].fds" size="131000" crc="90e9e614" sha1="6e236fceaeafbc5485782927f96bc4426d719bcf" status="baddump" />
		<rom name="akumajob\akumajou dracula (japan) (v1.0) [b].fds" size="131000" crc="509e4346" sha1="5bef3fd3e72230f25c3ce7161f29d4c550eb8651" status="baddump" />
		<rom name="akumajou dracula (japan) (v1.2) [b].fds" size="131000" crc="41a471b3" sha1="2f6096e264f632720ad584d8f73b978fbdac4055" status="baddump" />
	</machine>
	<machine name="aliens">
		<description>Aliens - Alien 2 (prototype)</description>
		<year>1987</year>
		<publisher>Square</publisher>
		<rom name="aliens - alien 2 (japan) (proto) [b].fds" size="131000" crc="2b779ee3" sha1="e80992b0e3e2ec05dbd34b3d97ae39ee59244ca4" status="baddump" />
	</machine>
	<machine name="almana">
		<description>Almana no Kiseki</description>
		<year>1987</year>
		<publisher>Konami</publisher>
		<rom name="armana no kiseki (japan).fds" size="131000" crc="0eb045bd" sha1="ae0e1a54c175346716c3641d844801e381507b18" />
	</machine>
	<machine name="annsmb">
		<description>All Night Nippon Super Mario Brothers (promotion card)</description>
		<year>1986</year>
		<publisher>Nintendo</publisher>
		<rom name="all night nippon super mario brothers (japan) (promotion card).fds" size="65500" crc="43e7fe95" sha1="f30bdd3c556604d7eaa6d0f4864d5566e519b5d4" />
	</machine>
	<machine name="appltown">
		<description>Apple Town Monogatari - Little Computer People</description>
		<year>1987</year>
		<publisher>Square</publisher>
		<rom name="apple town monogatari - little computer people (japan).fds" size="131000" crc="1967673e" sha1="c6b15e0fe1887f60d31e95d72d9c8e19a3c6fef1" />
	</machine>
	<machine name="aspic">
		<description>Aspic - Majaou no Noroi</description>
		<year>1988</year>
		<publisher>Bothtec</publisher>
		<rom name="aspic - majaou no noroi (japan).fds" size="131000" crc="1999addb" sha1="befb31b3ffbbe26993de0dd8f15443dbd69f5d15" />
	</machine>
	<machine name="backgamm">
		<description>Backgammon</description>
		<year>1990</year>
		<publisher>Nintendo</publisher>
		<rom name="backgammon (1990)(nintendo)[fmc-bag].fds" size="65500" crc="97ff65a0" sha1="6bc9cb6e91c527c648a2c401ef27db5560e5c342" />
	</machine>
	<machine name="baseball">
		<description>Baseball</description>
		<year>1986</year>
		<publisher>Nintendo</publisher>
		<rom name="baseball (1984)(nintendo)[fmc-bas] [ok].fds" size="65500" crc="304c093b" sha1="498150ddc8fdf5a9c4a88e1dc985bfc571e73c9d" />
	</machine>
	<machine name="biomirac">
		<description>Bio Miracle Bokutte Upa</description>
		<year>1988</year>
		<publisher>Konami</publisher>
		<rom name="bio miracle bokutte upa (japan).fds" size="131000" crc="c57b947f" sha1="58db028d52c3a538c92881eafbc1c154e02f9241" />
	</machine>
	<machine name="bishocon">
		<description>Bishoujo Control</description>
		<year>19??</year>
		<publisher>Wild?</publisher>
		<rom name="bishoujo control (japan) (unl).fds" size="131000" crc="058330fe" sha1="0a40eb7d5f516a2298826e933f8a4d581b09223c" />
	</machine>
	<machine name="bishohc1">
		<description>Bishoujo Hanafuda Club Vol.1 - Oichokabu Hen</description>
		<year>1989</year>
		<publisher>SuperPIG?</publisher>
		<rom name="bishoujo hanafuda club vol.1 - oichokabu hen (japan) (unl).fds" size="131000" crc="ae8ea7e4" sha1="f55b8bf24cd752fe655b06991337837437256bc0" />
	</machine>
	<machine name="bishohc2">
		<description>Bishoujo Hanafuda Club Vol.2 - Koikoi Bakappana Hen</description>
		<year>19??</year>
		<publisher>&lt;unknown&gt;</publisher>
		<rom name="bishoujo hanafuda club vol.2 - koikoi bakappana hen (japan) (unl).fds" size="131000" crc="6a619b4e" sha1="d5d6796c8709341cc0a0673bc75d93ff08dc7dc8" />
	</machine>
	<machine name="bishomjc">
		<description>Bishoujo Mahjong Club</description>
		<year>19??</year>
		<publisher>Mimi?</publisher>
		<rom name="bishoujo mahjong club (japan) (unl).fds" size="131000" crc="adc1e1b6" sha1="77d1128e6427472f6f4f14dcbf811caecec9c3b4" />
	</machine>
	<machine name="bishorgm">
		<description>Bishoujo Kachinuki Renju - Gomoku Narabe</description>
		<year>19??</year>
		<publisher>&lt;unknown&gt;</publisher>
		<rom name="bishoujo kachinuki renju - gomoku narabe (japan) (unl).fds" size="131000" crc="ff06eb11" sha1="f6a58d5e5b01f4e7541933b38c1d8431bee45fc7" />
	</machine>
	<machine name="bishosd">
		<description>Bishoujo Sexy Derby</description>
		<year>1988</year>
		<publisher>SuperPIG?</publisher>
		<rom name="bishoujo sexy derby (japan) (unl).fds" size="131000" crc="69b3908c" sha1="daba36a597101052392a37c0c570051242ab8fe1" />
	</machine>
	<machine name="bishosfa">
		<description>Bishoujo SF Alien Battle</description>
		<year>19??</year>
		<publisher>Hacker International</publisher>
		<rom name="bishoujo sf alien battle (japan) (unl).fds" size="131000" crc="e89fed10" sha1="659adff45a5b19930a74fed0d9b366b62de982b0" />
	</machine>
	<machine name="bishosp">
		<description>Bishoujo Sexy Puzzle</description>
		<year>1989</year>
		<publisher>SuperPIG?</publisher>
		<rom name="bishoujo sexy puzzle (japan) (unl).fds" size="131000" crc="ff74da58" sha1="72162f05e2a810867144584013da971fd6c1da23" />
	</machine>
	<machine name="bishoss">
		<description>Bishoujo Sexy Slot</description>
		<year>1988</year>
		<publisher>SuperPIG?</publisher>
		<rom name="bishoujo sexy slot (japan) (unl).fds" size="131000" crc="6b10fa57" sha1="f2d5cf16c00b553d8f526392102a2e955718bb97" />
	</machine>
	<machine name="bodyconq">
		<description>Body Conquest I - Abakareshi Musume Tachi</description>
		<year>19??</year>
		<publisher>&lt;unknown&gt;</publisher>
		<rom name="bodycon quest i - abakareshi musume tachi (japan) (unl).fds" size="262000" crc="c2be838f" sha1="7ba1fb00429ae76a312b20ac44ca36e2170dea38" />
	</machine>
	<machine name="bombermn">
		<description>Bomberman</description>
		<year>1990</year>
		<publisher>Hudson</publisher>
		<rom name="bomberman (1985)(hudson soft)[hfc-bmd].fds" size="65500" crc="8e440ad2" sha1="2160c4ae46d500654ed12a1340b31493f5f0b88d" />
	</machine>
	<machine name="breeder">
		<description>Breeder</description>
		<year>1986</year>
		<publisher>Soft Pro</publisher>
		<rom name="breeder (1986)(soft pro)[sfc-bre].fds" size="131000" crc="6e103744" sha1="82a6a9ca123add14839ca71e1b74d9f7708d3ab2" />
	</machine>
	<machine name="bshashms">
		<description>Bishoujo Shashinkan - Moving School</description>
		<year>19??</year>
		<publisher>Phoenix?</publisher>
		<rom name="bishoujo shashinkan - moving school (japan) (unl).fds" size="131000" crc="8e0bba37" sha1="15333df7c64152af4296418c64be103ef2f5b859" />
	</machine>
	<machine name="bshashsc">
		<description>Bishoujo Shashinkan - Studio Cut</description>
		<year>19??</year>
		<publisher>Phoenix?</publisher>
		<rom name="bishoujo shashinkan - studio cut (japan) (unl).fds" size="131000" crc="d761a49c" sha1="8596f2e33d820855d0c2010d7042a56bf5128e24" />
	</machine>
	<machine name="btime">
		<description>Burger Time</description>
		<year>1988</year>
		<publisher>Data East</publisher>
		<rom name="btime1\burger time (1985)(data east)[dfc-bgt][a].fds" size="65500" crc="a4b983d1" sha1="6a6934c1ece2e7312ac46d33906489f7b4cdb118" />
		<rom name="burger time (1985)(data east)[dfc-bgt].fds" size="65500" crc="b3d3d6e5" sha1="9610cd5b20d0cb0d0611c49c76d89a8d8ce27927" />
	</machine>
	<machine name="bublbobl">
		<description>Bubble Bobble</description>
		<year>1987</year>
		<publisher>Taito</publisher>
		<rom name="bublbobl1\bubble bobble (1987)(taito)[tfd-bub][a].fds" size="131000" crc="134f7891" sha1="941cc960e5c7cc3fa6411eda27d3e8bba509e7c5" />
		<rom name="bubble bobble (1987)(taito)[tfd-bub].fds" size="131000" crc="8c8d153e" sha1="a28d16fdf8472ce311a0b5f0454b5da874ad86af" />
	</machine>
	<machine name="casipink">
		<description>Casino de Pink</description>
		<year>19??</year>
		<publisher>Wild?</publisher>
		<rom name="casino de pink (198x)(wild)[xxx-xxx].fds" size="131000" crc="d3e3fd42" sha1="0708f9987d4c0d33da6ddca58e61e77f6e6aa7af" />
	</machine>
	<machine name="citycon">
		<description>City Connection</description>
		<year>1989?</year>
		<publisher>Hangsing</publisher>
		<rom name="city connection (1989)(hangsing)[xxx-xxx].fds" size="65500" crc="4495a7c4" sha1="5ce2c13a9a292449273d007d27eff3388e579563" />
	</machine>
	<machine name="cleopatr">
		<description>Cleopatra no Mahou</description>
		<year>1987</year>
		<publisher>Square</publisher>
		<rom name="cleopatra no mahou (1987)(square)[sqf-clo].fds" size="131000" crc="b65e1335" sha1="57fc4ecfad0e1662cf5938bddbe1e6dccc6d5e7e" />
	</machine>
	<machine name="cluclu">
		<description>Clu Clu Land</description>
		<year>1992</year>
		<publisher>Nintendo</publisher>
		<rom name="clu clu land - welcome to new clu clu land (1988)(nintendo)[fmc-cld] [ok].fds" size="65500" crc="ae73fe8e" sha1="4c5895fb61b848fd0fb8dbf75c56cf39ac7b1e6b" />
	</machine>
	<machine name="cocona">
		<description>Cocona World</description>
		<year>1987</year>
		<publisher>Sofel</publisher>
		<rom name="cocona world (japan).fds" size="131000" crc="8bdce2e8" sha1="fa81a201d1f1bbeab5063c3b9bef76191c637c00" />
	</machine>
	<machine name="comics1">
		<description>Comic Sakka Series Touma Senki #1 - Mashoujo Gakuen Evil</description>
		<year>19??</year>
		<publisher>&lt;unknown&gt;</publisher>
		<rom name="comic sakka series touma senki #1 - mashoujo gakuen evil (japan) (unl).fds" size="131000" crc="6f298c83" sha1="ca5c531e47cc419a2e4f95402e49478ec2118cae" />
	</machine>
	<machine name="comics2">
		<description>Comic Sakka Series Touma Senki #2 - Mermaid no Gyakushuu</description>
		<year>19??</year>
		<publisher>&lt;unknown&gt;</publisher>
		<rom name="comic sakka series touma senki #2 - mermaid no gyakushuu (japan) (unl).fds" size="131000" crc="6532906e" sha1="85519b50d21773b3c8431247816230d9ed3c26e8" />
	</machine>
	<machine name="comics3">
		<description>Comic Sakka Series Touma Senki #3 - Ryuujin Sensei Kikiippatsu</description>
		<year>19??</year>
		<publisher>&lt;unknown&gt;</publisher>
		<rom name="comic sakka series touma senki #3 - ryuujin sensei kikiippatsu (japan) (unl).fds" size="131000" crc="6880b1f3" sha1="a58be9b5fb84b78a3e0506335b176f0a0e01d17e" />
	</machine>
	<machine name="comics4">
		<description>Comic Sakka Series Touma Senki #4 - Tenkuu Ryuumaou Fukkatsu</description>
		<year>19??</year>
		<publisher>&lt;unknown&gt;</publisher>
		<rom name="comic sakka series touma senki #4 - tenkuu ryuumaou fukkatsu (japan) (unl).fds" size="131000" crc="eddb3816" sha1="2939203e6514635c5250f1d52db9b5c9d1e038e8" />
	</machine>
	<machine name="comics5">
		<description>Comic Sakka Series Touma Senki #5 - Youjuu Rudo no Chousen</description>
		<year>19??</year>
		<publisher>&lt;unknown&gt;</publisher>
		<rom name="comic sakka series touma senki #5 - youjuu rudo no chousen (japan) (unl).fds" size="131000" crc="a3bd4e0b" sha1="ba9d070cbb7835b272933e6ae4c89ac6d7223745" />
	</machine>
	<machine name="dandy">
		<description>Dandy - Zeuon no Fukkatsu</description>
		<year>1988</year>
		<publisher>Pony Canyon</publisher>
		<rom name="dandy - zeuon no fukkatsu (1988)(pony canyon)[pnf-dan].fds" size="131000" crc="45bc7d70" sha1="8d65d8bd6463926b6ba8600707cd6b26b0670ca8" />
	</machine>
	<machine name="datebj">
		<description>Date de Blackjack</description>
		<year>19??</year>
		<publisher>Hacker International</publisher>
		<rom name="hayamabj\hayama reiko no date de blackjack (japan) (unl).fds" size="131000" crc="e918a01a" sha1="24267a7ba5a8698b74318acd0308d5820eda8b6d" />
		<rom name="date de blackjack (japan) (unl).fds" size="131000" crc="8d56f6ca" sha1="f6e7e7192517ee99ddbcae8a31da2a0a253e8e8b" />
	</machine>
	<machine name="deadzone">
		<description>Dead Zone</description>
		<year>1986</year>
		<publisher>Sunsoft</publisher>
		<rom name="dead zone (1986)(sunsoft)[ssd-dzn] [ok].fds" size="131000" crc="329aa7fe" sha1="1b230bf7557bc19a89c7aa3174089e6b7bf00bda" />
	</machine>
	<machine name="deepdng2">
		<description>Deep Dungeon II - Yuushi no Monshou (v1.1)</description>
		<year>1987</year>
		<publisher>Square</publisher>
		<rom name="deepdng2a\deep dungeon ii - yuushi no monshou (japan) (v1.0).fds" size="131000" crc="3e7d2102" sha1="36475bcf88d866621b26b93ddb7b181c9d60d9ab" />
		<rom name="deep dungeon ii - yuushi no monshou (japan) (v1.1) [b].fds" size="131000" crc="4e5298e4" sha1="92fa66f47ef6a3e247be76101e75a01f8f5efc39" status="baddump" />
	</machine>
	<machine name="deepdng">
		<description>Deep Dungeon - Madou Senki</description>
		<year>1986</year>
		<publisher>Square</publisher>
		<rom name="deep dungeon - madou senki (japan) [b].fds" size="131000" crc="ed9011d0" sha1="7d4228248e749f5aa9ae6f695a8175d80d3d5250" status="baddump" />
	</machine>
	<machine name="digdug2">
		<description>Dig Dug II</description>
		<year>1990</year>
		<publisher>Namcot</publisher>
		<rom name="dig dug ii (1990)(namco)[nds-dd2] [ok].fds" size="65500" crc="819b7566" sha1="412b8b571872cc0a8259f72d92112856e971640c" />
	</machine>
	<machine name="digdug">
		<description>Dig Dug</description>
		<year>1990</year>
		<publisher>Namcot</publisher>
		<rom name="dig dug (1990)(namco)[nds-dig] [ok].fds" size="65500" crc="82b4a619" sha1="808cdf98c36b717de347983a0d32945e7b4db805" />
	</machine>
	<machine name="dirtpair">
		<description>Dirty Pair - Project Eden</description>
		<year>1987</year>
		<publisher>Bandai</publisher>
		<rom name="dirty pair - project eden (japan) [b].fds" size="131000" crc="3c63db59" sha1="d6a4a1b28edf01dbbf445ec0fbcf9a0901435d8c" status="baddump" />
	</machine>
	<machine name="diskctrl">
		<description>Disk Control Program</description>
		<year>19??</year>
		<publisher>Sunsoft</publisher>
		<rom name="disk control program.fds" size="65500" crc="b25e2a40" sha1="08d90bf560e50adb337b2b1198af9494d0727316" />
	</machine>
	<machine name="diskhac2">
		<description>Disk Hacker II - Copy Plus 3</description>
		<year>19??</year>
		<publisher>Hacker International</publisher>
		<rom name="disk hacker ii - copy plus 3 (japan) (unl).fds" size="65500" crc="0dd82733" sha1="adf1141e2ee673ed96bd8dc2834437d406760405" />
	</machine>
	<machine name="diskhack">
		<description>Disk Hacker - Version 1.3</description>
		<year>19??</year>
		<publisher>Hacker International</publisher>
		<rom name="diskhack1\disk hacker - version 1.2 (japan) (unl).fds" size="65500" crc="35039547" sha1="836985f616ab11bb36c5f836cd99d8cecd986d01" />
		<rom name="diskhack2\disk hacker - version 1.0 (japan) (unl).fds" size="65500" crc="853a611f" sha1="3003fdd68f0980d9c0013614a9c0a1a7c72818e4" />
		<rom name="diskhacks\disk hacker (sunsoft).fds" size="65500" crc="759b21f7" sha1="4c81c7d084f4007b7459c12886ee326dd2c5a3a7" />
		<rom name="disk hacker - version 1.3 (japan) (unl).fds" size="65500" crc="9c3790d3" sha1="c7119140c4c34b8d99dd701115fa885125e206e1" />
	</machine>
	<machine name="diskkeep">
		<description>Disk Keeper</description>
		<year>19??</year>
		<publisher>&lt;unknown&gt;</publisher>
		<rom name="disk keeper (japan) (unl).fds" size="65500" crc="9f87b85b" sha1="a5b0425bc543a690032ac8dea9ff794bde9b75ab" />
	</machine>
	<machine name="dkong">
		<description>Donkey Kong (Disk Writer)</description>
		<year>1988</year>
		<publisher>Nintendo</publisher>
		<rom name="donkey kong (japan) (disk writer).fds" size="65500" crc="9b308cb6" sha1="f6b75fbf0d274811dd9ac046cd8332a882f12dff" />
	</machine>
	<machine name="dkongjr">
		<description>Donkey Kong Jr. (Disk Writer)</description>
		<year>1988</year>
		<publisher>Nintendo</publisher>
		<rom name="donkey kong jr. (japan) (disk writer).fds" size="65500" crc="c7715a35" sha1="9da60a332d544e46716bbef784ae4c8eaf0e30d5" />
	</machine>
	<machine name="dogfspir">
		<description>Big Challenge! Dogfight Spirit</description>
		<year>1988</year>
		<publisher>Jaleco</publisher>
		<rom name="big challenge dogfight spirit (1988)(jaleco)[jfd-dfs].fds" size="131000" crc="4c4440bb" sha1="ea3bbfb7007b47ba89ac2f57ed96806bba874c8f" />
	</machine>
	<machine name="dokidoki">
		<description>Yume Koujou Doki Doki Panic</description>
		<year>1987</year>
		<publisher>Fuji TV / Nintendo</publisher>
		<rom name="yume koujou doki doki panic (japan) [b].fds" size="131000" crc="c87ce753" sha1="d33e6651751a46aeba31542961380f7376545b1c" status="baddump" />
	</machine>
	<machine name="doremiko">
		<description>Doremikko</description>
		<year>1987</year>
		<publisher>Konami</publisher>
		<rom name="doremikko (1987)(konami)[kds-dre].fds" size="131000" crc="bb4a1161" sha1="4a444cf829f9480e11e50e5508ed8ca54ff325b9" />
	</machine>
	<machine name="dracula2">
		<description>Dracula II - Noroi no Fuuin</description>
		<year>1987</year>
		<publisher>Konami</publisher>
		<rom name="dracula ii - noroi no fuuin (japan).fds" size="131000" crc="9d81180e" sha1="da48c842bc44def1c0eb2549941c6adc65d6c379" />
	</machine>
	<machine name="drchaos">
		<description>Dr. Chaos - Jigoku no Tobira</description>
		<year>1987</year>
		<publisher>Pony Canyon</publisher>
		<rom name="dr. chaos - jigoku no tobira (japan) [b].fds" size="131000" crc="10840378" sha1="93600cb15c99b501f38bb9d68de405d8fb0c1956" status="baddump" />
	</machine>
	<machine name="druid">
		<description>Druid - Kyoufu no Tobira</description>
		<year>1988</year>
		<publisher>Jaleco</publisher>
		<rom name="druid - kyoufu no tobira (japan).fds" size="131000" crc="59e777dc" sha1="297078843e2f2302d90a5a15d446ef2f8608b0c4" />
	</machine>
	<machine name="eggerln2">
		<description>Eggerland - Souzou e no Tabidachi</description>
		<year>1988</year>
		<publisher>HAL Kenkyuujo</publisher>
		<rom name="eggerland - souzou e no tabidachi (1988)(hal laboratory)[hal-egs].fds" size="131000" crc="acd50fe2" sha1="1f0d7d06aca8aebea10ebcaadc21bbea5f323650" />
	</machine>
	<machine name="eggerlnd">
		<description>EggerLand</description>
		<year>1987</year>
		<publisher>HAL Kenkyuujo</publisher>
		<rom name="egger land (japan) [b].fds" size="131000" crc="b149ef10" sha1="997a385a62f8e6e3569dec1405da5a724e4cea4d" status="baddump" />
	</machine>
	<machine name="electric">
		<description>Electrician</description>
		<year>1986</year>
		<publisher>Kemco</publisher>
		<rom name="electrician (japan).fds" size="131000" crc="2ca83dfb" sha1="da2027ea081a5abed68a92f5af5f9ad9d474c7aa" />
	</machine>
	<machine name="emichan">
		<description>Emi-chan no Moero Yakyuuken!</description>
		<year>19??</year>
		<publisher>SuperPIG?</publisher>
		<rom name="emi-chan no moero yakyuuken (japan) (unl).fds" size="131000" crc="13b688b4" sha1="c317500c50955daba14ec8cb71246d1fb9b1cb8f" />
	</machine>
	<machine name="esperdrm">
		<description>Esper Dream (v1.1)</description>
		<year>1987</year>
		<publisher>Konami</publisher>
		<rom name="esperdrma\esper dream (japan) (v1.0) [b].fds" size="131000" crc="9ddd66ae" sha1="d7e5966c55f04a6707665d0e70957e6e86574d3a" status="baddump" />
		<rom name="esper dream (japan) (v1.1) [b].fds" size="131000" crc="1fc1f1be" sha1="739286151384cb41833cb07c6ce08b73d697bb53" status="baddump" />
	</machine>
	<machine name="excitbb">
		<description>Exciting Baseball</description>
		<year>1987</year>
		<publisher>Konami</publisher>
		<rom name="exciting baseball (japan).fds" size="131000" crc="f63c93bd" sha1="8da3756936ca7b63e18028f0a82edc6f4096af18" />
	</machine>
	<machine name="excitbik">
		<description>Vs. Excitebike</description>
		<year>1988</year>
		<publisher>Nintendo</publisher>
		<rom name="vs. excitebike (japan).fds" size="131000" crc="febe1841" sha1="010f6dc860b0bae80e55c199b3206e95ec14e31f" />
	</machine>
	<machine name="excitbil">
		<description>Exciting Billiard</description>
		<year>1987</year>
		<publisher>Konami</publisher>
		<rom name="exciting billiard (japan).fds" size="131000" crc="f7e359c3" sha1="3c58b4b4da139fb2ab8a4d74792fa17e6c6ec534" />
	</machine>
	<machine name="excitbsk">
		<description>Exciting Basket</description>
		<year>1987</year>
		<publisher>Konami</publisher>
		<rom name="exciting basket (japan).fds" size="131000" crc="c601bd65" sha1="53facaa411a70a027eb3a843e5b725c04b039e07" />
	</machine>
	<machine name="excitsoc">
		<description>Exciting Soccer - Konami Cup</description>
		<year>1988</year>
		<publisher>Konami</publisher>
		<rom name="exciting soccer - konami cup (japan) [b].fds" size="131000" crc="b9f092ae" sha1="b4e0d30af30dcffdc584c17d33d1a6dee413d9e4" status="baddump" />
	</machine>
	<machine name="f1race">
		<description>Famicom Grand Prix - F1 Race</description>
		<year>1987</year>
		<publisher>Nintendo</publisher>
		<rom name="f1race1\famicom grand prix - f1 race (1987)(nintendo)[fsc-frge][a].fds" size="131000" crc="0be26241" sha1="9670d4884c78171585b3e66759c57f29f16801b2" />
		<rom name="famicom grand prix - f1 race (1987)(nintendo)[fsc-frge].fds" size="131000" crc="1fab4954" sha1="473a3ff43d394cef1d998731a7f2f938350146e5" />
	</machine>
	<machine name="fairypin">
		<description>Fairy Pinball - Yousei Tachi no Pinball</description>
		<year>19??</year>
		<publisher>&lt;unknown&gt;</publisher>
		<rom name="fairy pinball - yousei tachi no pinball (japan) (unl).fds" size="131000" crc="ac7ed005" sha1="58e84c1bc6cfebf6e548e65f055c6b70e1fe9579" />
	</machine>
	<machine name="fairytal">
		<description>Fairytale</description>
		<year>1989</year>
		<publisher>Soft Pro</publisher>
		<rom name="fairytale (1989)(soft pro)[sfc-fyt].fds" size="131000" crc="d1e29b2f" sha1="28d8e707fb9074e2be05ae62dc14b8187f3c083a" />
	</machine>
	<machine name="falsion">
		<description>Falsion</description>
		<year>1987</year>
		<publisher>Konami</publisher>
		<rom name="falsion (japan).fds" size="131000" crc="5442c889" sha1="b81fe9f10fb19aff6e5303e7b0445e4399811791" />
	</machine>
	<machine name="famcompo">
		<description>Family Composer</description>
		<year>1987</year>
		<publisher>Tokyo Shoseki</publisher>
		<rom name="family composer (1987)(tokyo shoseki)[tks-fco].fds" size="131000" crc="206b0c9f" sha1="9f820dd1d68b147865fb73bb5e6f3809c233c92f" />
	</machine>
	<machine name="famigp2">
		<description>Famicom Grand Prix II - 3D Hot Rally</description>
		<year>1988</year>
		<publisher>Nintendo</publisher>
		<rom name="famicom grand prix ii - 3d hot rally (japan).fds" size="131000" crc="0857c4e8" sha1="b35e98154f2b6ad6690e42fe40d9b039b12ef667" />
	</machine>
	<machine name="famimag1">
		<description>Famimaga Disk Vol. 1 - Hong Kong</description>
		<year>1990</year>
		<publisher>Tokuma Shoten</publisher>
		<rom name="famimag3a\all 1 - famimaga disk vol. 3 (1991)(tokuma shoten)[gts-ald][a].fds" size="65500" crc="6ffe266a" sha1="6304314cd9976e24977fcebda4de4428f1be4119" />
		<rom name="hong kong - famimaga disk vol. 1 (1990)(tokuma shoten)[gts-hkd].fds" size="65500" crc="bc8e34e9" sha1="4e7d7d6a869d8051fa8e28dfca48a69bd1214522" />
	</machine>
	<machine name="famimag2">
		<description>Famimaga Disk Vol. 2 - Panic Space</description>
		<year>1990</year>
		<publisher>Tokuma Shoten</publisher>
		<rom name="panic space - famimaga disk vol. 2 (1990)(tokuma shoten)[gts-psd].fds" size="131000" crc="7b70e65a" sha1="5bf8349fa76695c06145d0bb89b71860845399ff" />
	</machine>
	<machine name="famimag3">
		<description>Famimaga Disk Vol. 3 - All 1</description>
		<year>1991</year>
		<publisher>Tokuma Shoten</publisher>
		<rom name="all 1 - famimaga disk vol. 3 (1991)(tokuma shoten)[gts-ald].fds" size="65500" crc="53fbbc74" sha1="5215293b5716ec787bbab170a244b6874f442084" />
	</machine>
	<machine name="famimag4">
		<description>Famimaga Disk Vol. 4 - Clox</description>
		<year>1991</year>
		<publisher>Tokuma Shoten</publisher>
		<rom name="clocks - famimaga disk vol. 4 (1991)(tokuma shoten)[gts-ckd].fds" size="65500" crc="5c497943" sha1="30006eea8ecd8ce74ae98386fd86e1d2e162118f" />
	</machine>
	<machine name="famimag5">
		<description>Famimaga Disk Vol. 5 - Puyo Puyo</description>
		<year>1991</year>
		<publisher>Tokuma Shoten</publisher>
		<rom name="puyo puyo - famimaga disk vol. 5 (1991)(tokuma shoten)[gts-pyo].fds" size="131000" crc="a23a3590" sha1="e9a41d6e3c0e7f085d25f29ccd93d585cbc62406" />
	</machine>
	<machine name="famimag6">
		<description>Famimaga Disk Vol. 6 - Janken Disk Shiro</description>
		<year>1992</year>
		<publisher>Tokuma Shoten</publisher>
		<rom name="janken disk shiro - famimaga disk vol. 6 (1992)(tokuma shoten)[gts-jkd].fds" size="131000" crc="bb76c89f" sha1="84ba1a50fbfc26f868e8b949021ebcd3004a0711" />
	</machine>
	<machine name="fcgolf">
		<description>Family Computer Golf Japan Course</description>
		<year>1987</year>
		<publisher>Nintendo</publisher>
		<rom name="fcgolfsp\family computer golf special course (japan) (prize card).fds" size="131000" crc="528da81f" sha1="f9df95725822161784598064f50bef3ea639967d" />
		<rom name="family computer golf japan course (japan).fds" size="131000" crc="fd5b83a1" sha1="532214dacbac874deb1c944f894c450feeffd2eb" />
	</machine>
	<machine name="fcgolfu">
		<description>Family Computer Golf U.S. Course</description>
		<year>1987</year>
		<publisher>Nintendo</publisher>
		<rom name="fcgolfuj\family computer golf tournament - japan course (japan) (prize card).fds" size="131000" crc="c1bd72f2" sha1="31eb8b7e7c867e8dd3996633ab703ca318220519" />
		<rom name="family computer golf u.s. course (japan).fds" size="131000" crc="9944329a" sha1="b7726762eac903fa1450f7828ea8063e562e4689" />
	</machine>
	<machine name="fctantc2">
		<description>Famicom Tantei Club Part II - Ushiro ni Tatsu Shoujo</description>
		<year>1989</year>
		<publisher>Nintendo</publisher>
		<rom name="fctantc2a\famicom tantei kurabu part ii - ushiro ni tatsu shoujo (1989)(nintendo)[fmc-tc4][a].fds" size="262000" crc="1cd4a774" sha1="51738b4fabcd8937a5822bec10c254ea8feb6290" />
		<rom name="famicom tantei kurabu part ii - ushiro ni tatsu shoujo (1989)(nintendo)[fmc-tc4].fds" size="262000" crc="a5496f4e" sha1="a8a4a5693c8d0133dcf46031906c2fb2428d96a2" />
	</machine>
	<machine name="fctantcl">
		<description>Famicom Tantei Club - Kieta Koukeisha</description>
		<year>1988</year>
		<publisher>Nintendo</publisher>
		<rom name="fctantcla\famicom tantei kurabu - kieta koukeisha (1988)(nintendo)[fmc-tc2][a].fds" size="262000" crc="f169b78a" sha1="21ad8bcaca93ef91c2e27b43185ee45c767abce1" />
		<rom name="famicom tantei kurabu - kieta koukeisha (1988)(nintendo)[fmc-tc2].fds" size="262000" crc="8f3c174c" sha1="0dcf6c9bdf53b25072771860fb8bc09cdc71ef6f" />
	</machine>
	<machine name="finalcom">
		<description>Final Commando - Akai Yousai</description>
		<year>1988</year>
		<publisher>Konami</publisher>
		<rom name="final commando - akai yousai (japan).fds" size="131000" crc="08028e43" sha1="c8a2ee105571d0dcc3099f9a96db93f41b31bf5a" />
	</machine>
	<machine name="firebam">
		<description>Fire Bam</description>
		<year>1988</year>
		<publisher>HAL Kenkyuujo</publisher>
		<rom name="fire bam (1988)(hal laboratory)[hal-fbm].fds" size="131000" crc="94989e29" sha1="731c9aa2f024648e7c819d39f3ed49c9741cb1d8" />
	</machine>
	<machine name="firerock">
		<description>Fire Rock</description>
		<year>1988</year>
		<publisher>Use</publisher>
		<rom name="fire rock (japan).fds" size="131000" crc="33b5b551" sha1="8fbc2ea7dd9fe79ef25511815dc0a154c4591c4b" />
	</machine>
	<machine name="fmcdiskc">
		<description>FMC Disk Card Checker Ver 1.3 (v1.2) (developer card)</description>
		<year>19??</year>
		<publisher>&lt;unknown&gt;</publisher>
		<rom name="fmc disk card checker ver 1.3 (japan) (v1.2) (developer card).fds" size="65500" crc="aa8efcdd" sha1="10c72ab58433a654a420dd13b1412459e75be76a" />
	</machine>
	<machine name="fruitmj1">
		<description>Fruits Mahjong 1 Disk #1 - Dai H Taikai</description>
		<year>1989</year>
		<publisher>Mimi?</publisher>
		<rom name="fruits mahjong 1 disk #1 - dai h taikai (japan) (unl).fds" size="262000" crc="da705136" sha1="1520405ab5b8f413f8bf763b186f61fda451945d" />
	</machine>
	<machine name="fruitmj2">
		<description>Fruits Mahjong 2 Disk #2 - Tokimeki Gals</description>
		<year>1989</year>
		<publisher>Mimi?</publisher>
		<rom name="fruits mahjong 2 disk #2 - tokimeki gals (japan) (unl).fds" size="262000" crc="fe258a9b" sha1="a2d458897fa9f1c0fab2983dadb754b3d347f5da" />
	</machine>
	<machine name="fruitmj3">
		<description>Fruits Mahjong 2 Disk #3 - Yonin to Dai H Taikai</description>
		<year>1989</year>
		<publisher>Mimi?</publisher>
		<rom name="fruits mahjong 2 disk #3 - yonin to dai h taikai (japan) (unl).fds" size="262000" crc="c1b1e573" sha1="b2ed81e1233810ba36391c8ea51f522fba4be94e" />
	</machine>
	<machine name="fruitmj4">
		<description>Fruits Mahjong 3 Disk #4 - Yonin no Tenshi Tachi</description>
		<year>1989</year>
		<publisher>Mimi?</publisher>
		<rom name="fruits mahjong 3 disk #4 - yonin no tenshi tachi (japan) (unl).fds" size="262000" crc="314e69e8" sha1="f8d9cad20a85c57282e7cdc349f54a2369702c13" />
	</machine>
	<machine name="fruitmj5">
		<description>Fruits Mahjong 3 Disk #5 - Tottemo H na Gogo</description>
		<year>1989</year>
		<publisher>Mimi?</publisher>
		<rom name="fruits mahjong 3 disk #5 - tottemo h na gogo (japan) (unl).fds" size="262000" crc="53c56bb8" sha1="8184aa6d1e3dfd3db8478263838a00f0b85feed7" />
	</machine>
	<machine name="fruitmj6">
		<description>Fruits Mahjong 4 Disk #6 - Bishoujo Connection</description>
		<year>1989</year>
		<publisher>Mimi?</publisher>
		<rom name="fruits mahjong 4 disk #6 - bishoujo connection (japan) (unl).fds" size="262000" crc="db9edde5" sha1="b6df912bab17c6f44d1417a8ce91763bea16cb96" />
	</machine>
	<machine name="fruitmj7">
		<description>Fruits Mahjong 4 Disk #7 - Daitan H na Hirusagari</description>
		<year>1989</year>
		<publisher>Mimi?</publisher>
		<rom name="fruits mahjong 4 disk #7 - daitan h na hirusagari (japan) (unl).fds" size="262000" crc="64021329" sha1="6c37f5a03252e04f297aa811414bb7139f872779" />
	</machine>
	<machine name="fuunsha">
		<description>Fuuun Shaolin Kyo</description>
		<year>1987</year>
		<publisher>Jaleco</publisher>
		<rom name="fuuun shaolin kyo (1987)(jaleco)[jfd-fsh].fds" size="131000" crc="d89b03a7" sha1="1ea7934ef4b7b7f8abee29f811f7deb70a6a1882" />
	</machine>
	<machine name="fuunsham">
		<description>Fuuun Shaolin Kyo - Ankoku no Maou</description>
		<year>1988</year>
		<publisher>Jaleco</publisher>
		<rom name="fuuun shaolin kyo - ankoku no maou (1988)(jaleco)[jfd-sam].fds" size="131000" crc="01be4c91" sha1="14926aebdd8ade30737c92b37de764a4a6580383" />
	</machine>
	<machine name="galaga">
		<description>Galaga</description>
		<year>1990</year>
		<publisher>Namco</publisher>
		<rom name="galaga (1990)(namco)[nds-gag].fds" size="65500" crc="ddee6ba2" sha1="67b9c617fff69670d1dc600568e2fe4c23c355ab" />
	</machine>
	<machine name="galaxian">
		<description>Galaxian</description>
		<year>1990</year>
		<publisher>Namcot</publisher>
		<rom name="galaxian (1990)(namco)[nds-gxn].fds" size="65500" crc="c7c8866b" sha1="d1f87c32567bf748e5a7379b872538b4859c6d87" />
	</machine>
	<machine name="galaxyod">
		<description>Ginga Denshou - Galaxy Odyssey</description>
		<year>1986</year>
		<publisher>Imagineer</publisher>
		<rom name="ginga denshou - galaxy odyssey (japan).fds" size="131000" crc="631d9fa8" sha1="a69c12b4ea58eea91088ccc88517e651d4bdc4b9" />
	</machine>
	<machine name="galdung2">
		<description>Sexy Yakyuuken Adventure II - Gal's Dungeon Part II</description>
		<year>19??</year>
		<publisher>&lt;unknown&gt;</publisher>
		<rom name="sexy yakyuuken adventure ii - gal's dungeon part ii (japan) (unl).fds" size="131000" crc="faa53b67" sha1="075a18d541632e36a0980d8bf6e436a5bd0fe1f8" />
	</machine>
	<machine name="galdung">
		<description>Yakyuuken Part II - Gal's Dungeon</description>
		<year>19??</year>
		<publisher>&lt;unknown&gt;</publisher>
		<rom name="yakyuuken part ii - gal's dungeon (japan) (unl).fds" size="131000" crc="b66ede23" sha1="15aed9abc6ec7dad5293f01c0fc4646bf817ae9f" />
	</machine>
	<machine name="galforce">
		<description>Gall Force - Eternal Story</description>
		<year>1986</year>
		<publisher>HAL Kenkyuujo</publisher>
		<rom name="gall force - eternal story (1986)(hal laboratory)[hal-gal].fds" size="131000" crc="78fb6d8d" sha1="0dda16bb6dc3fc69d65fd10f3f51b2ebe5a901fe" />
	</machine>
	<machine name="gberet">
		<description>Green Beret</description>
		<year>1987</year>
		<publisher>Konami</publisher>
		<rom name="green beret (1987)(konami)[kds-grn].fds" size="131000" crc="576f8809" sha1="45c596f097abc975c114cedd0fd27615f0cee1e5" />
	</machine>
	<machine name="gogobowl">
		<description>Big Challenge! Go! Go! Bowling</description>
		<year>1989</year>
		<publisher>Jaleco</publisher>
		<rom name="big challenge go go bowling (japan).fds" size="131000" crc="a1ce4038" sha1="c0c93462e460423ba85a7eda9638bacaaf7a62fb" />
	</machine>
	<machine name="gokuraku">
		<description>Gokuraku Yuugi - Game Tengoku</description>
		<year>1987</year>
		<publisher>Sofel</publisher>
		<rom name="gokuraku yuugi - game tengoku (1987)(sofel)[sfl-gtg].fds" size="131000" crc="2a7ec6ac" sha1="854fa83062bf53efee7181d16602407019cb8ae3" />
	</machine>
	<machine name="golf">
		<description>Golf (v1.1)</description>
		<year>1986</year>
		<publisher>Nintendo</publisher>
		<rom name="golfa\golf (japan) (v1.0).fds" size="65500" crc="b15026a5" sha1="cf0b69cc5f825cc867838fb8342b043cd7dc1a35" />
		<rom name="golf (japan) (v1.1).fds" size="65500" crc="a9451981" sha1="8e84f5cc553d9bb07480bc5f92cb42e2a031eaed" />
	</machine>
	<machine name="golfbc">
		<description>The Golf - Bishoujo Classic</description>
		<year>19??</year>
		<publisher>Hacker International</publisher>
		<rom name="golf, the - bishoujo classic (japan) (unl).fds" size="131000" crc="e60874b0" sha1="247a8f6c8c8d091bee87b00fcbb1d61265e21465" />
	</machine>
	<machine name="goonies">
		<description>The Goonies</description>
		<year>1988</year>
		<publisher>Konami</publisher>
		<rom name="gooniesa\goonies, the (1988)(konami)[kds-gns][a].fds" size="65500" crc="fa0f5861" sha1="500dfe3cdbb4f58a59bc008fae3246993951e152" />
		<rom name="goonies, the (1988)(konami)[kds-gns].fds" size="65500" crc="7680acfd" sha1="10a17fac52a525f32853e88c0c63e69130f777d9" />
	</machine>
	<machine name="gunfight">
		<description>Big Challenge! Gun Fighter</description>
		<year>1989</year>
		<publisher>Jaleco</publisher>
		<rom name="big challenge gun fighter (japan).fds" size="131000" crc="d9836fb3" sha1="63b51007f60be5e789127a9e4a4505c1de3e64b3" />
	</machine>
	<machine name="gunsmoke">
		<description>Gun.Smoke</description>
		<year>1988</year>
		<publisher>Capcom</publisher>
		<rom name="gunsmoke1\gun.smoke (1988)(capcom)[cap-gun][a].fds" size="131000" crc="fb640ec2" sha1="8af6a89c8c0cf0cb49ea23bee6cdd60bbdb12063" />
		<rom name="gun.smoke (1988)(capcom)[cap-gun].fds" size="131000" crc="a3d09153" sha1="7b0f266c208d5b837bf8868a56019b6299f2cccd" />
	</machine>
	<machine name="gyruss">
		<description>Gyruss</description>
		<year>1988</year>
		<publisher>Konami</publisher>
		<rom name="gyruss (1988)(konami)[kds-grs].fds" size="131000" crc="623954ad" sha1="8aef9b07dcb2bbbbd70a1c0f5599e61d1db63d6a" />
	</machine>
	<machine name="halleywa">
		<description>Halley Wars</description>
		<year>1989</year>
		<publisher>Taito</publisher>
		<rom name="halley wars (1989)(taito)[tfd-hal].fds" size="131000" crc="b866378e" sha1="829b17b65bd7384da910cd8a50c729c64bf71dab" />
	</machine>
	<machine name="haokun">
		<description>Hao-kun no Fushigi na Tabi</description>
		<year>1987</year>
		<publisher>Square</publisher>
		<rom name="hao-kun no fushigi na tabi (japan) [b].fds" size="131000" crc="cb7a8570" sha1="1a447e0f4f07b4438130489ca337c6d87c1ab9ad" status="baddump" />
	</machine>
	<machine name="herobabl">
		<description>Matou no Houkai - The Hero of Babel</description>
		<year>1988</year>
		<publisher>Pony Canyon</publisher>
		<rom name="herobabl1\matou no houkai - the hero of babel (1988)(pony canyon)[pnf-mat][a].fds" size="131000" crc="0f2050c7" sha1="732bccacfa31cab05ee3af8d7c454c43a0c0870d" />
		<rom name="matou no houkai - the hero of babel (1988)(pony canyon)[pnf-mat].fds" size="131000" crc="faa1a02b" sha1="abc12795e4c3a8bb83204559c8c147ef1ab50a8d" />
	</machine>
	<machine name="hikaris">
		<description>Hikari Shinwa - Palthena no Kagami (v1.1)</description>
		<year>1986</year>
		<publisher>Nintendo</publisher>
		<rom name="hikaris1\hikari shinwa - palutena no kagami v1.1 (1986)(nintendo)[fmc-ptm].fds" size="131000" crc="4e6319bb" sha1="e89b6cf9b2c331d1b9fe3b30395b61150376f9b1" />
		<rom name="hikaris2\hikari shinwa - palutena no kagami (1986)(nintendo)[fmc-ptm].fds" size="131000" crc="63290e2c" sha1="0929e1d861e1d001dbd8797830271582638e6af0" />
		<rom name="hikari shinwa - palthena no kagami (japan) (v1.1) [b].fds" size="131000" crc="1a9a281b" sha1="06639c568d7813381a4a2e27c54296749007fe7c" status="baddump" />
	</machine>
	<machine name="holdup">
		<description>Kobayashi Hitomi no Hold Up</description>
		<year>19??</year>
		<publisher>Hacker International</publisher>
		<rom name="kobayashi hitomi no hold up (japan) (unl).fds" size="131000" crc="0ba1dbd0" sha1="16f2b2291eabb5c4c92964562722573f6d80c6df" />
	</machine>
	<machine name="iceclimb">
		<description>Ice Climber</description>
		<year>1988</year>
		<publisher>Nintendo</publisher>
		<rom name="iceclimb1\ice climber (1984)(nintendo)[fmc-icd][a].fds" size="65500" crc="3696a05d" sha1="7af7d466e2cca30c1ee1461af0f296ebaf089bdf" />
		<rom name="ice climber (1984)(nintendo)[fmc-icd].fds" size="65500" crc="575789b6" sha1="3b6e967df4ee396f50c42e7b243288517c6e7eec" />
	</machine>
	<machine name="icehocky">
		<description>Ice Hockey</description>
		<year>1988</year>
		<publisher>Nintendo</publisher>
		<rom name="ice hockey (japan).fds" size="65500" crc="189fa707" sha1="55b801c3bf3dd86697f5ff858151ea1c5d3eee8b" />
	</machine>
	<machine name="idolhot">
		<description>Idol Hotline - Nakayama Miho no Tokimeki High School</description>
		<year>1987</year>
		<publisher>Nintendo</publisher>
		<rom name="idol hotline - nakayama miho no tokimeki high school (japan).fds" size="131000" crc="c04ab2ea" sha1="93b2a3c56c4e64e54b6111879431909aad8422e8" />
	</machine>
	<machine name="igokyuur">
		<description>Igo - Kyuu Roban Taikyoku</description>
		<year>1987</year>
		<publisher>Bullet Proof Software</publisher>
		<rom name="igo - kyuu roban taikyoku (1987)(bps)[bps-igo].fds" size="131000" crc="4e57189f" sha1="8b5f207cf4c947da11e6109fd95662cca85c8eca" />
	</machine>
	<machine name="ishido">
		<description>Ishido</description>
		<year>1990</year>
		<publisher>Hiro</publisher>
		<rom name="ishido (1990)(hiro)[hir-iso].fds" size="131000" crc="2f5f7502" sha1="dae4ccdaee835e8bca0883bd60800bd17b38c953" />
	</machine>
	<machine name="jingoro">
		<description>Jingorou</description>
		<year>19??</year>
		<publisher>&lt;unknown&gt;</publisher>
		<rom name="jingorou (japan) (unl).fds" size="65500" crc="72a0bd81" sha1="6230486bb3653b5b3936671695d955b9a5c78bf4" />
	</machine>
	<machine name="jtmk">
		<description>Jaaman Tanteidan Marine Kumi - Maruhi Jigoma Sousa File</description>
		<year>1988</year>
		<publisher>Bandai</publisher>
		<rom name="jaaman tanteidan marine kumi - maruhi jigoma sousa file (1988)(bandai)[ban-mar].fds" size="131000" crc="30529227" sha1="5f18994e6834793b430a00d50b9fce3fda6db7b2" />
	</machine>
	<machine name="judosens">
		<description>Big Challenge! Juudou Senshuken</description>
		<year>1988</year>
		<publisher>Jaleco</publisher>
		<rom name="big challenge juudou senshuken (japan).fds" size="131000" crc="16c8cdd5" sha1="9293c072d53f1c52175627a1848afc8613713fbf" />
	</machine>
	<machine name="kalin">
		<description>Kalin no Tsurugi</description>
		<year>1987</year>
		<publisher>Square</publisher>
		<rom name="kalin no tsurugi (japan) [b].fds" size="131000" crc="d7025151" sha1="563a5d4620c1966b404c99c2fa5ee09313d75d42" status="baddump" />
	</machine>
	<machine name="kamenrid">
		<description>Kamen Rider Black - Taiketsu Shadow Moon</description>
		<year>1988</year>
		<publisher>Bandai</publisher>
		<rom name="kamen rider black - taiketsu shadow moon (japan).fds" size="131000" crc="566c6ddf" sha1="bfe8b644fab411216614381649f0bc84f8cccb46" />
	</machine>
	<machine name="karatech">
		<description>Karate Champ</description>
		<year>1988</year>
		<publisher>Data East</publisher>
		<rom name="karate champ (japan).fds" size="131000" crc="48f777b9" sha1="c268f5a99a6cd6761f994fc38396fad53529e5a1" />
	</machine>
	<machine name="kattobiw">
		<description>Kattobi! Warabe Ko</description>
		<year>1989</year>
		<publisher>Pack-In Video</publisher>
		<rom name="kattobi warabe ko (1989)(pack-in-video)[pac-ktd].fds" size="131000" crc="477c9410" sha1="e93fff62ce47eb9e5c36de5bbcb0d8671ffd4be4" />
	</machine>
	<machine name="kickchal">
		<description>Kick Challenger Air Foot - Yasai no Kuni no Ashi Senshi</description>
		<year>1987</year>
		<publisher>VAP</publisher>
		<rom name="kick challenger air foot - yasai no kuni no ashi senshi (japan).fds" size="131000" crc="78a12d0a" sha1="73d42c954cb1b87c03d9d3ad47f983e00fcf5379" />
	</machine>
	<machine name="kickrun">
		<description>Kick and Run</description>
		<year>1988</year>
		<publisher>Taito</publisher>
		<rom name="kick and run (1988)(taito)[tfd-kic] [ok].fds" size="131000" crc="93212594" sha1="693ba545ede23e421a50b1d089009345b9ecbc09" />
	</machine>
	<machine name="kietapr">
		<description>Kieta Princess</description>
		<year>1986</year>
		<publisher>Imagineer</publisher>
		<rom name="kieta princess (japan).fds" size="131000" crc="60d55cea" sha1="38148d65001c9784b7ce6b59348e1bf9ddc3fff1" />
	</machine>
	<machine name="kikikai">
		<description>Kiki KaiKai - Dotou Hen</description>
		<year>1987</year>
		<publisher>Taito</publisher>
		<rom name="kiki kaikai - dotou hen (1987)(taito)[tfd-kik].fds" size="131000" crc="fce6c80b" sha1="94679e9ea5fd6507bf67cc9a46cd8e00daa496ff" />
	</machine>
	<machine name="kinetic2">
		<description>Kinetic Connection II</description>
		<year>1987</year>
		<publisher>Irem</publisher>
		<rom name="monitor puzzle kineko vol. ii, the - kinetic connection (1987)(irem)[ifd-ki2].fds" size="131000" crc="c4f0a9c2" sha1="60bcfa4ca1b05befa068cb0adf5deb28e77f190c" />
	</machine>
	<machine name="kineticc">
		<description>The Monitor Puzzle Kineko - Kinetic Connection</description>
		<year>1986</year>
		<publisher>Irem</publisher>
		<rom name="monitor puzzle kineko, the - kinetic connection (japan).fds" size="131000" crc="36094115" sha1="3a2cd622c32ed2c9ecdf01ab3908f362443f03b7" />
	</machine>
	<machine name="kinnikum">
		<description>Kinnikuman - Kinniku Ookurai Soudatsusen</description>
		<year>1987</year>
		<publisher>Bandai</publisher>
		<rom name="kinnikuman - kinniku ookurai soudatsusen (1987)(bandai)[ban-knm].fds" size="131000" crc="e1d66911" sha1="6a09a35454a1c64e2de1e8982af95122ce80e26a" />
	</machine>
	<machine name="kmario">
		<description>Kaettekita Mario Bros.</description>
		<year>1988</year>
		<publisher>Nintendo</publisher>
		<rom name="kmario1\kaettekita mario bros. (1988)(nintendo)[fmc-kmar][a].fds" size="131000" crc="6bf3bf4f" sha1="fd06e0f888cac61c811c3a4f42f16f3b65d8cf3c" />
		<rom name="kmario2\kaettekita mario bros. (1988)(nintendo)[fmc-kmar][a2].fds" size="131000" crc="d926207f" sha1="8ee2827a599ecfad4ff80a76e24a7f3a8f52b26a" />
		<rom name="kmario3\kaettekita mario bros. (1988)(nintendo)[fmc-kmar][a3].fds" size="131000" crc="eb9c5f5a" sha1="cee03bc6b95bd709b58b3d31dfd4f957c9778567" />
		<rom name="kmario4\kaettekita mario bros. (1988)(nintendo)[fmc-kmar][a4].fds" size="131000" crc="2927e797" sha1="d9954f3a6eb3e667559b6b13dba720b49078a5d2" />
		<rom name="kaettekita mario bros. (1988)(nintendo)[fmc-kmar].fds" size="131000" crc="ffd5744f" sha1="51713116586a47e3b9a672c0e04366a000ef0962" />
	</machine>
	<machine name="knightlr">
		<description>Knight Lore - Majou no Ookami Otoko</description>
		<year>1986</year>
		<publisher>Jaleco</publisher>
		<rom name="knight lore - majou no ookami otoko (1986)(jaleco)[jfd-klm][h].fds" size="131000" crc="07464563" sha1="1314d62343b1012555f3250ddc2c377e4a892847" />
	</machine>
	<machine name="knightmo">
		<description>Knight Move</description>
		<year>1990</year>
		<publisher>Nintendo</publisher>
		<rom name="knight move (japan).fds" size="65500" crc="fd6ef8d7" sha1="ca24c31db670cdff703677fce28f0a810b2d3350" />
	</machine>
	<machine name="kntennis">
		<description>Konamic Tennis</description>
		<year>1988</year>
		<publisher>Konami</publisher>
		<rom name="konami tennis (1988)(konami)[kds-tni] [ok].fds" size="131000" crc="1cd10d73" sha1="8ec056286c1b5afee883e1b03950a68f14e0a266" />
	</machine>
	<machine name="konamice">
		<description>Konamic Ice Hockey</description>
		<year>1988</year>
		<publisher>Konami</publisher>
		<rom name="konamic ice hockey (japan).fds" size="131000" crc="fef5125f" sha1="7128d8bb30d6dcbbee41fd5c8d97e080836bbd9d" />
	</machine>
	<machine name="koneko">
		<description>Koneko Monogatari - The Adventures of Chatran</description>
		<year>1986</year>
		<publisher>Pony Canyon</publisher>
		<rom name="konekod\koneko monogatari - the adventures of chatran (japan) (sample).fds" size="131000" crc="3438794b" sha1="f94f3385dacf10bde040494742657bf44e764eb3" />
		<rom name="koneko monogatari - the adventures of chatran (japan).fds" size="131000" crc="53a7a482" sha1="572279ce975e9bf6114bc6e919e1820316022090" />
	</machine>
	<machine name="kosodate">
		<description>Kosodate Gokko</description>
		<year>19??</year>
		<publisher>&lt;unknown&gt;</publisher>
		<rom name="kosodate gokko (japan) (unl).fds" size="65500" crc="2aef8cc2" sha1="93e34356a6fa262f1117402926e9a82a78cee1d6" />
	</machine>
	<machine name="kudokik2">
		<description>Kudokikata Oshiemasu II - Kind Gal's</description>
		<year>1989</year>
		<publisher>Wild</publisher>
		<rom name="kind gal's (japan) (unl).fds" size="262000" crc="f6088296" sha1="028c901f7c7101b4ac11eb42feb7bc100239ef0f" />
	</machine>
	<machine name="lipstic1">
		<description>Lipstick #.1 - Lolita Hen</description>
		<year>1988</year>
		<publisher>Mimi?</publisher>
		<rom name="lipstick #.1 - lolita hen (japan) (unl).fds" size="131000" crc="30d9946c" sha1="7d362b988fd5357368f676b38c3ea932f2cf6d4b" />
	</machine>
	<machine name="lipstic2">
		<description>Lipstick #.2 - Joshi Gakusei Hen</description>
		<year>1988</year>
		<publisher>Mimi?</publisher>
		<rom name="lipstick #.2 - joshi gakusei hen (japan) (unl).fds" size="131000" crc="784ee9c5" sha1="ba2f17dfaa36b69ac0a8a6610c59b07b5686424a" />
	</machine>
	<machine name="lipstic3">
		<description>Lipstick #.3 - OL Hen</description>
		<year>1988</year>
		<publisher>Mimi?</publisher>
		<rom name="lipstick #.3 - ol hen (japan) (unl).fds" size="131000" crc="bf27d663" sha1="a461d612a6e4ec21447670a31337738d4e21405b" />
	</machine>
	<machine name="lipstic4">
		<description>Lipstick #.4 - Hakui no Tenshi Hen</description>
		<year>1988</year>
		<publisher>Mimi?</publisher>
		<rom name="lipstick #.4 - hakui no tenshi hen (japan) (unl).fds" size="131000" crc="729e3cce" sha1="44b5bb765c7a90e8a624fcea694e09bdca7ca446" />
	</machine>
	<machine name="lipstic5">
		<description>Lipstick #.5 - Stewardess Hen</description>
		<year>1988</year>
		<publisher>Mimi?</publisher>
		<rom name="lipstick #.5 - stewardess hen (japan) (unl).fds" size="131000" crc="7eba7b30" sha1="9e3f51f72e6d7b32824edca4bc739de7c249f80a" />
	</machine>
	<machine name="lutter">
		<description>Lutter</description>
		<year>1989</year>
		<publisher>Athena</publisher>
		<rom name="lutter (1989)(athena)[ath-ltd].fds" size="131000" crc="e39a4eea" sha1="3c7e7f2d9b0f9083a9e65943c6621e8bd292714a" />
	</machine>
	<machine name="magmapro">
		<description>Magma Project - Hacker</description>
		<year>1989</year>
		<publisher>Tokuma Shoten</publisher>
		<rom name="magma project - hacker (1989)(tokuma shoten)[gts-mph][b].fds" size="131000" crc="e94ace67" sha1="8dd4e7b72e065f9524cb3088f65511363fadc833" />
	</machine>
	<machine name="mahjong">
		<description>Mahjong</description>
		<year>1986</year>
		<publisher>Nintendo</publisher>
		<rom name="mahjong (japan).fds" size="65500" crc="9a8a4dbf" sha1="615659bfea21919e11608031e8fe818a9e02d1e0" />
	</machine>
	<machine name="mapedit">
		<description>Sunsoft Map Editor</description>
		<year>19??</year>
		<publisher>Sunsoft</publisher>
		<rom name="map editor (sunsoft).fds" size="65500" crc="25f8f2f3" sha1="f0922ebf0da84bb69f78609c6816da6aaa059cda" />
	</machine>
	<machine name="marchen">
		<description>Märchen Veil I</description>
		<year>1987</year>
		<publisher>Sunsoft</publisher>
		<rom name="marchen veil (1987)(sunsoft)[ssd-mvl][h].fds" size="131000" crc="1d08ccce" sha1="c06447d87eeaa33f85f4e8d9ec252b31aae77320" />
	</machine>
	<machine name="matenroc">
		<description>Omoikkiri Tanteidan Haado Gumi - Matenrou no Chousenjou</description>
		<year>1988</year>
		<publisher>Bandai</publisher>
		<rom name="omoikkiri tanteidan haado gumi - matenrou no chousenjou (japan).fds" size="131000" crc="cbca97f5" sha1="b3cbcfd3ce6fa546e927be45f4fe1900fe38b9aa" />
	</machine>
	<machine name="mbobble">
		<description>Mario Bobble</description>
		<year>1989?</year>
		<publisher>Sun?</publisher>
		<rom name="mario bobble (1989)(sun)[xxx-xxx] [ok].fds" size="131000" crc="1497f20d" sha1="8af7ff449e4b3f17f8bce7f8337702215a4e8abd" />
	</machine>
	<machine name="meikyujd">
		<description>Meikyuu Jiin Dababa</description>
		<year>1987</year>
		<publisher>Konami</publisher>
		<rom name="meikyuu jiin dababa (japan).fds" size="131000" crc="b488b769" sha1="8bd7c7a6e83f69617e1cb3cb0352be945905f71e" />
	</machine>
	<machine name="metroid">
		<description>Metroid (v1.2)</description>
		<year>1986</year>
		<publisher>Nintendo</publisher>
		<rom name="metroida\metroid (japan) (v1.1) [b].fds" size="131000" crc="08a13a9e" sha1="fded31cafdee11b3ef2ec0aca7bbb738a16f91a9" status="baddump" />
		<rom name="metroid (japan) (v1.2) [b].fds" size="131000" crc="83d4edf8" sha1="af6b14f8f6a21deace116a6007a2a88855c1360d" status="baddump" />
	</machine>
	<machine name="mettomag">
		<description>Jikai Shounen Metto Mag</description>
		<year>1987</year>
		<publisher>Square</publisher>
		<rom name="mettomag1\jikai shounen metto mag (1987)(thinking rabbit)[sqf-mtm][a].fds" size="131000" crc="58da4230" sha1="84dd9ffe5c3e096fe5d939cf877f93d2c98eddc3" />
		<rom name="jikai shounen metto mag (1987)(thinking rabbit)[sqf-mtm].fds" size="131000" crc="df1ef0eb" sha1="48380a4700c9d86d8ed0a8d82e51bd80bc0c9fb7" />
	</machine>
	<machine name="michael">
		<description>Michael English Daibouken (sample)</description>
		<year>1987</year>
		<publisher>Scorpion Soft</publisher>
		<rom name="michael english daibouken (japan) (sample).fds" size="131000" crc="e407f85a" sha1="9cb57b442565bc5bce663c9cfc1e9af6602a41f7" />
	</machine>
	<machine name="mjgoraku">
		<description>Mahjong Goraku - Bishoujo Meijinsen</description>
		<year>19??</year>
		<publisher>&lt;unknown&gt;</publisher>
		<rom name="mahjong goraku - bishoujo meijinsen (japan) (unl).fds" size="131000" crc="19ae50dd" sha1="069aa363c6cde5adea3ede5c56f487c83ed88d64" />
	</machine>
	<machine name="mjkazoku">
		<description>Mahjong Kazoku</description>
		<year>1987</year>
		<publisher>Irem</publisher>
		<rom name="mahjong kazoku (1987)(irem)[ifd-mjk].fds" size="131000" crc="3d43b203" sha1="249a7442fdd286400e0c0c661a7ddc5a93fdef32" />
	</machine>
	<machine name="moetwinb">
		<description>Moero TwinBee - Cinnamon Hakase wo Sukue!</description>
		<year>1986</year>
		<publisher>Konami</publisher>
		<rom name="moero twinbee - cinnamon hakase wo sukue (japan).fds" size="131000" crc="13205221" sha1="75e31801df1f10d6e4e14c43e90b99367ed18ebf" />
	</machine>
	<machine name="moneywar">
		<description>Game no Tatsujin - Money Wars</description>
		<year>19??</year>
		<publisher>&lt;unknown&gt;</publisher>
		<rom name="game no tatsujin - money wars (japan) (unl).fds" size="131000" crc="da1e66c9" sha1="4248b8fb6c2039bbe3b10945b637e23051f27d75" />
	</machine>
	<machine name="montyrun">
		<description>Monty on the Run - Monty no Doki Doki Dai Dassou</description>
		<year>1987</year>
		<publisher>Jaleco</publisher>
		<rom name="monty on the run - monty no doki doki dai dassou (japan) [b].fds" size="131000" crc="f37893b9" sha1="97a1b69a5ada499c1067af1db0e6a13736a75083" status="baddump" />
	</machine>
	<machine name="moonball">
		<description>Moon Ball Magic</description>
		<year>1988</year>
		<publisher>Square</publisher>
		<rom name="moon ball magic (1988)(dog)[sqf-mbm].fds" size="131000" crc="ccfe663f" sha1="86cd67b516ba134e07399f74d6cf3ebec16bae76" />
	</machine>
	<machine name="mrgold">
		<description>Tooyama no Kinsan Space Chou - Mr. Gold</description>
		<year>1988</year>
		<publisher>Toei Animation</publisher>
		<rom name="tooyama no kinsan space chou - mr. gold (japan).fds" size="131000" crc="0805a179" sha1="1b57cddb73e8616ea09b0df2a6f46789b0bef34e" />
	</machine>
	<machine name="namidass">
		<description>Namida no Sokoban Special</description>
		<year>1986</year>
		<publisher>ASCII</publisher>
		<rom name="namida no soukoban special (japan).fds" size="131000" crc="0c5b12d6" sha1="57ee44b79875980363942288d552a63b22d34412" />
	</machine>
	<machine name="nanjing">
		<description>Nanjing no Adventure</description>
		<year>1988</year>
		<publisher>Sunsoft</publisher>
		<rom name="nankin no adventure (1988)(sunsoft)[ssd-nad].fds" size="131000" crc="af68b7c1" sha1="f8972592152d61c51452394a7f123a4c16859804" />
	</machine>
	<machine name="nazokabe">
		<description>Nazo no Kabe - Block Kuzushi</description>
		<year>1986</year>
		<publisher>Konami</publisher>
		<rom name="nazo no kabe - block kuzushi (japan) [b].fds" size="131000" crc="c8511d33" sha1="ec41e34ee9447e08cc2481420195eb76788036e4" status="baddump" />
	</machine>
	<machine name="nazomura">
		<description>Nazo no Murasamejou</description>
		<year>1986</year>
		<publisher>Nintendo</publisher>
		<rom name="nazo no murasamejou (japan).fds" size="131000" crc="9a523757" sha1="3102abcab2bec46f63e88461f73539b94aa73cbd" />
	</machine>
	<machine name="nazoraa2">
		<description>Nazoraa Land Dai 2 Gou (Nazo magazine disk)</description>
		<year>1987</year>
		<publisher>Sunsoft</publisher>
		<rom name="nazoraa land dai 2 gou (japan) (nazo magazine disk).fds" size="131000" crc="19deace2" sha1="fbd15be09527dd6857902c92a2b1163d9a12b599" />
	</machine>
	<machine name="nazoraa3">
		<description>Nazoraa Land Dai 3 Gou (Nazo magazine disk)</description>
		<year>1988</year>
		<publisher>Sunsoft</publisher>
		<rom name="nazoraa land dai 3 gou (japan) (nazo magazine disk) [b].fds" size="131000" crc="fbe7c11f" sha1="2f483ddabb2c1ad7469f7481da857fa09e6b1d9d" status="baddump" />
	</machine>
	<machine name="nazoraa">
		<description>Nazoraa Land Soukan Gou (Nazo magazine disk)</description>
		<year>1987</year>
		<publisher>Sunsoft</publisher>
		<rom name="nazoraa land soukan gou (japan) (nazo magazine disk) [b].fds" size="131000" crc="d5b7826e" sha1="104081dd2a5dfde6510d29f75f0429fcf382f5a1" status="baddump" />
	</machine>
	<machine name="nazoraaq">
		<description>Nazoraa Land Special!! - Quiz Ou wo Sagase! (Nazo magazine disk)</description>
		<year>1987</year>
		<publisher>Sunsoft</publisher>
		<rom name="nazoraa land zoukan gou - quiz ou wo sagase (japan) (nazo magazine disk) [b].fds" size="131000" crc="f449fc6c" sha1="03156138d89492f269f1f9cacd8f52f01d93c2b3" status="baddump" />
	</machine>
	<machine name="neunzehn">
		<description>Neunzehn</description>
		<year>1988</year>
		<publisher>Soft Pro</publisher>
		<rom name="neunzehn (japan) [b].fds" size="131000" crc="567fb962" sha1="3fdd89d61700e3737f1af6384e944c64a9318f8a" status="baddump" />
	</machine>
	<machine name="olympq2">
		<description>Zatsugaku Olympic Quiz Part II</description>
		<year>19??</year>
		<publisher>Phoenix?</publisher>
		<rom name="zatsugaku olympic quiz part ii (japan) (unl).fds" size="131000" crc="42e1a3e1" sha1="fca007432aff37d4ae3092766b19ade0deaab056" />
	</machine>
	<machine name="olympq">
		<description>Zatsugaku Olympic Quiz - Watanabe Wataru Hen</description>
		<year>19??</year>
		<publisher>Phoenix?</publisher>
		<rom name="zatsugaku olympic quiz - watanabe wataru hen (japan) (unl).fds" size="131000" crc="a646f79e" sha1="ce7dcb159ec014cbbcfdbf8a76a8288c7aff04b0" />
	</machine>
	<machine name="orudora">
		<description>Chitei Tairiku Orudoora</description>
		<year>1987</year>
		<publisher>Sunsoft</publisher>
		<rom name="chitei tairiku orudoora (japan).fds" size="131000" crc="9671ce0c" sha1="aa922b8dcd56a43d9e14ce07e6c37f54a482db08" />
	</machine>
	<machine name="othello">
		<description>Family Computer Othello</description>
		<year>1986</year>
		<publisher>Kawada</publisher>
		<rom name="family computer othello (japan).fds" size="65500" crc="ac0e1e61" sha1="53a4cd01d3dd780acd538d21feffa8d5b567baf6" />
	</machine>
	<machine name="otocky">
		<description>Otocky</description>
		<year>19??</year>
		<publisher>ASCII</publisher>
		<rom name="otocky (1987)(ascii)[asc-oto].fds" size="131000" crc="8143c338" sha1="5798cd0cc84ebb34dc3ce1f57b2d72ca13964127" />
	</machine>
	<machine name="pachicom">
		<description>Pachi Com</description>
		<year>1988</year>
		<publisher>Toshiba EMI</publisher>
		<rom name="pachi com (1985)(toshiba emi)[tfs-pcd].fds" size="65500" crc="92d3bb0c" sha1="b632661d5c765a902fb5b2a3c2833e73d0dc0324" />
	</machine>
	<machine name="pachingp">
		<description>Pachinko Grand Prix</description>
		<year>1988</year>
		<publisher>Data East</publisher>
		<rom name="pachinko grand prix (1988)(data east)[dfc-pgp].fds" size="131000" crc="299d751d" sha1="1beda2ddea73d1b018b81fbead9318d3e2d4e4fd" />
	</machine>
	<machine name="pacman">
		<description>Pac-Man</description>
		<year>19??</year>
		<publisher>Namcot</publisher>
		<rom name="pac-man (1990)(namco)[nds-pac].fds" size="65500" crc="e1c1c60d" sha1="5c2c673853aee583246a7d651b6336ef67167eb1" />
	</machine>
	<machine name="patlabor">
		<description>Patlabor Mobile Police - Dai 2 Shoutai Shutsudou Seyo!</description>
		<year>1989</year>
		<publisher>Bandai</publisher>
		<rom name="patlabor the mobile police - dai 2 shoutai shutsudou seyo (japan) [b].fds" size="131000" crc="1eb0ce56" sha1="5db5e943132d74515fe1dbc51f7df10c91b7808c" status="baddump" />
	</machine>
	<machine name="patton">
		<description>Baku Toushi Patton-Kun</description>
		<year>1988</year>
		<publisher>Soft Pro</publisher>
		<rom name="bakutoushi patton-kun (1988)(soft pro)[sfc-pat].fds" size="131000" crc="c39b3bb2" sha1="da8f79f7448589bf52daeb80fdfe60abeba12e14" />
	</machine>
	<machine name="pinball">
		<description>Pinball</description>
		<year>1989</year>
		<publisher>Nintendo</publisher>
		<rom name="pinball (1989)(nintendo)[fmc-pnd].fds" size="65500" crc="a52f1cf7" sha1="c6f0927d79e057472ca34e7052975f3606900f78" />
	</machine>
	<machine name="profmjg">
		<description>Professional Mahjong Gokuu</description>
		<year>1986</year>
		<publisher>ASCII</publisher>
		<rom name="professional mahjong gokuu (japan).fds" size="131000" crc="d820e945" sha1="90cbb3bec97f30b056b720b7237ed49a5f584f1d" />
	</machine>
	<machine name="progolfr">
		<description>Pro Golfer Saru - Kage no Tournament</description>
		<year>1987</year>
		<publisher>Bandai</publisher>
		<rom name="pro golfer saru - kage no tournament (1987)(bandai)[ban-pgs].fds" size="131000" crc="9a8ce9b2" sha1="efe0116ad3156bfb32ef060b4f3f2cd42860f054" />
	</machine>
	<machine name="prowres">
		<description>ProWres - Famicom Wrestling Association</description>
		<year>1986</year>
		<publisher>Nintendo</publisher>
		<rom name="prowres - famicom wrestling association (japan) [b].fds" size="65500" crc="2f472793" sha1="ed978031a39874f812d39ef0b48d954307f20d67" status="baddump" />
	</machine>
	<machine name="psychocl">
		<description>Seiken Psychocalibur - Majuu no Mori Densetsu</description>
		<year>1987</year>
		<publisher>Imagineer</publisher>
		<rom name="seiken psychocalibur - majuu no mori densetsu (japan).fds" size="131000" crc="c41be40d" sha1="359a02325660092c5c2b6d13aa43b20f178901ca" />
	</machine>
	<machine name="pulsar">
		<description>Pulsar no Hikari - Space Wars Simulation</description>
		<year>1987</year>
		<publisher>Soft Pro</publisher>
		<rom name="pulsar no hikari - space wars simulation (japan).fds" size="131000" crc="08344d4b" sha1="029cca5d0dfc5dbf7969e4b7810147fbc8b19929" />
	</machine>
	<machine name="puttputt">
		<description>Putt Putt Golf</description>
		<year>1989</year>
		<publisher>Pack-In Video</publisher>
		<rom name="putt putt golf (1989)(pack-in-video)[pac-ppg].fds" size="131000" crc="805f5166" sha1="1a104236265ca57c3b434f7027d4d772e5dd2558" />
	</machine>
	<machine name="puzlboys">
		<description>Puzzle Boys</description>
		<year>1990</year>
		<publisher>Atlus</publisher>
		<rom name="puzzle boys (1990)(atlus)[atl-puz].fds" size="131000" crc="b9f22094" sha1="017715580b14cd5a02081fe6b28011389e95e195" />
	</machine>
	<machine name="quickhun">
		<description>Quick Hunter</description>
		<year>19??</year>
		<publisher>&lt;unknown&gt;</publisher>
		<rom name="quickhunpd1\quick hunter - parameter disk vol.1 (japan) (unl).fds" size="65500" crc="20cc5678" sha1="b080ef79bb7930de1de3016860f5656b24e61b8f" />
		<rom name="quick hunter (japan) (unl).fds" size="65500" crc="c6baa8e6" sha1="d7fb89995e8ba11b77ad5f5f60a014eef5c91c1c" />
	</machine>
	<machine name="radicalb">
		<description>Radical Bomber!! Jirai Kun</description>
		<year>1988</year>
		<publisher>Jaleco</publisher>
		<rom name="radical bomber jirai kun (1988)(jaleco)[jfd-grk].fds" size="131000" crc="e9b2edc9" sha1="9979ac4dc613ed5f67973542b1d5ea996e1c47c1" />
	</machine>
	<machine name="raijin">
		<description>Akara Senki Raijin</description>
		<year>1988</year>
		<publisher>Square</publisher>
		<rom name="akara senki raijin (1988)(microcabin square)[sqf-rjn].fds" size="131000" crc="115208be" sha1="139585df8669eb1daa0620a212bddaa5313df02d" />
	</machine>
	<machine name="reflectw">
		<description>Reflect World</description>
		<year>1987</year>
		<publisher>East Cube</publisher>
		<rom name="reflect world (1987)(east cube)[ecf-rwd].fds" size="131000" crc="52f623d1" sha1="84906e333904966c87568c1d6a65259264b22bd7" />
	</machine>
	<machine name="relics">
		<description>Relics - Ankoku Yousai</description>
		<year>1987</year>
		<publisher>Bothtec</publisher>
		<rom name="relics - ankoku yousai (1987)(bothtec)[btc-rlc].fds" size="131000" crc="cb05a540" sha1="6850d27ad778c20de319f6a3505bc57baef377a6" />
	</machine>
	<machine name="replicrt">
		<description>Replicart</description>
		<year>1988</year>
		<publisher>Taito</publisher>
		<rom name="replicart (1988)(taito)[tdf-rep].fds" size="131000" crc="50459c8a" sha1="e260efc833343205d02ddfb7e5d69846f5d6fb79" />
	</machine>
	<machine name="risayous">
		<description>Risa no Yousei Densetsu</description>
		<year>1988</year>
		<publisher>Konami</publisher>
		<rom name="risa no yousei densetsu (japan).fds" size="131000" crc="d7943621" sha1="0560cdeefae79ded6ec8cc8b334becabdda47768" />
	</machine>
	<machine name="rogerrab">
		<description>Roger Rabbit</description>
		<year>1989</year>
		<publisher>Kemco</publisher>
		<rom name="roger rabbit (1989)(kemco)[ksc-rrr].fds" size="131000" crc="8350559a" sha1="0d34576bc5c14fb0edb6f8fa8e2daca0438912ea" />
	</machine>
	<machine name="rolpanic">
		<description>Hikaru Genji - Roller Panic</description>
		<year>1989</year>
		<publisher>Pony Canyon</publisher>
		<rom name="hikaru genji - roller panic (1989)(pony canyon)[pnf-gen].fds" size="131000" crc="d9ec0c0a" sha1="a605d59a4fecae246b51b1f400be7ae51bb2a197" />
	</machine>
	<machine name="sailorf1">
		<description>Sailor-fuku Bishoujo Zukan Vol. 1</description>
		<year>1989</year>
		<publisher>Mimi?</publisher>
		<rom name="sailor fuku bishoujo zukan vol. 1 (japan) (unl).fds" size="131000" crc="a6b85a58" sha1="187d16eec3150f6a0062690b39138c5a5204fb71" />
	</machine>
	<machine name="sailorf2">
		<description>Sailor-fuku Bishoujo Zukan Vol. 2</description>
		<year>1989</year>
		<publisher>Mimi?</publisher>
		<rom name="sailor fuku bishoujo zukan vol. 2 (japan) (unl).fds" size="131000" crc="5ff683af" sha1="bee90e52a3b4a50bbc4b2a423dff86a581b54cba" />
	</machine>
	<machine name="sailorf3">
		<description>Sailor-fuku Bishoujo Zukan Vol. 3</description>
		<year>1989</year>
		<publisher>Mimi?</publisher>
		<rom name="sailor fuku bishoujo zukan vol. 3 (japan) (unl).fds" size="131000" crc="da347669" sha1="ebaa942596296722e663b897405b3d39630fe357" />
	</machine>
	<machine name="sailorf4">
		<description>Sailor-fuku Bishoujo Zukan Vol. 4</description>
		<year>1989</year>
		<publisher>Mimi?</publisher>
		<rom name="sailor fuku bishoujo zukan vol. 4 (japan) (unl).fds" size="131000" crc="a887bc15" sha1="708c62d029fbadd55650b7c0b0e8d408b1fbbe3d" />
	</machine>
	<machine name="sailorf5">
		<description>Sailor-fuku Bishoujo Zukan Vol. 5</description>
		<year>1989</year>
		<publisher>Mimi?</publisher>
		<rom name="sailor fuku bishoujo zukan vol. 5 (japan) (unl).fds" size="131000" crc="c09721a9" sha1="397524fce303c741abc8e8b1cbe16049c2354322" />
	</machine>
	<machine name="sailorf6">
		<description>Sailor-fuku Bishoujo Zukan Vol. 6</description>
		<year>1989</year>
		<publisher>Mimi?</publisher>
		<rom name="sailor fuku bishoujo zukan vol. 6 (japan) (unl).fds" size="131000" crc="69b6afed" sha1="1444a412b85a748da47df7fb00fef83eef159cf0" />
	</machine>
	<machine name="samurai">
		<description>Samurai Sword</description>
		<year>1988</year>
		<publisher>Capcom</publisher>
		<rom name="samurai sword (japan) [b].fds" size="131000" crc="ec3ffe8d" sha1="a6671ece642c03fbf6c707a0777011dcac17765b" status="baddump" />
	</machine>
	<machine name="santa">
		<description>Santa Claus no Takarabako</description>
		<year>1987</year>
		<publisher>Data East</publisher>
		<rom name="santa claus no takarabako (japan).fds" size="131000" crc="645b2ec7" sha1="163b500a0d4d616926270277d79138a3ecd646a7" />
	</machine>
	<machine name="sdgndgs">
		<description>SD Gundam World - Gachapon Senshi - Scramble Wars</description>
		<year>1988</year>
		<publisher>Bandai</publisher>
		<rom name="sdgndgs1\sd gundam world - gachapon senshi - scramble wars (1987)(bandai)[ban-sgw][a].fds" size="131000" crc="c1dcb7e4" sha1="1ea908cdbf2a0ecf04f8f9be0f2997a4c0b0bc15" />
		<rom name="sdgndgs2\sd gundam world - gachapon senshi - scramble wars (1987)(bandai)[ban-sgw][a2].fds" size="131000" crc="bb15c4f6" sha1="ba06717f77a05e04bbd17df9c9d4694f3573cea0" />
		<rom name="sdgndgsmap1\sd gundam world - gachapon senshi - scramble wars - map collection (1989)(bandai)[ban-sg2][a].fds" size="131000" crc="748601ad" sha1="fff48467af166bfeb949755097854d010061b781" />
		<rom name="sdgndgsmap\sd gundam world - gachapon senshi - scramble wars - map collection (1989)(bandai)[ban-sg2].fds" size="131000" crc="1017ad62" sha1="a59644eef6510d31e85a704881bdfcf7bf399a0d" />
		<rom name="sd gundam world - gachapon senshi - scramble wars (1987)(bandai)[ban-sgw].fds" size="131000" crc="9d287c3f" sha1="e4c5e6d2fab30c4c472f81ad396c23885b978deb" />
	</machine>
	<machine name="sectionz">
		<description>Section Z</description>
		<year>1987</year>
		<publisher>Capcom</publisher>
		<rom name="section-z (1987)(capcom)[cap-scz].fds" size="131000" crc="89bb5790" sha1="cdb702843d419e6433c04d29e78ac0a863c730a2" />
	</machine>
	<machine name="sexyinv">
		<description>Sexy Invaders</description>
		<year>1990</year>
		<publisher>SuperPIG?</publisher>
		<rom name="sexy invaders (japan) (unl).fds" size="131000" crc="963b047c" sha1="e4b1fb93d4cb16f1b44e2987cc734e1a5e52c0a7" />
	</machine>
	<machine name="shangh2">
		<description>Shanghai 2 (prototype, Dragon Layout)</description>
		<year>19??</year>
		<publisher>Sunsoft</publisher>
		<rom name="shangh2a\shanghai 2 (scorpion) (prototype).fds" size="65500" crc="4e10423e" sha1="ff1ae30461496ab4ac448f9100b228e8d68ac929" />
		<rom name="shanghai 2 (dragon) (prototype).fds" size="65500" crc="4eaaea69" sha1="ac34f61676e151ef2e1879cbab254a8222c23601" />
	</machine>
	<machine name="shanghai">
		<description>Shanghai (prototype)</description>
		<year>19??</year>
		<publisher>Sunsoft</publisher>
		<rom name="shanghai (prototype).fds" size="65500" crc="b1ed9311" sha1="e8c62d21b815818156d734abd852d1e69a6e0530" />
	</machine>
	<machine name="shockten">
		<description>Kobayashi Hitomi Shocking Tennis</description>
		<year>19??</year>
		<publisher>Hacker International</publisher>
		<rom name="kobayashi hitomi shocking tennis (japan) (unl).fds" size="131000" crc="187ec24c" sha1="7389da745b2b2261c6708bbcb5f8a5700012f969" />
	</machine>
	<machine name="shogish2">
		<description>Tanigawa Kouji no Shougi Shinan II - Meijin e no Michi</description>
		<year>1987</year>
		<publisher>Pony Canyon</publisher>
		<rom name="tanigawa kouji no shougi shinan ii - meijin e no michi (japan).fds" size="131000" crc="6cad684c" sha1="3cfff39aaa5e4192ca40c747c8004abc80a7204a" />
	</machine>
	<machine name="shoniga">
		<description>Famicom Mukashi Banashi - Shin Onigashima</description>
		<year>1987</year>
		<publisher>Nintendo</publisher>
		<rom name="shoniga1\famicom mukashi banashi - shin onigashima - kou hen (1987)(nintendo)[fmc-on2][a].fds" size="262000" crc="c4fc5037" sha1="746b8a453ed3018006f646f21942206143e55ed1" />
		<rom name="shoniga2\famicom mukashi banashi - shin onigashima - kou hen (1987)(nintendo)[fmc-on2][a2].fds" size="262000" crc="f6689121" sha1="3a34f0fc3a9b62915849273777ec0fb8e8d08633" />
		<rom name="famicom mukashi banashi - shin onigashima - kou hen (1987)(nintendo)[fmc-on2].fds" size="262000" crc="d58509d0" sha1="5534ce545e0d4bb9ca27e8699e0c38d96a10c57e" />
	</machine>
	<machine name="silviana">
		<description>Silviana - Ai Ippai no Boukensya</description>
		<year>1988</year>
		<publisher>Pack-In Video</publisher>
		<rom name="silviana - ai ippai no boukensya (japan) [b].fds" size="131000" crc="cc7738cd" sha1="3fb093609aa37052f991dfb905609b0f51932209" status="baddump" />
	</machine>
	<machine name="slodern2">
		<description>Super Lode Runner II (Disk Writer)</description>
		<year>1987</year>
		<publisher>Irem</publisher>
		<rom name="super lode runner ii (japan) (disk writer) [b].fds" size="131000" crc="758888f4" sha1="e05ce1054000bfc74f72ff52962918f97c8240fd" status="baddump" />
	</machine>
	<machine name="sloderun">
		<description>Super Lode Runner</description>
		<year>1987</year>
		<publisher>Irem</publisher>
		<rom name="super lode runner (japan) [b].fds" size="131000" crc="9f8bb21b" sha1="98cafed5e8573558c330e80c268d94c5c01a327a" status="baddump" />
	</machine>
	<machine name="smashpin">
		<description>Smash Ping Pong</description>
		<year>1987</year>
		<publisher>Nintendo</publisher>
		<rom name="smash ping pong (japan) [b].fds" size="65500" crc="23ed63a3" sha1="b92c42880e6a129cbbd910fe6d1a9ddde6afbf4f" status="baddump" />
	</machine>
	<machine name="smb2">
		<description>Super Mario Bros. 2</description>
		<year>1986</year>
		<publisher>Nintendo</publisher>
		<rom name="super mario brothers 2 (japan).fds" size="65500" crc="f04cd4cd" sha1="20e50128742162ee47561db9e82b2836399c880c" />
	</machine>
	<machine name="smb">
		<description>Super Mario Bros.</description>
		<year>1986</year>
		<publisher>Nintendo</publisher>
		<rom name="super mario brothers (japan).fds" size="65500" crc="e0890cf2" sha1="383ad8e3890a95de9595f0a6087648f51177da13" />
	</machine>
	<machine name="soccer">
		<description>Soccer</description>
		<year>1986</year>
		<publisher>Nintendo</publisher>
		<rom name="soccer (japan).fds" size="65500" crc="252451b3" sha1="88446c2601641bb0a1201f59252af90267ed3bfe" />
	</machine>
	<machine name="solomon">
		<description>Solomon no Kagi</description>
		<year>1991</year>
		<publisher>Tecmo</publisher>
		<rom name="solomon no kagi (1987)(tecmo)[tcf-skd].fds" size="65500" crc="091fd6d1" sha1="5cafd9bc9b2dd3f4c95f5c3a391098f82aa0fd3b" />
	</machine>
	<machine name="souseiki">
		<description>Souseiki Fammy - ROM-QD for 256K+64K</description>
		<year>19??</year>
		<publisher>&lt;unknown&gt;</publisher>
		<rom name="souseiki fammy - rom-qd for 256k+64k (japan) (unl).fds" size="131000" crc="837a5d11" sha1="072f8a25e5d5309fbcb005a5e79efe43fb033e80" />
	</machine>
	<machine name="suishoun">
		<description>Suishou no Ryuu</description>
		<year>1986</year>
		<publisher>Square</publisher>
		<rom name="suishou no ryuu (1986)(dog)[sqf-ssd].fds" size="131000" crc="5c467251" sha1="50a6d3b2c89efd598d83e48f7f1f8b41c518dc8b" />
	</machine>
	<machine name="superboy">
		<description>Super Boy Allan</description>
		<year>1987</year>
		<publisher>Sunsoft</publisher>
		<rom name="super boy allan (japan).fds" size="131000" crc="72f6194b" sha1="1c02088a34444cb45093527e840806e9f15de9c2" />
	</machine>
	<machine name="tamafrnd">
		<description>Tama &amp; Friends - 3 Choume Dai Bouken</description>
		<year>1989</year>
		<publisher>Bandai</publisher>
		<rom name="tamafrnd1\tama &amp; friends - 3 choume dai bouken (1989)(bandai)[a].fds" size="131000" crc="e8bc04a2" sha1="63ed0e4bb01aa97dbc8a18e9263760f617f7f0a1" />
		<rom name="tama &amp; friends - 3 choume dai bouken (1989)(bandai).fds" size="131000" crc="fcf52fb7" sha1="93b83f58a1202df85b4ad9255b5d529a24cf5875" />
	</machine>
	<machine name="tarot">
		<description>Tarot Uranai</description>
		<year>1988</year>
		<publisher>Scorpion Soft</publisher>
		<rom name="tarot (198x)(scorpion soft).fds" size="131000" crc="e67a149a" sha1="eea31a2a4af73b41367c2e40b84bbbcedc32f2a1" />
	</machine>
	<machine name="teacher">
		<description>I Am A Teacher - Teami no Kiso</description>
		<year>1986</year>
		<publisher>Royal Kougyou</publisher>
		<rom name="i am a teacher - teami no kiso (1986)(royal kougyou)[roy-itk] [ok].fds" size="131000" crc="6a14ffaf" sha1="49ea5ba871497f48bf4ca03f55ce0df39b27b333" />
	</machine>
	<machine name="teachsmb">
		<description>I Am A Teacher - Super Mario no Sweater</description>
		<year>1986</year>
		<publisher>Royal Kougyou</publisher>
		<rom name="i am a teacher - super mario no sweater (1986)(royal kougyou)[roy-ism] [ok].fds" size="131000" crc="ce7e8631" sha1="0f792b8a6d86d93298ef4964b4b8aee3d8fa5a4d" />
	</machine>
	<machine name="tennis">
		<description>Tennis</description>
		<year>1986</year>
		<publisher>Nintendo</publisher>
		<rom name="tennis (japan).fds" size="65500" crc="04b416be" sha1="2219b77a50e3322c2bd9fee3f4cf344971a4d862" />
	</machine>
	<machine name="tenshita">
		<description>Tenshi-tachi no Houkago</description>
		<year>1989</year>
		<publisher>Mimi?</publisher>
		<rom name="tenshi tachi no houkago (japan) (unl).fds" size="262000" crc="45e541fe" sha1="2be8da261ac181ad19ec1283d804eca37c29c5e6" />
	</machine>
	<machine name="tiledit">
		<description>Sunsoft Tile Editor (newer)</description>
		<year>19??</year>
		<publisher>Sunsoft</publisher>
		<rom name="tiledito\tile editor (older) (sunsoft).fds" size="65500" crc="41bd542a" sha1="43c7f9fcf83604c47a1ac5a7aa070a5fb4f85c0a" />
		<rom name="tile editor (newer) (sunsoft).fds" size="65500" crc="421079df" sha1="4b8be728c8036d06d2ade6eb6ff6b0eb10f63d20" />
	</machine>
	<machine name="timetwst">
		<description>Time Twist - Rekishi no Katasumi de</description>
		<year>1991</year>
		<publisher>Nintendo</publisher>
		<rom name="time twist - rekishi no katasumi de (japan).fds" size="262000" crc="e88e2399" sha1="ff01d150d86ba00b2e96197d682f0d715a374ee5" />
	</machine>
	<machine name="titanic">
		<description>Titanic Mystery - Ao no Senritsu</description>
		<year>1987</year>
		<publisher>Gakken</publisher>
		<rom name="titanic mystery - ao no senritsu (1987)(gakken)[gat-tit].fds" size="131000" crc="58e8eaf6" sha1="f1abbe1c2937e11ac0bce0b188c92c6f4ec1c90f" />
	</machine>
	<machine name="tjskiken">
		<description>Tantei Jinguuji Saburou - Kikenna Futari</description>
		<year>1988</year>
		<publisher>Data East</publisher>
		<rom name="tantei jinguuji saburou - kikenna futari - zn pen (1988)(data east)[dfc-kf1].fds" size="262000" crc="28aab9c5" sha1="a394e5ea1a6b4e1d434e7ae3c9d96cd05850c60b" />
	</machine>
	<machine name="tjsshinj">
		<description>Tantei Jinguuji Saburou - Shinjuku Chuuou Kouen Satsujin Jiken</description>
		<year>1987</year>
		<publisher>Data East</publisher>
		<rom name="tantei jinguuji saburou - shinjuku chuuou kouen satsujin jiken (1987)(data east)[dfc-juk].fds" size="131000" crc="ef2b462a" sha1="6809bc869998cde506e7603e0dd9355e3ec6af86" />
	</machine>
	<machine name="tobidais">
		<description>Tobidase Daisakusen</description>
		<year>1987</year>
		<publisher>Square</publisher>
		<rom name="tobidais1\tobidase daisakusen (1987)(square)[sqf-tds][a].fds" size="131000" crc="e1f2d279" sha1="4726dfbdd9cdb995a012c7abab031471b79cc4cd" />
		<rom name="tobidais2\tobidase daisakusen (1987)(square)[sqf-tds][a2].fds" size="131000" crc="226f166c" sha1="94b73ac6224723d5bd39f65b1b0d309d6b7d688d" />
		<rom name="tobidase daisakusen (1987)(square)[sqf-tds].fds" size="131000" crc="0140588c" sha1="3b7dbdf06b54ee325aa161a2acf878c59a3e48a5" />
	</machine>
	<machine name="tonkachi">
		<description>Tonkachi Editor</description>
		<year>19??</year>
		<publisher>&lt;unknown&gt;</publisher>
		<rom name="tonkachi editor (japan) (unl).fds" size="65500" crc="bea8b9a2" sha1="3f8594bdc787944835ce73692d5529ba1230ef7f" />
	</machine>
	<machine name="topzip">
		<description>Topple Zip</description>
		<year>1987</year>
		<publisher>Bothtec</publisher>
		<rom name="topple zip (1987)(bothtec).fds" size="131000" crc="cb68e307" sha1="3ecca6ac539aba640d91b55829b0c5b09c7c91b2" />
	</machine>
	<machine name="transfr2">
		<description>Transformers II - The Headmasters</description>
		<year>1987</year>
		<publisher>Takara</publisher>
		<rom name="transformer - the head master (1987)(takara).fds" size="131000" crc="3b46dbbf" sha1="e802d6c5b455dca623a6d7f0e27cb742d7d8aff9" />
	</machine>
	<machine name="twinbee">
		<description>TwinBee (Disk Writer)</description>
		<year>1988</year>
		<publisher>Konami</publisher>
		<rom name="twinbee (japan) (disk writer).fds" size="65500" crc="909bdca2" sha1="856c4fae4409729adee91849af4741cc607255b8" />
	</machine>
	<machine name="ultraclb">
		<description>Ultraman Club - Chikyuu Dakkan Sakusen (v1.1)</description>
		<year>1988</year>
		<publisher>Bandai</publisher>
		<rom name="ultraclba\ultraman club - chikyuu dakkan sakusen (japan) (v1.0).fds" size="131000" crc="ad5183db" sha1="6156a65aad9406dad4feef916225dea5d3aa1a46" />
		<rom name="ultraman club - chikyuu dakkan sakusen (japan) (v1.1).fds" size="131000" crc="fd150e81" sha1="ea57b4411d5daf23333fe0c8fbb1d2b37e4360ce" />
	</machine>
	<machine name="ultraman">
		<description>Ultraman - Kaijuu Teikoku no Gyakushuu</description>
		<year>1987</year>
		<publisher>Bandai</publisher>
		<rom name="ultraman1\ultraman - kaijuu teikoku no gyakushuu (1986)(bandai)[ban-ulm][a].fds" size="131000" crc="abcc81bf" sha1="0f711efbf57c6c2aa2d33de4b42f36a04a086fbb" />
		<rom name="ultraman - kaijuu teikoku no gyakushuu (1986)(bandai)[ban-ulm].fds" size="131000" crc="2f69cc12" sha1="74a7755e2477a42e27b6fb96aa36c6c336facae2" />
	</machine>
	<machine name="ultramn2">
		<description>Ultraman 2 - Shutsugeki Katoku Tai!!</description>
		<year>1987</year>
		<publisher>Bandai</publisher>
		<rom name="ultraman 2 - shutsugeki katoku tai (japan).fds" size="131000" crc="8f7f0352" sha1="6d1b890d3ae55541c7cef6bf1df31a39fbb398b0" />
	</machine>
	<machine name="volley">
		<description>Volleyball</description>
		<year>1986</year>
		<publisher>Nintendo</publisher>
		<rom name="volleyball (japan).fds" size="65500" crc="f2040d16" sha1="fb2d7fe3866765ec34249a2853a592bd0dc2217d" />
	</machine>
	<machine name="wakuaton">
		<description>Wakusei Aton Gaiden (National Tax Agency Demo)</description>
		<year>19??</year>
		<publisher>&lt;unknown&gt;</publisher>
		<rom name="wakusei aton gaiden (japan) (national tax agency demo).fds" size="131000" crc="2437fa88" sha1="bb1260e1457ed8d72af05dc574570496ff8490fa" />
	</machine>
	<machine name="wardner">
		<description>Wardner no Mori</description>
		<year>1988</year>
		<publisher>Taito</publisher>
		<rom name="wardner no mori (1988)(taito)[tfd-wad].fds" size="131000" crc="2d04e09f" sha1="80aea3f5b5b1a9f22158be260ea1db19a1210dcc" />
	</machine>
	<machine name="wingames">
		<description>Winter Games</description>
		<year>1987</year>
		<publisher>Pony Canyon</publisher>
		<rom name="winter games (1987)(pony canyon)[pnf-win].fds" size="131000" crc="324d5b7b" sha1="aefc8b0002f6e3ea780462e5464353ba559f13a0" />
	</machine>
	<machine name="wrecking">
		<description>Wrecking Crew</description>
		<year>1989</year>
		<publisher>Nintendo</publisher>
		<rom name="wrecking crew (1988)(nintendo).fds" size="65500" crc="04763d6a" sha1="fb0931dfe0c22bcf3e843f57e1426bf82dca08f5" />
	</machine>
	<machine name="xevious">
		<description>Xevious</description>
		<year>1990</year>
		<publisher>Namcot</publisher>
		<rom name="xevious (1990)(namco).fds" size="65500" crc="3da99b11" sha1="2d264c9963197c69df96c3fd9d8dbeefbbe2c8be" />
	</machine>
	<machine name="youkayas">
		<description>Youkai Yashiki</description>
		<year>1987</year>
		<publisher>Irem</publisher>
		<rom name="youkai yashiki (1987)(irem)[ifd-yok].fds" size="131000" crc="181719ad" sha1="2debce974eee45e6045ddaa97874023bf215949d" />
	</machine>
	<machine name="yuumaze">
		<description>Yuu Maze</description>
		<year>1988</year>
		<publisher>Taito</publisher>
		<rom name="yuu maze (japan).fds" size="131000" crc="7db80e2b" sha1="9ee5ce6176ea859ee56ca80518f0cfc40da791e0" />
	</machine>
	<machine name="yuyuki">
		<description>Famicom Mukashi Banashi - Yuu Yuu Ki - kou Hen</description>
		<year>1989</year>
		<publisher>Nintendo</publisher>
		<rom name="famicom mukashi banashi - yuu yuu ki - kou hen (1989)(nintendo)[fmc-uu2].fds" size="262000" crc="1e7e5983" sha1="62df28460875baa5f4832759796ab9de48ac508a" />
	</machine>
	<machine name="zanac">
		<description>Zanac</description>
		<year>1986</year>
		<publisher>Pony Canyon</publisher>
		<rom name="zanac (1988)(pony canyon)[pnf-zan].fds" size="65500" crc="c3ace814" sha1="c6ac053cfb48ef367480042c59a00d6a26057643" />
	</machine>
	<machine name="zelda2">
		<description>Link no Bouken - The Legend of Zelda 2 (v1.1)</description>
		<year>1987</year>
		<publisher>Nintendo</publisher>
		<rom name="zelda2a\link no bouken - the legend of zelda 2 (japan) (v1.0).fds" size="131000" crc="2d9d88c0" sha1="0fde8404f6cec68a29d339993edc8a82abade409" />
		<rom name="link no bouken - the legend of zelda 2 (japan) (v1.1).fds" size="131000" crc="1187fe3d" sha1="8877321f1fda7d54bf2468dd6f5e36d321cbcce1" />
	</machine>
	<machine name="zelda">
		<description>Zelda no Densetsu - The Hyrule Fantasy (v1.1)</description>
		<year>1986</year>
		<publisher>Nintendo</publisher>
		<rom name="zeldaa\zelda no densetsu - the hyrule fantasy (japan) (v1.0).fds" size="131000" crc="1f22ccb1" sha1="135ac9cbdf3983aa77d7581b26d685d02615d36a" />
		<rom name="zeldap\zelda no densetsu - the hyrule fantasy (japan) (beta) [b].fds" size="131000" crc="2f222391" sha1="2c3ff158c3716abb66677d149b3e1d23993c1bfe" status="baddump" />
		<rom name="zelda no densetsu - the hyrule fantasy (japan) (v1.1).fds" size="131000" crc="8f2202bf" sha1="1429fbe3e62059994b6ff7c5e5e2a330831faf63" />
	</machine>
</datafile>