<?xml version="1.0" encoding="utf-8"?>
<!DOCTYPE datafile PUBLIC "-//Logiqx//DTD ROM Management Datafile//EN" "http://www.logiqx.com/Dats/datafile.dtd">
<datafile>
	<header>
		<name>pc8801_cass</name>
		<description>NEC PC-8801 cassettes</description>
		<version></version>
		<author></author>
	</header>
	<machine name="3dgolf">
		<description>3D Golf Simulation</description>
		<year>1983</year>
		<publisher>T&amp;E Soft</publisher>
		<rom name="3d golf simulation.t88" size="64126" crc="1e2d085c" sha1="4070737ede0f4eda0c0102468127cd0abf3725d9" />
	</machine>
	<machine name="4dhouset">
		<description>Yojigen no Ie - 4 Dimension House</description>
		<year>1983</year>
		<publisher>プロシューマー (Prosumer)</publisher>
		<rom name="4 dimension house.t88" size="24890" crc="40e6938c" sha1="b642f87dc619975e60561499dc35b9b5d7afff07" />
	</machine>
	<machine name="3156coro2">
		<description>3156 Coro Coro</description>
		<year>1985</year>
		<publisher>スクウェア (Square) / アスキー (ASCII)</publisher>
		<rom name="3156 Coro Coro.t88" size="39765" crc="fe75afd7" sha1="53416e69807eb5e24e09fbef9ee11ee52b542c56" />
	</machine>
	<machine name="alphos">
		<description>Alphos</description>
		<year>1983</year>
		<publisher>エニックス (Enix)</publisher>
		<rom name="alphosa\alphos.t88" size="43001" crc="1f56879c" sha1="50640e39609d549b5763ec3bbac185200260ff0f" />
		<rom name="alphos.cmt" size="42135" crc="c4acb7d3" sha1="edc1b698caff39a68e86c062a1df0b64c77f26ee" />
	</machine>
	<machine name="apploon">
		<description>Apploon</description>
		<year>1984</year>
		<publisher>タカラ (Takara)</publisher>
		<rom name="apploon.t88" size="38600" crc="a112dcc3" sha1="37003cc7810b9093e6779d47216a4d8e25a2db5c" />
	</machine>
	<machine name="ay1">
		<description>AY-1 Fortress Solomon</description>
		<year>1983</year>
		<publisher>アスキー (ASCII)</publisher>
		<rom name="ay-1.t88" size="30241" crc="f5706072" sha1="be83344cff7fdaadbfb329d5357db7124a1bacd0" />
	</machine>
	<machine name="baseblk">
		<description>Base-kun Block</description>
		<year>19??</year>
		<publisher>&lt;unknown&gt;</publisher>
		<rom name="base-kun block.t88" size="6079" crc="dc9654b5" sha1="bde18ee095c084ccaf765624055fde8391dd97db" />
	</machine>
	<machine name="bishohip">
		<description>Bishojo Hippagashi Game</description>
		<year>1983</year>
		<publisher>ツクモ (Tsukumo)</publisher>
		<rom name="bishojo hippagashi game.t88" size="22194" crc="d4b6a8d3" sha1="419c1cf949b9d20a4fc64cbe8074779796baecb4" />
	</machine>
	<machine name="blckonyxmk2">
		<description>The Black Onyx</description>
		<year>1984</year>
		<publisher>B·P·S (Bullet-Proof Software)</publisher>
		<rom name="the_black_onyx_v80.t88" size="64295" crc="3671cfd9" sha1="5e7289c85cd12cb3012533077ceb4355cc151349" />
		<rom name="the_black_onyx_v80_character creation.t88" size="29795" crc="23f62174" sha1="3960a0cd2987cf655faa406e58b1dc05ec6f9ebf" />
	</machine>
	<machine name="bokosuka">
		<description>Bokosuka Wars</description>
		<year>1984</year>
		<publisher>アスキー (ASCII)</publisher>
		<rom name="bokosuka wars.t88" size="39963" crc="1abbc035" sha1="b32bca451ad79106ad1bc7a7b7015f2c09b5b448" />
	</machine>
	<machine name="cbdash">
		<description>Champion Boulderdash</description>
		<year>19??</year>
		<publisher>&lt;unknown&gt;</publisher>
		<rom name="champion boulderdash.t88" size="42884" crc="ded95084" sha1="e095f1406df311e8eef1eecf95531e29a69b301d" />
	</machine>
	<machine name="chinsnmj">
		<description>Chin-san Mahjong</description>
		<year>19??</year>
		<publisher>&lt;unknown&gt;</publisher>
		<rom name="chin-san mahjong.t88" size="23460" crc="6d5fcfba" sha1="f0d74fa85f8442e64a901849a8ba0a2622be18be" />
	</machine>
	<machine name="combat">
		<description>Combat</description>
		<year>19??</year>
		<publisher>&lt;unknown&gt;</publisher>
		<rom name="combat.t88" size="19730" crc="d5f635d6" sha1="e59098c33706b69683575b9644c434e6bf389203" />
	</machine>
	<machine name="cosmomu">
		<description>Cosmo Mutar</description>
		<year>1984</year>
		<publisher>T&amp;E Soft</publisher>
		<rom name="cosmo mutar.cmt" size="54216" crc="a360bd92" sha1="a53673882faa68c4dba30a9d2013a37101370eab" />
	</machine>
	<machine name="cosmox">
		<description>Cosmo Cross</description>
		<year>19??</year>
		<publisher>&lt;unknown&gt;</publisher>
		<rom name="cosmo cross.t88" size="85436" crc="2670e10c" sha1="e7a089abf1b258cb4885d7cc1fb528727f45cef4" />
	</machine>
	<machine name="cyclwman">
		<description>Cyclops Crusher + Waterman</description>
		<year>1983</year>
		<publisher>ポニカ (Pony Canyon)</publisher>
		<rom name="cyclops crusher.t88" size="7658" crc="1d8f5671" sha1="065682e65074e3ba35ec977a04112766b74c568e" />
		<rom name="waterman.t88" size="30290" crc="b041f530" sha1="2faafae8cbe6502517e0cc845f32a1174bb64ddf" />
	</machine>
	<machine name="daifugo">
		<description>Daifugo</description>
		<year>19??</year>
		<publisher>&lt;unknown&gt;</publisher>
		<rom name="daifugo.t88" size="23542" crc="4c1c500c" sha1="0fa8e1fb388423a16c6901cc8c7748543ec4670c" />
	</machine>
	<machine name="digdug">
		<description>Dig Dug</description>
		<year>1983</year>
		<publisher>電波新聞社 (Dempa Shinbunsha)</publisher>
		<rom name="dig dug.cmt" size="47299" crc="6025fe7b" sha1="5ad555bad5b83cb93354208781cd2013a8f38140" />
	</machine>
	<machine name="dipper">
		<description>Dipper</description>
		<year>19??</year>
		<publisher>&lt;unknown&gt;</publisher>
		<rom name="dipper.t88" size="6389" crc="bc460095" sha1="b547b95e2cbd64c9926f53014a88894fe4951f7d" />
	</machine>
	<machine name="donkeygo">
		<description>Donkey Gorilla</description>
		<year>1983</year>
		<publisher>ツクモ (Tsukumo)</publisher>
		<rom name="donkey gorilla.t88" size="6958" crc="8359a32a" sha1="255ca88bedb466e9313c025e3f4397733f000e96" />
	</machine>
	<machine name="doordoor">
		<description>Door Door</description>
		<year>1983</year>
		<publisher>エニックス (Enix)</publisher>
		<rom name="door door.cmt" size="26714" crc="9f5abc75" sha1="2380232d569b3438778e6fd117bac9e175e9568f" />
	</machine>
	<machine name="doormaze">
		<description>Door Maze</description>
		<year>1984</year>
		<publisher>ポリシー (Policy)</publisher>
		<rom name="door maze.t88" size="23282" crc="2c0693a3" sha1="5de8c7218b5913ca575bb6403b6e314de6d762d5" />
	</machine>
	<machine name="downmaze">
		<description>Downmaze</description>
		<year>19??</year>
		<publisher>&lt;unknown&gt;</publisher>
		<rom name="downmaze.t88" size="1433" crc="04dcd527" sha1="2b53984c4f83dcca05fb1b6f6dbd2635f155672b" />
	</machine>
	<machine name="dualaln">
		<description>Dual Alien</description>
		<year>1984</year>
		<publisher>セントラル教育 (Central Kyoku)</publisher>
		<rom name="dual alien.t88" size="6696" crc="4bedc799" sha1="8fa64706626663396f98941239e5335e91641ab9" />
	</machine>
	<machine name="dungeon">
		<description>Dungeon</description>
		<year>1983</year>
		<publisher>光栄 (Koei)</publisher>
		<rom name="dungeon.t88" size="54499" crc="ffd71bd4" sha1="f43705e6f2cc5df89bfea1167b42617029ca2113" />
	</machine>
	<machine name="dungeonp">
		<description>Dungeon Player Tape</description>
		<year>19??</year>
		<publisher>&lt;unknown&gt;</publisher>
		<rom name="dungeon player tape.t88" size="1818" crc="a645d7a5" sha1="7ae45894c378883d71d591caef83e4b3b6784179" />
	</machine>
	<machine name="eggy">
		<description>Eggy</description>
		<year>1985</year>
		<publisher>ボーステック (Bothtec)</publisher>
		<rom name="eggy.cmt" size="58367" crc="e0925596" sha1="a60b19faef2298fd8aeace88431131f924edb157" />
	</machine>
	<machine name="enterpr">
		<description>Enterprise</description>
		<year>19??</year>
		<publisher>&lt;unknown&gt;</publisher>
		<rom name="enterprise.t88" size="31605" crc="9ab8b63d" sha1="16c10eb3a6b42293b5ef4f25b6f05684fbb057f7" />
	</machine>
	<machine name="fanfun">
		<description>Fan Fun</description>
		<year>1983</year>
		<publisher>エニックス (Enix)</publisher>
		<rom name="fanfuna\fanfun (alt maybe).t88" size="523940" crc="9aa09f20" sha1="1eced4485695044a72784485f7f2b0aa913f3941" />
		<rom name="fanfun.t88" size="23168" crc="7e087464" sha1="5a5ef975ecfc5f24556ffb6db77004e5f8d62ece" />
	</machine>
	<machine name="flappy">
		<description>Flappy</description>
		<year>1983</year>
		<publisher>デービーソフト (dB-Soft)</publisher>
		<rom name="flappy.t88" size="38418" crc="f73d4b31" sha1="efb4b9c1a60d82ce5b93d945f8fcb981e91375ed" />
	</machine>
	<machine name="flyingac">
		<description>Flying Ace</description>
		<year>1984</year>
		<publisher>CSKソフトウェアプロダクツ (CSK Software Products)</publisher>
		<rom name="flying ace.t88" size="24564" crc="5291fe16" sha1="9c7e8b63191de1dc09237a52c1e1b5aa9a4ede4b" />
	</machine>
	<machine name="forsice">
		<description>Forsice</description>
		<year>1983</year>
		<publisher>ブレーンメディア (Brain Media)</publisher>
		<rom name="forsice.t88" size="28547" crc="bd01cd7a" sha1="ebc6fe69ec80bf9585283ee56e21400a9779fcf7" />
	</machine>
	<machine name="galaxian">
		<description>Galaxian</description>
		<year>1983</year>
		<publisher>電波新聞社 (Dempa Shinbunsha)</publisher>
		<rom name="galaxiana\galaxian_dempa_v80.t88" size="18426" crc="da9fec0d" sha1="4b8992cec6deaecd6efe7fe401c1d134ec6465a5" />
		<rom name="galaxian.cmt" size="20574" crc="91723a4b" sha1="49bef0ed48c29b94632b5cc29d2e34cc8854402b" />
	</machine>
	<machine name="gingasuk">
		<description>Ginga wo Sukue</description>
		<year>1984</year>
		<publisher>日本テレネット (Nihon Telenet) / レーベンプロ (Leben Pro)</publisher>
		<rom name="gingawo sukue.t88" size="103503" crc="8b0f4438" sha1="fc542fcbeba01c71e8447479cabf29718772eb67" />
	</machine>
	<machine name="gundam2">
		<description>Kidou Senshi Gundam 2</description>
		<year>19??</year>
		<publisher>&lt;unknown&gt;</publisher>
		<rom name="kido senshi gundam 2 1.t88" size="109907" crc="43f9c027" sha1="aac45310ac2bf16303dbd57f23aea053811c0ae8" />
		<rom name="kido senshi gundam 2 2.t88" size="74824" crc="668c55d9" sha1="640275f3cb50a2b7d7a2e156bf1215324cef548a" />
	</machine>
	<machine name="hauntcav">
		<description>Haunted Cave</description>
		<year>1984</year>
		<publisher>ベルソフト (Bell Soft)</publisher>
		<rom name="haunted cave.cmt" size="49431" crc="de05ecf9" sha1="097ef1a5e33dcbffc8caf4f15773ff696aa0d1ec" />
	</machine>
	<machine name="hitsuji">
		<description>Hitsuji Yaai</description>
		<year>1983</year>
		<publisher>ハドソン (Hudson Soft)</publisher>
		<rom name="hitsuji yaai.t88" size="19259" crc="c7027c11" sha1="0cf7a14fd778830e41c0364ba96446c12bc3b8d4" />
	</machine>
	<machine name="holein1t">
		<description>Hole in One</description>
		<year>1985</year>
		<publisher>HAL研究所 (HAL Kenkyuujo)</publisher>
		<rom name="hole in one.cmt" size="64979" crc="e796e3e7" sha1="ef741d167c6dd8a004e49af895ee8ab66ac4bc27" />
	</machine>
	<machine name="honoyaka">
		<description>Honoo no Yakata</description>
		<year>19??</year>
		<publisher>&lt;unknown&gt;</publisher>
		<rom name="honoo no yakata.t88" size="32532" crc="dd835108" sha1="e4819b78ad16b28b9c7e057e9018c835f7d187ce" />
	</machine>
	<machine name="horrorho">
		<description>Horror House</description>
		<year>1983</year>
		<publisher>日本ファルコム (Nihon Falcom)</publisher>
		<rom name="horror house.t88" size="50422" crc="8a6100a2" sha1="3ba80f042acb22b53da0d433c02d74e239879572" />
	</machine>
	<machine name="hosi">
		<description>Hosi</description>
		<year>19??</year>
		<publisher>&lt;unknown&gt;</publisher>
		<rom name="hosi.t88" size="5561" crc="1fca5d2e" sha1="7c5b7b1e8901b3d64213d760525521d85f83568c" />
	</machine>
	<machine name="intadv">
		<description>Intern Adventure</description>
		<year>19??</year>
		<publisher>&lt;unknown&gt;</publisher>
		<rom name="intern adventure.t88" size="19646" crc="2392d3f8" sha1="1c7dd07f678a8121da848072966f1a857736570b" />
	</machine>
	<machine name="jagey">
		<description>Jagey</description>
		<year>1985</year>
		<publisher>MIA</publisher>
		<rom name="jagey.t88" size="33527" crc="7984d148" sha1="db6b68dc4e1268682ed18c2727daaa749924c65f" />
	</machine>
	<machine name="jelda2">
		<description>Jelda II</description>
		<year>1984</year>
		<publisher>キャリーラボ (Carry Lab)</publisher>
		<rom name="jelda2a\jelda ii.cmt" size="63227" crc="bde37e2d" sha1="6b1048b5a3c1341afdd0fb7fc33d014103581aad" />
		<rom name="jelda 2.t88" size="76886" crc="c9d394b2" sha1="a5c2526b9425de781f7d65f333cbc5de39623df6" />
	</machine>
	<machine name="jelda">
		<description>Jelda</description>
		<year>1983</year>
		<publisher>キャリーラボ (Carry Lab)</publisher>
		<rom name="jelda.cmt" size="39326" crc="929e32ec" sha1="3e5ac57a209b90dce0a7415282643d071d90ccdf" />
	</machine>
	<machine name="jump">
		<description>Jump!</description>
		<year>19??</year>
		<publisher>&lt;unknown&gt;</publisher>
		<rom name="jump.t88" size="24466" crc="92d695f5" sha1="77bb7af0fa4c67db5f6655e68fd5028c052ddaee" />
	</machine>
	<machine name="juokaime">
		<description>Juo Kaimei - Jissen Tsugi no Isshu</description>
		<year>19??</year>
		<publisher>&lt;unknown&gt;</publisher>
		<rom name="juo kaimei - jissen tsugi no isshu.t88" size="19816" crc="093dc2ab" sha1="c1e8a76560c6ec3ae2791d7f073d97d93f7824ca" />
	</machine>
	<machine name="kabuki">
		<description>Kabuki Advgame</description>
		<year>19??</year>
		<publisher>&lt;unknown&gt;</publisher>
		<rom name="kabuki advgame.t88" size="2427" crc="4c325021" sha1="437f0b9ef0646c666ce197dffb3e66154cc3af28" />
	</machine>
	<machine name="kinnikum">
		<description>Kinnikuman</description>
		<year>1984</year>
		<publisher>バンダイ (Bandai)</publisher>
		<rom name="kinniku-man.t88" size="101946" crc="48358134" sha1="7c709f50d88adbb51fb614f0f80bb1b5089d6760" />
	</machine>
	<machine name="kuchusen">
		<description>Kuchusen - Sky Tactics</description>
		<year>19??</year>
		<publisher>&lt;unknown&gt;</publisher>
		<rom name="kuchusen - sky tactics.t88" size="26241" crc="b2e760d8" sha1="448483be5a97c73e4eda49b12e5d9e809be4047e" />
	</machine>
	<machine name="kyokiyak">
		<description>Kyoki no Yakata</description>
		<year>1983</year>
		<publisher>日本ファルコム (Nihon Falcom)</publisher>
		<rom name="kyoki no yakata.t88" size="31965" crc="a71301f0" sha1="9cce3f606c42f697838cefadbadc13c2413bed10" />
	</machine>
	<machine name="lunarbal">
		<description>Lunar Ball</description>
		<year>1985</year>
		<publisher>ポニカ (Pony Canyon)</publisher>
		<rom name="lunar ball.cmt" size="50187" crc="37ba2beb" sha1="fcc3b967e0c83959e8e96de91df90a2068c4e4cd" />
	</machine>
	<machine name="mariosp">
		<description>Mario Bros. Special</description>
		<year>1984</year>
		<publisher>ハドソン (Hudson Soft)</publisher>
		<rom name="mario bros. special.cmt" size="44752" crc="b82e3920" sha1="c60f2128963d1a2570ad3b86a472a40241c1585e" />
	</machine>
	<machine name="max01g">
		<description>Max-01G</description>
		<year>1985</year>
		<publisher>ザインソフト (Sein Soft)</publisher>
		<rom name="max-01g.t88" size="43816" crc="74f9ff5e" sha1="98bbd498b56a9ed240f6af24e9fa269cc8717768" />
	</machine>
	<machine name="midmagic">
		<description>David's Midnight Magic</description>
		<year>1984</year>
		<publisher>システムソフト (System Software)</publisher>
		<rom name="midnight magic.cmt" size="78052" crc="801229d2" sha1="12abbbf51c6a2c9fa243ff07cbc07f5e0676a6d7" />
	</machine>
	<machine name="minami">
		<description>Minami Taihei-yo Adventure</description>
		<year>1983</year>
		<publisher>デービーソフト (dB-Soft)</publisher>
		<rom name="minami taihei-yo adventure.t88" size="43983" crc="802fe88f" sha1="8a9976d4bae7982a39e7e222c6aac128d7d36f74" />
	</machine>
	<machine name="moebius">
		<description>Moebius</description>
		<year>19??</year>
		<publisher>&lt;unknown&gt;</publisher>
		<rom name="moebius.t88" size="793" crc="4c4ab8c4" sha1="e7b0145fb1e087778ff52598a8521f4ad98d0a8a" />
	</machine>
	<machine name="nemesis">
		<description>Nemesis 88</description>
		<year>19??</year>
		<publisher>&lt;unknown&gt;</publisher>
		<rom name="nemesis-88-1.t88" size="2146" crc="14d144a0" sha1="a4d7b39aa41ea3c243b9fe65b02f1ab51d392da2" />
		<rom name="nemesis-88-2.t88" size="20972" crc="a36cb665" sha1="7ac0870184dcc0d213084d2df7afbc96ff3ece0b" />
		<rom name="nemesis-88-3.t88" size="12106" crc="b66746f0" sha1="1f177d8d8fd894075724e3c7de5e3d57baebc84d" />
	</machine>
	<machine name="newtron">
		<description>Newtron</description>
		<year>1984</year>
		<publisher>エニックス (Enix)</publisher>
		<rom name="newtron.cmt" size="64653" crc="e33f1410" sha1="fd12dcc9ea3a88ecdcfe59b499f8908db6c2a689" />
	</machine>
	<machine name="nquest">
		<description>N-Quest</description>
		<year>19??</year>
		<publisher>&lt;unknown&gt;</publisher>
		<rom name="n-quest.t88" size="3744" crc="aba453b7" sha1="c3a631a3326249daceedd6e1eec8177a3acf461a" />
	</machine>
	<machine name="nutsmilk">
		<description>Nuts &amp; Milk</description>
		<year>1984</year>
		<publisher>ハドソン (Hudson Soft)</publisher>
		<rom name="nuts &amp; milk.t88" size="26590" crc="864ceee5" sha1="1c02d3966e4a646d478b5e2cdb615747916554a7" />
	</machine>
	<machine name="pacland">
		<description>Pac-Land</description>
		<year>19??</year>
		<publisher>&lt;unknown&gt;</publisher>
		<rom name="pac-land_a.t88" size="114341" crc="42e990c5" sha1="46cbd8e91421ff701e9f0e98444a27a526e33867" />
		<rom name="pac-land_b.t88" size="106404" crc="0c8a5a96" sha1="ea71b6f51c8cd2fdcd7d62e31fbd5ad356df8168" />
		<rom name="pac-land_c.t88" size="110004" crc="5c29c64a" sha1="4e1a9dc18a026be4add67db8724ef05da1275e1a" />
		<rom name="pac-land_d.t88" size="111401" crc="d22bd412" sha1="0858e14003b65bd5024eb5a4a46f3cae4be12f7f" />
	</machine>
	<machine name="pacmant">
		<description>Pacman</description>
		<year>1983</year>
		<publisher>電波新聞社 (Dempa Shinbunsha)</publisher>
		<rom name="pacman.cmt" size="25430" crc="458ef928" sha1="4ca27b63d2dde02942f9b74dbee25a28469a99cf" />
	</machine>
	<machine name="parallel">
		<description>Parallel World</description>
		<year>1984</year>
		<publisher>エニックス (Enix)</publisher>
		<rom name="parallel world.t88" size="44460" crc="3cf088f8" sha1="2f36ece33559409627e3574734dc09df99fc665f" />
	</machine>
	<machine name="pascomtw">
		<description>Pascom Tower</description>
		<year>1985</year>
		<publisher>MIA</publisher>
		<rom name="pascom tower.t88" size="40694" crc="0bbfb6e7" sha1="3e66bdd96b80905a3031dd60a3ba34960114ad47" />
	</machine>
	<machine name="playboy">
		<description>Love Adventure Playboy</description>
		<year>1983</year>
		<publisher>T&amp;E Soft</publisher>
		<rom name="playboy.t88" size="39684" crc="1e407d90" sha1="2862c80b150134e0e2a78acf2c4f8a4e7d5f773a" />
	</machine>
	<machine name="plazmali">
		<description>Plazma Line</description>
		<year>1984</year>
		<publisher>テクノソフト (Techno Soft)</publisher>
		<rom name="plazma line.t88" size="41127" crc="a3ff546b" sha1="f8069b60751412a1838a7ca1f62c2289fe3b405e" />
	</machine>
	<machine name="poibos">
		<description>Poibos Part-1 - Dasshutsu</description>
		<year>1983</year>
		<publisher>大名マイコン学院 (Daimyo Micom Gakuen)</publisher>
		<rom name="poibos.t88" size="32727" crc="e14bb4ce" sha1="93a33d391336b7e36db5a4a706ee18dec63eab69" />
	</machine>
	<machine name="ponkotsu">
		<description>Ponkotsu-sen Survival</description>
		<year>1983</year>
		<publisher>電波新聞社 (Dempa Shinbunsha)</publisher>
		<rom name="bonkotsu-sen survival.t88" size="19962" crc="2d6430a6" sha1="d9c4dea1308aec82c044d168fcc3447678132bd3" />
	</machine>
	<machine name="proyakyu">
		<description>Pro Yakyu (Super Simulation)</description>
		<year>19??</year>
		<publisher>&lt;unknown&gt;</publisher>
		<rom name="pro yakyu (super simulation).t88" size="37140" crc="62690f03" sha1="7932626dde2e2fd7c6b66c55b85750c6ea593325" />
	</machine>
	<machine name="puzzladv">
		<description>Puzzle Adventure</description>
		<year>1983</year>
		<publisher>マイコンシティー (Micom City)</publisher>
		<rom name="puzzle adventure.t88" size="19939" crc="df4a9f9a" sha1="6cdece913d5e2450b0fc17d6a8a2abf8fafbd8a2" />
	</machine>
	<machine name="river">
		<description>River</description>
		<year>19??</year>
		<publisher>&lt;unknown&gt;</publisher>
		<rom name="river.t88" size="2658" crc="fc1c5fad" sha1="92f7614d81f8c27ce506c6b2ae1eff4b41b64e02" />
	</machine>
	<machine name="rocketmn">
		<description>Rocketman</description>
		<year>19??</year>
		<publisher>&lt;unknown&gt;</publisher>
		<rom name="rocketman.cmt" size="41248" crc="edc03094" sha1="47bcd0a1fd3d21c3b878e8c8b4d470d5c24b7060" />
	</machine>
	<machine name="shogid2">
		<description>Shougi Dojo 2</description>
		<year>19??</year>
		<publisher>&lt;unknown&gt;</publisher>
		<rom name="shogi dojo 2.cmt" size="35748" crc="1fe187b2" sha1="23eb03c0bd6af75772bd3bff37734f1a05055b6f" />
	</machine>
	<machine name="shogimei">
		<description>Shougi Meijin</description>
		<year>1985</year>
		<publisher>ソフトプロ (Soft Pro) / アポロテクニカ (Apollo Technica)</publisher>
		<rom name="shogi meijin.cmt" size="25655" crc="27409c81" sha1="7037a65e2b004d6a124fd115b06a536e93581aa0" />
	</machine>
	<machine name="shogita2">
		<description>Shougi Taikyoku V2</description>
		<year>1984</year>
		<publisher>コムパック (Compaq)</publisher>
		<rom name="shogi taikyoku v2.t88" size="40719" crc="6e8a325d" sha1="84d3ffaf88a150c232e00acafa874363e5da41bb" />
	</machine>
	<machine name="sokoban">
		<description>Sokouban</description>
		<year>1983</year>
		<publisher>シンキングラビット (Thinking Rabbit)</publisher>
		<rom name="sokoban.t88" size="26146" crc="6b8d6cf6" sha1="4454b8069a35d7e3131f47de44cb93a285d0a02b" />
	</machine>
	<machine name="spacedia">
		<description>Space Diamond</description>
		<year>1984</year>
		<publisher>ボーステック (Bothtec)</publisher>
		<rom name="space diamond.cmt" size="56465" crc="f74d2162" sha1="43da0884f6b775942e66e220864ddf77b068ba0c" />
	</machine>
	<machine name="spartanx">
		<description>Spartan X</description>
		<year>1985</year>
		<publisher>ポニカ (Pony Canyon)</publisher>
		<rom name="spartan x.t88" size="56269" crc="20438372" sha1="0ae04f7cc6862451b7def8cc71b99394dd2feaa3" />
	</machine>
	<machine name="spider">
		<description>The Spider</description>
		<year>1983</year>
		<publisher>ハドソン (Hudson Soft)</publisher>
		<rom name="the spider.cmt" size="25318" crc="b2d0f4f1" sha1="73eda7b80ca817bc49e5f432fcd348e5d3374eaf" />
	</machine>
	<machine name="starflet">
		<description>Star Fleet</description>
		<year>1983</year>
		<publisher>テクノソフト (Techno Soft)</publisher>
		<rom name="star_fleet_v80.t88" size="20553" crc="47ac3ccb" sha1="2e3d459f12acccc13247f7dc2c42d6732ce7dcdd" />
	</machine>
	<machine name="starligh">
		<description>Starlight Adventure</description>
		<year>1983</year>
		<publisher>キャリーラボ (Carry Lab)</publisher>
		<rom name="starlight adventure.t88" size="36281" crc="73a93d80" sha1="739304386278be0125e3f6abecb7f227b03afdf3" />
	</machine>
	<machine name="starques">
		<description>Star Quest</description>
		<year>19??</year>
		<publisher>&lt;unknown&gt;</publisher>
		<rom name="star quest.t88" size="26620" crc="c1295c1d" sha1="ce9fe4649a363c4eb6681efaa55d48fab68f369e" />
	</machine>
	<machine name="straysto">
		<description>The Stray Story</description>
		<year>1984</year>
		<publisher>ユニオンプランニング (Union Planning)</publisher>
		<rom name="the stray story.t88" size="49234" crc="1528b28a" sha1="54ae8b73623495600dd14287c16035504e7bd1de" />
	</machine>
	<machine name="sugarfac">
		<description>Sugar Factory</description>
		<year>19??</year>
		<publisher>&lt;unknown&gt;</publisher>
		<rom name="sugar factory.cmt" size="11443" crc="21ca17b4" sha1="204f8988487b89abd90e37b8d0a4089c2091b27b" />
	</machine>
	<machine name="survival">
		<description>Survival Game</description>
		<year>19??</year>
		<publisher>&lt;unknown&gt;</publisher>
		<rom name="survival game.t88" size="56331" crc="c802794c" sha1="00e91224f84002502d02e9dd075dea9ba925c865" />
	</machine>
	<machine name="tforce">
		<description>Thunder Force</description>
		<year>1984</year>
		<publisher>テクノソフト (Techno Soft)</publisher>
		<rom name="thunder force.cmt" size="45784" crc="721192ad" sha1="66e68bea4ad394aec5237c27f3debba5b255582d" />
	</machine>
	<machine name="timesecr">
		<description>Time Secret</description>
		<year>1984</year>
		<publisher>ボンドソフト (Bond Soft)</publisher>
		<rom name="time secret.t88" size="60979" crc="2d4e41cc" sha1="f169c3ede23cb05f4da6a436cb7cc68dc2ecd675" />
	</machine>
	<machine name="tropical">
		<description>Tropical Boy</description>
		<year>1983</year>
		<publisher>エニックス (Enix)</publisher>
		<rom name="tropical boy.t88" size="25650" crc="1af889f3" sha1="c8136db4c0f12bd04c2d9efa153dfaae2580caf3" />
	</machine>
	<machine name="uchusens">
		<description>Uchu no Senshi</description>
		<year>1983</year>
		<publisher>エニックス (Enix)</publisher>
		<rom name="uchu no senshi.t88" size="27723" crc="613dae17" sha1="e488a209b43bb727f8036b115de2043d3d22f08e" />
	</machine>
	<machine name="ultraymj">
		<description>Ultra Yonin Mahjong</description>
		<year>19??</year>
		<publisher>&lt;unknown&gt;</publisher>
		<rom name="ultra yonin mahjong.t88" size="25537" crc="4839239d" sha1="7d2e207e3cbf983b07717e15cd0ce64be7fa1993" />
	</machine>
	<machine name="univadv">
		<description>Universal Adventure</description>
		<year>19??</year>
		<publisher>&lt;unknown&gt;</publisher>
		<rom name="universal adventure.t88" size="12515" crc="a1f5aea0" sha1="5d1a28c0fc0d3c8b88bfa4d3fb19da5079c98432" />
	</machine>
	<machine name="wakumeph">
		<description>Star Arthur Densetsu I - Wakusei Mephius (Alt)</description>
		<year>1983</year>
		<publisher>T&amp;E Soft</publisher>
		<rom name="mephius1.t88" size="29241" crc="ead080db" sha1="ce97274f0ab588b2d2f9ca522a80ecba23d357ba" />
		<rom name="mephius2.t88" size="34926" crc="60b533bc" sha1="d0aa13bb90a3798adc77e4b2d875ebca4a0ad2e8" />
		<rom name="mephius3.t88" size="32287" crc="a84a9b35" sha1="f1d5eb3246236e60157f60d30d7ca4c0c55e44aa" />
	</machine>
	<machine name="zenon">
		<description>Zenon</description>
		<year>1983</year>
		<publisher>電波新聞社 (Dempa Shinbunsha)</publisher>
		<rom name="xenon.cmt" size="37237" crc="7ac5ab1c" sha1="4fdf68f89e0b4f6845592d34e405d1fa9764b877" />
	</machine>
	<machine name="zexas">
		<description>Zexas Kosoku 2000-konen</description>
		<year>1984</year>
		<publisher>デービーソフト (dB-Soft)</publisher>
		<rom name="zexas.cmt" size="30744" crc="ee5b97eb" sha1="c5e0ca4dcce1fd600643089c76aebb2d0ffc3610" />
	</machine>
	<machine name="zold">
		<description>Zold</description>
		<year>1984</year>
		<publisher>富士音響RAM (Fuji Onkyo RAM)</publisher>
		<rom name="zold.t88" size="15662" crc="ca948d73" sha1="2a751237c7474a31d4280117b44344ca7baad732" />
	</machine>
	<machine name="zoom">
		<description>Zoom in Space</description>
		<year>1983</year>
		<publisher>ユニオンプランニング (Union Planning)</publisher>
		<rom name="zoom in space.t88" size="13757" crc="eddf96e4" sha1="dee0b32189fbeda23cfa226c3c4ca03f463e4076" />
	</machine>
</datafile>