<?xml version="1.0" encoding="utf-8"?>
<!DOCTYPE datafile PUBLIC "-//Logiqx//DTD ROM Management Datafile//EN" "http://www.logiqx.com/Dats/datafile.dtd">
<datafile>
	<header>
		<name>MAME - Update ROMs (v0.250 to v0.251)</name>
		<description>MAME - Update ROMs (v0.250 to v0.251)</description>
		<version></version>
		<author></author>
	</header>
	<machine name="arc_ether2_aeh50" isdevice="yes" runnable="no">
		<description>Acorn AEH50 Ethernet II</description>
		<rom name="0273,270.01_enet_id.rom" size="16384" crc="87d4fbc6" sha1="417000f1fa8f61f8092f8f74a0359ffb3ce72768" />
	</machine>
	<machine name="arc_ether3_aeh54" isdevice="yes" runnable="no">
		<description>Acorn AEH54 10Base2 Ethernet Podule</description>
		<rom name="aun_client_rom.rom" size="131072" crc="8137b9eb" sha1="103318a527ea5f9a3fe373bfb8f8d0ad3697617f" />
	</machine>
	<machine name="arc_ethera" isdevice="yes" runnable="no">
		<description>ANT Ethernet 10base2 mini-podule</description>
		<rom name="ethernet5.rom" size="262144" crc="7bb0f699" sha1="c6c9c9630b6777f4d49824b051fcd16fcb21b8f3" />
	</machine>
	<machine name="arc_scsi_aka31" isdevice="yes" runnable="no">
		<description>Acorn AKA31 SCSI Expansion Card</description>
		<rom name="aka31_0273,210-03_scsi_id_prom.rom" size="65536" crc="d8a51876" sha1="fedbd8d8dafb225b931c76704ccb93d4ebdaea10" />
	</machine>
	<machine name="arc_scsi_aka32" isdevice="yes" runnable="no">
		<description>Acorn AKA32 CDFS &amp; SCSI Expansion Card</description>
		<rom name="aka32_acorn_cdfs_version_2.20.rom" size="65536" crc="65d74620" sha1="42bddbe2841de7085371c5fe11d7c9b152070886" />
		<rom name="aka33.rom" size="65536" crc="f5b4b6b8" sha1="ab47366e569add39aea0c6e90e92a4dfd16cb898" />
		<rom name="aka35.rom" size="65536" crc="2d00a646" sha1="80e7a88d17bdf5d2111e4e2d1b406a1d8692d41b" />
	</machine>
	<machine name="arc_scsi_cumana" isdevice="yes" runnable="no">
		<description>Cumana 16bit SCSI Interface</description>
		<rom name="cumana_930c.rom" size="65536" crc="d121025d" sha1="293b1dabd02cfa34251116d95dd19e8b58d0f0a5" />
	</machine>
	<machine name="arc_scsi_ling" isdevice="yes" runnable="no">
		<description>Lingenuity SCSI Podule</description>
		<rom name="scsi_2.54.rom" size="65536" crc="32926220" sha1="c05ea28f33afa98bd9d18bfe7dafee0a5fe7f2f4" />
	</machine>
	<machine name="arc_scsi_morley" isdevice="yes" runnable="no">
		<description>Morley Electronics 16bit Cached SCSI card</description>
		<rom name="morley_scsi_rom_v1.08.rom" size="32768" crc="e8357473" sha1="9164ef9edc9d2ed6a7a7c9ba6258e02db9b1d2cb" />
		<rom name="morley_scsi_rom_v1.10.rom" size="65536" crc="a0941679" sha1="e92902e67d955e8742a7ac92dd86a8f212801dc5" />
		<rom name="morley_scsi_rom_v1.14.rom" size="65536" crc="c6e15260" sha1="e2b591484d47d4b4e0edb823f992257f03d32bd6" />
		<rom name="morley_scsi_rom_v1.17.rom" size="65536" crc="1397a7b3" sha1="5b0b7d2bb123db85922b493213c6d60ad4d89020" />
		<rom name="morley_scsi_rom_v1.19.rom" size="65536" crc="78e2e0da" sha1="08d8f6233d5cae8a3a04f29c16c8cf85788dad46" />
	</machine>
	<machine name="arc_scsi_oak" isdevice="yes" runnable="no">
		<description>Oak Solutions 16 bit SCSI Interface</description>
		<rom name="93c06n" size="32" crc="45badabc" sha1="c102d90e4f5c16fedde1ba4637170a39ed7ab371" />
		<rom name="scsi_rom_1.16.rom" size="16384" crc="f05c414c" sha1="de7f6cc27ff09b34b132d7ced5123926005be18d" />
		<rom name="scsi_rom_1.36.rom" size="65536" crc="9571ac99" sha1="bf41e422135ceb8048b04efae10cea32eb4bb864" />
		<rom name="scsi_rom_1.37.rom" size="65536" crc="c1e12d48" sha1="cba365e35aa84d6a9ca98d678fa61fe3a7a7ac3c" />
	</machine>
	<machine name="bbc_2ndserial" isdevice="yes" runnable="no">
		<description>Sprow 2nd Serial Port</description>
		<rom name="2ndserial.rom" size="8192" crc="e58cdb76" sha1="9ebbe845734d77ebf1730ea622ce2db43f18b1c2" />
	</machine>
	<machine name="bbc_24bbc" isdevice="yes" runnable="no">
		<description>Sprow 24bBC/RAM Disc Board</description>
		<rom name="ramfs120.rom" size="16384" crc="782e6386" sha1="65493cc1f6ae31cf39298d67dad42ea23be4cae6" />
	</machine>
	<machine name="bonzeadvp2">
		<description>Bonze Adventure (World, prototype, older)</description>
		<year>1988</year>
		<manufacturer>Taito Corporation Japan</manufacturer>
		<rom name="map 0h ad2e.ic7" size="65536" crc="ca894028" sha1="8d650763d7451f3c4e0c84fecee73a6e2b7ce653" />
		<rom name="map 0l 676f.ic2" size="65536" crc="956bc558" sha1="65ef807ce203e542c38da689fd519f97192e1062" />
		<rom name="map 1h 9cbd.ic8" size="65536" crc="08a5320f" sha1="8ac6b55fb55c5117bb8f980ea7cfa664025d7aa4" />
		<rom name="map 1l 95f6.ic3" size="65536" crc="f65988c0" sha1="e05764217aa7a8b92a3d03227538d67bb4a994c6" />
		<rom name="map 2h 0e7e.ic9" size="65536" crc="4513dcf7" sha1="637dc4bc28b054f27e323febc8ac47d9863e5c13" />
		<rom name="map 2l a418.ic4" size="65536" crc="106475e3" sha1="5a737e933f39a7820300adc8db7f531fd4449b96" />
		<rom name="obj 0h 6ce2.ic7" size="65536" crc="d5bff0fd" sha1="c4998a788c48371d0f83ebec8987b584c5e94d1a" />
		<rom name="obj 0l c67e.ic2" size="65536" crc="2f9615a8" sha1="d89f122ce4af193f56560f5183993e242b22551c" />
		<rom name="obj 1h 7708.ic8" size="65536" crc="81357279" sha1="241954743238815a18598d76d96a8a312e087351" />
		<rom name="obj 1l ccf7.ic3" size="65536" crc="c7a654d9" sha1="58b7e5e2e05f7980ad199083b31b5c406b99298e" />
		<rom name="obj 2h 818b.ic9" size="65536" crc="d614732b" sha1="0bfa5dd2876a3480d4f5f3e2baeb94e9601a691a" />
		<rom name="obj 2l 6096.ic4" size="65536" crc="6dd67af8" sha1="7d9d836d0aee2d3d636f28af84bf5f04fc54db74" />
		<rom name="obj 3h 3756.ic10" size="65536" crc="981e66a9" sha1="98db800e99a2508fbe05a8bf12617abd18721f4b" />
		<rom name="obj 3l a355.ic5" size="65536" crc="173ddd11" sha1="c28fd4f728066f7926752f9af1115bc90ce838fc" />
		<rom name="prg 0h.ic17" size="65536" crc="ce530615" sha1="23263f5cb5aa28bb8dfae90351c93056f6560fe6" />
		<rom name="prg 0l.ic26" size="65536" crc="048a0dcb" sha1="2b74e8fd1aa9119b528660dc82d5ea3d779f3e7d" />
		<rom name="prg 1h.ic16" size="65536" crc="e5d63e9b" sha1="e9cb0052811098c0f1f97575fd297cf5fde5d480" />
		<rom name="prg 1l europe.ic25" size="65536" crc="d04b8e2b" sha1="0f9f44a76e90c08745481117d2610eb02ea25d99" />
		<rom name="scn 0h 8711.ic7" size="65536" crc="17466da0" sha1="1de9cc4bcbfa50d6c40d1acd4ac0a47c705e2f09" />
		<rom name="scn 0l 7fe0.ic2" size="65536" crc="c6413f92" sha1="ac8b1cfc3ba140a68192df1de6750998f5e357a0" />
		<rom name="scn 1h 83b7.ic8" size="65536" crc="35fde3c7" sha1="b6caddff84e607b5ca2dd021151def80ff051f41" />
		<rom name="scn 1l 2bde.ic3" size="65536" crc="ca459623" sha1="b071e672df6872fa777d1baae663ec85f92ec728" />
		<rom name="scn 2h f411.ic9" size="65536" crc="229debcf" sha1="ea99d0ea0169b72109b830cd335a43eb122c0e34" />
		<rom name="scn 2l db08.ic4" size="65536" crc="2431e8db" sha1="1773f0dfe59c4cb9b114a784f345b7fc05bb8934" />
		<rom name="sound 0h 3-8.ic2" size="65536" crc="2996e756" sha1="b6fa6f20bdecb1e6ed7166083c9581f8f97f9836" />
		<rom name="sound 0l 3-8.ic7" size="65536" crc="3711abfa" sha1="35237b13b201f2883bc969ebbb51f7e112f0eb35" />
		<rom name="sound 1h 3-8.ic3" size="65536" crc="780368ac" sha1="bc5592fbefa310b1c496b4a9f60e29cb1efa9070" />
		<rom name="sound 1l 3-8.ic8" size="65536" crc="f24a3d1a" sha1="c2d8a8e4835429b7830dad5a8d3cdf1afe21b7d6" />
		<rom name="sound 2h 3-8.ic4" size="65536" crc="8f3b9fa5" sha1="c4d536af730336b70813653e3b216f7ca9518909" />
		<rom name="sound 2l 3-8.ic9" size="65536" crc="5987900c" sha1="1109e48d196b3ed5788326df235f1ad950492d17" />
		<rom name="sound 3h 3-8.ic5" size="65536" crc="1a8be621" sha1="410a4f93e95f1824643ee918a06fb8c3ac93765d" />
		<rom name="sound 3l 3-8.ic10" size="65536" crc="e8a6a9e6" sha1="435a599d188f6c4650bd3dd72d8080541824148d" />
		<rom name="sound main 3-9.ic20" size="65536" crc="2b4fc69a" sha1="030ba4eb81c59174527edcda65f2ed94bd768140" />
	</machine>
	<machine name="cadanglr">
		<description>Angler Dangler (DECO Cassette) (US)</description>
		<year>1982</year>
		<manufacturer>Data East Corporation</manufacturer>
		<rom name="dsp-3_p0-c.m9" size="2048" crc="c76c4057" sha1="4093d4ac44feff595e34f361ed1ed84113c9225e" />
		<rom name="dsp-3_p0-d.m9" size="2048" crc="4b7d72bc" sha1="a70c5ba88404dafee2cc717071c4a249f67ab645" />
		<rom name="v0c-.7e" size="4096" crc="9f505709" sha1="a9c661ba5a0d3fa5e935fb9c10fa63e2d9809981" />
	</machine>
	<machine name="ccbootmm">
		<description>Crazy Climber (ManilaMatic bootleg)</description>
		<year>1980</year>
		<manufacturer>bootleg (ManilaMatic)</manufacturer>
		<rom name="8_mm" size="2048" crc="76d75e83" sha1="8f7232155d5c70b0056e59a29aaa19892a1de102" status="baddump" />
		<rom name="9_mm" size="2048" crc="943858c2" sha1="255473793cae7ef40d3a738cb7e7b2b767859a6d" status="baddump" />
	</machine>
	<machine name="cnebula">
		<description>Nebula (DECO Cassette) (UK)</description>
		<year>1981</year>
		<manufacturer>Data East Corporation</manufacturer>
		<rom name="nebula2.cas" size="23552" crc="aaac39e6" sha1="890a5439825bef9eb26ca22562e3cc30860415b0" />
		<rom name="nebula2.pro" size="32" crc="75cae001" sha1="59b2b47b91945857e6f40dd4baa0e92242fc3519" />
	</machine>
	<machine name="coco_scii_cc1" isdevice="yes" runnable="no">
		<description>Disto Super Controller II (CoCo 1/2 ROM)</description>
		<rom name="cdos 4 4-6-89 cc1.bin" size="16384" crc="9da6db28" sha1="2cc6e275178ca8d8f281d845792fb0ae069aaeda" />
	</machine>
	<machine name="coco_scii_cc3" isdevice="yes" runnable="no">
		<description>Disto Super Controller II (CoCo 3 ROM)</description>
		<rom name="cdos 1_2 3-30-89 cc3.bin" size="16384" crc="891c0094" sha1="c1fa0fcbf1202a9b63aafd98dce777b502584230" />
	</machine>
	<machine name="decodark15">
		<description>DECO Cassette System ROM Multigame (Darksoft, v15)</description>
		<year>2022</year>
		<manufacturer>bootleg (Darksoft)</manufacturer>
		<rom name="20220726_v15_dongl_27c800.bin" size="1048576" crc="0e973470" sha1="3d276dc8facc4f7611dcebacec04e2252779d300" />
		<rom name="darksoft.7e" size="4096" crc="ce3dd5a3" sha1="456ffa744676c8f6e8662512d3d3ff92b6c49b2f" />
	</machine>
	<machine name="decodark16">
		<description>DECO Cassette System ROM Multigame (Darksoft, v16)</description>
		<year>2022</year>
		<manufacturer>bootleg (Darksoft)</manufacturer>
		<rom name="20221212_v16_dongl_27c800.bin" size="1048576" crc="199707bd" sha1="da936dae54b0f98f03328c8a23494fe323874983" />
	</machine>
	<machine name="decodark">
		<description>DECO Cassette System ROM Multigame (Darksoft, v17)</description>
		<year>2022</year>
		<manufacturer>bootleg (Darksoft)</manufacturer>
		<rom name="20221213_v17_dongl_27c800.bin" size="1048576" crc="69553e2b" sha1="3c7cb985611df06c771bc842d4125dc9220cdda9" />
	</machine>
	<machine name="drail" ismechanical="yes">
		<description>Dream Rail</description>
		<year>1995</year>
		<manufacturer>NTC / NMK</manufacturer>
		<rom name="1_dream rail v08c 2c0c v957220.u4" size="65536" crc="c14fae88" sha1="f0478b563ac851372bc0b93772d89ab70ad61877" />
		<rom name="2_dream rail pcm.u11" size="524288" crc="efdc1eea" sha1="c39fed6f97b71556b468e0872a8240fe7b6495e6" />
	</machine>
	<machine name="ffightae">
		<description>Final Fight 30th Anniversary Edition (World, hack)</description>
		<year>2019</year>
		<manufacturer>hack</manufacturer>
		<rom name="ff-1m.3a" size="524288" crc="d5469303" sha1="0c1e33a87eb3ef79e6a5ba80753eb495284e666c" />
		<rom name="ff-3m.5a" size="524288" crc="0c6302bf" sha1="03ee13a67a8a3b92fac462623ace752d77b9e9f1" />
		<rom name="ff-5m.7a" size="524288" crc="91a909bd" sha1="09621cb33a9c26798b1bba186dceb02e5f126e1a" />
		<rom name="ff-7m.9a" size="524288" crc="89f8b4cd" sha1="c169c445686d3c79eae2dc42460b8194c491ccb0" />
		<rom name="ff-22m.7h" size="524288" crc="cbdd8689" sha1="a75918ee837dfccdd4fd02b716928a2de2003103" />
		<rom name="ff-23m.8h" size="524288" crc="86def74f" sha1="5206cc13bfe40fb4f9c3677629aee89099623ee6" />
		<rom name="s224bn.1a" size="279" crc="31367e94" sha1="87b42d20bfe078c8352f7c2a40f7ce6b1be4a1af" />
	</machine>
	<machine name="gungunad">
		<description>Gun Gun Adventure (Japan)</description>
		<year>2001</year>
		<manufacturer>Takara / SSD Company LTD</manufacturer>
		<rom name="gga.bin" size="2097152" crc="5252b6bb" sha1="8a9f920e4bccabbd337f37a838af574e2b16746f" />
	</machine>
	<machine name="gunsmokeua">
		<description>Gun.Smoke (USA and Canada, 1986-01-20)</description>
		<year>1985</year>
		<manufacturer>Capcom (Romstar license)</manufacturer>
		<rom name="gsr_03y.09n" size="32768" crc="1b42423f" sha1="495f6d477ce791e296dd8a170ba28f0b8d2e66d2" />
		<rom name="gsr_04y.10n" size="32768" crc="a5ee595b" sha1="10cd25134f4b19ca32bef63d54c11461b31d3438" />
	</machine>
	<machine name="hp9825a">
		<description>HP 9825A</description>
		<year>1976</year>
		<manufacturer>Hewlett-Packard</manufacturer>
		<rom name="9825asys.bin" size="24576" crc="bda0ddfa" sha1="890993889adf0e48b6011fcc92603b89cf9af4a3" />
	</machine>
	<machine name="hp9831">
		<description>HP 9831A</description>
		<year>1977</year>
		<manufacturer>Hewlett-Packard</manufacturer>
		<rom name="9831sys.bin" size="24576" crc="2f92e685" sha1="413aa65677ab0d6b5979af6c9da12c1368abcc82" />
	</machine>
	<machine name="huhimage">
		<description>Heat Up Hockey Image (Ver.1.003R)</description>
		<year>2019</year>
		<manufacturer>Sega</manufacturer>
		<rom name="317-unknown-jpn.ic15" size="2048" crc="634e1994" sha1="6ae6538fc5f256bc0de86f57ffd72196a147accf" status="baddump" />
	</machine>
	<machine name="knascar">
		<description>Bill Elliott's NASCAR Racing (handheld)</description>
		<year>1989</year>
		<manufacturer>Konami</manufacturer>
		<rom name="783.melody" size="256" crc="ffeef4bc" sha1="a3b21eefb170aa54eb53cf56f88b0c00dd29703f" />
		<rom name="783.program" size="4096" crc="0a08536a" sha1="199203fad96e0d2b173b876b9746064b0c30dc7b" />
		<rom name="knascar.svg" size="474061" crc="d30f639a" sha1="6fd061eda61f925a9f85cf5fb4b7024f15e1e1fe" />
	</machine>
	<machine name="kskatedie">
		<description>Skate or Die (Konami, handheld)</description>
		<year>1989</year>
		<manufacturer>Konami (licensed from Electronic Arts)</manufacturer>
		<rom name="775.melody" size="256" crc="d8c59670" sha1="c33da2415bbd1a414e5dda3b05e139c1d22d267a" />
		<rom name="775.program" size="4096" crc="067b11db" sha1="1fe0795515c6787c2af1d38f18a5c4c5c9d87408" />
		<rom name="kskatedie.svg" size="395160" crc="34fbb7b8" sha1="402dfba32947aac75bc9386079b95e7223f78e6d" />
	</machine>
	<machine name="microtan_kbd_mt009" isdevice="yes" runnable="no">
		<description>Microtan Keyboard (MT009)</description>
		<rom name="ascii_v1.bin" size="2048" crc="17a03a82" sha1="89dcc0712745ed9ba876a78eefd55e9a54fc4fad" />
	</machine>
	<machine name="minib">
		<description>MiniB Computer</description>
		<year>2002</year>
		<manufacturer>Sprow</manufacturer>
		<rom name="gos015.rom" size="16384" crc="e35a93df" sha1="c91286aec2a2e086cb55ca3e0af576132144831f" />
		<rom name="os041.rom" size="12288" crc="57a24945" sha1="5e521850953be33b9b29995e5f043bbbb45c60e5" />
	</machine>
	<machine name="mk14vdu">
		<description>MK-14 VDU</description>
		<year>1978</year>
		<manufacturer>Science of Cambridge</manufacturer>
		<rom name="dm8678cab.bin" size="512" crc="8da502e7" sha1="30d2dd9658823cdc2b2f6ef37f5a05d6f3e0db76" />
	</machine>
	<machine name="mpf1_88">
		<description>Micro-Professor I/88</description>
		<year>1985</year>
		<manufacturer>Multitech</manufacturer>
		<rom name="mon88_v1.11.u18" size="16384" crc="caa200f3" sha1="9dfdd618e4cf94b3d3ed97a41d2fb0bf2842b4de" />
	</machine>
	<machine name="nclubdis">
		<description>Name Club Disney (J 980614 V1.000)</description>
		<year>1998</year>
		<manufacturer>Sega</manufacturer>
		<rom name="ic22" size="2097152" crc="cfd5eb54" sha1="878195c70ad931d3015d497d2739a0867ff83cf7" status="baddump" />
		<rom name="ic24" size="2097152" crc="943682eb" sha1="ad41625244509affe7b6d6caffef58bb7bf75b72" />
		<rom name="ic26" size="2097152" crc="a17bd53a" sha1="e05079e3bfc7187b70ddc4b48de9e5ffcb19e473" />
		<rom name="ic28" size="2097152" crc="9a597bff" sha1="8cc265a89bbc42d4e6d55e23a4ed87fc1224c9dc" />
		<rom name="ic30" size="2097152" crc="3eb020f6" sha1="6b87a6e7ab9eb820b7661fa6ea8c29bf8ead820d" />
		<rom name="ic32" size="2097152" crc="ac26d375" sha1="a01125eb4bca7823eb12d4e03d93612e09dcddda" />
		<rom name="ic34" size="2097152" crc="e157cd99" sha1="52c976540157cc63c599ee34ec5bade7e489599d" />
		<rom name="nclubdis.nv" size="128" crc="7efc9c6a" sha1="3d44940b7497b07151908a0a6bc2809c7e15f4a8" />
	</machine>
	<machine name="pcktgalba">
		<description>Pocket Gal / unknown card game</description>
		<year>1987</year>
		<manufacturer>bootleg</manufacturer>
		<rom name="7_sex.u45" size="16384" crc="65b0b6d0" sha1="29dc3da40ff990df943b3b0e7474a0ba3fbb6468" />
		<rom name="8_sex.u35" size="8192" crc="36e450e5" sha1="848000d656cd00d32898c22677940f11789e50d4" />
		<rom name="9_sex.u36" size="8192" crc="ffcc1198" sha1="d90ae88e2755f614fdea11cd6935366f4d588144" />
		<rom name="10_sex.u37" size="8192" crc="73cf56a0" sha1="fd2fdd997bca7b96ddd3898f0b6279c1dd60ec92" />
		<rom name="sex_v1.3" size="65536" crc="e278da6b" sha1="71306fc8f8129cb2f924c67fe8dfdf82f02652e8" />
	</machine>
	<machine name="plegends">
		<description>Gogetsuji Legends (US, Ver. 95.06.20)</description>
		<year>1995</year>
		<manufacturer>Atlus</manufacturer>
		<rom name="peel18cv8p-15.u7" size="341" crc="e02b2d2b" sha1="26293538ca17674e1b249ed82a6df2570c6e5155" />
		<rom name="peel18cv8p-15.u21" size="341" crc="7ca78400" sha1="1cebdd64e08bbc535f23592daf9380696bd2c281" />
		<rom name="peel18cv8p-15.u25" size="341" crc="61b414df" sha1="f12c5e62f83114f83108895ee58ceea31cdcb9fd" />
	</machine>
	<machine name="pss780">
		<description>PSS-780</description>
		<year>1989</year>
		<manufacturer>Yamaha</manufacturer>
		<rom name="xg503b0-132.ic4" size="262144" crc="0c055206" sha1="33cc3f4ab27cf6e5068627625f6ab236209ad776" />
	</machine>
	<machine name="pwrinst2">
		<description>Power Instinct 2 (US, Ver. 94.04.08, set 1)</description>
		<year>1994</year>
		<manufacturer>Atlus</manufacturer>
		<rom name="g02.u42a" size="524288" crc="56279c1c" sha1="f86edc2264758f9dc920a162d2dc71cc1f63d22e" />
		<rom name="g02.u43a" size="524288" crc="c4fd5d62" sha1="8d00adfe5da9b0d0134fc9921c12f20b80954c3b" />
		<rom name="g02.u44a" size="524288" crc="5561f620" sha1="3241ccc47e909930d79ad0a1a1b11a11879b17be" />
		<rom name="g02.u45a" size="524288" crc="ddfff811" sha1="720f577dc77fc12aeb67511251e995169df754b6" />
	</machine>
	<machine name="racingj2a">
		<description>Racing Jam: Chapter 2 (GQ888AAA)</description>
		<year>1998</year>
		<manufacturer>Konami</manufacturer>
		<rom name="gq888aa_m48t58y.35d" size="8192" crc="85e8a67d" sha1="fd799918437ed5d80247c58dfec7006781af657f" />
	</machine>
	<machine name="racingj2e">
		<description>Racing Jam: Chapter 2 (GQ888EAA)</description>
		<year>1998</year>
		<manufacturer>Konami</manufacturer>
		<rom name="gq888ea_m48t58y.35d" size="8192" crc="108b2d38" sha1="7c55f592a0fc2b6809ec5d128e78283b77694345" />
	</machine>
	<machine name="racingj2j">
		<description>Racing Jam: Chapter 2 (GQ888JAA)</description>
		<year>1998</year>
		<manufacturer>Konami</manufacturer>
		<rom name="gq888ja_m48t58y.35d" size="8192" crc="0fd00769" sha1="7d7ea94066bca2e589c0fe0f69c620a8f97916cc" />
	</machine>
	<machine name="racingj2">
		<description>Racing Jam: Chapter 2 (GQ888UAA)</description>
		<year>1998</year>
		<manufacturer>Konami</manufacturer>
		<rom name="gq888ua_m48t58y.35d" size="8192" crc="1903f6c1" sha1="f8b6dedf585c014044c530b73014915874d6fb71" />
	</machine>
	<machine name="racingj">
		<description>Racing Jam (GQ676UAC)</description>
		<year>1998</year>
		<manufacturer>Konami</manufacturer>
		<rom name="gq676ua_m48t58y.35d" size="8192" crc="cd182438" sha1="101a4c4b7a9b4a4bb79ec793275c90b050780f6c" />
	</machine>
	<machine name="racingja">
		<description>Racing Jam (GQ676AAC)</description>
		<year>1998</year>
		<manufacturer>Konami</manufacturer>
		<rom name="gq676aa_m48t58y.35d" size="8192" crc="0eb8209d" sha1="eb5bc411378423f05f2708d673d5b06687c59dbf" />
	</machine>
	<machine name="racingje">
		<description>Racing Jam (GQ676EAC)</description>
		<year>1998</year>
		<manufacturer>Konami</manufacturer>
		<rom name="gq676ea_m48t58y.35d" size="8192" crc="c490ffc1" sha1="170d736b7a07300f4e560cd384c8fd41f2aaaeff" />
	</machine>
	<machine name="racingjj">
		<description>Racing Jam (GQ676JAC)</description>
		<year>1998</year>
		<manufacturer>Konami</manufacturer>
		<rom name="gq676ja_m48t58y.35d" size="8192" crc="0b83d595" sha1="852600a82f34b3cde378c166368c1fb07004203d" />
	</machine>
	<machine name="shateki">
		<description>Yataimura Shateki (1-player, Japan, Ver 1.000)</description>
		<year>2010</year>
		<manufacturer>Sega</manufacturer>
		<rom name="317-0628-jpn.ic15" size="2048" crc="c02f7424" sha1="901e7f17a8e9e2e265ce4b2ec2cc56649ae57b17" />
		<rom name="ic62" size="16777216" crc="c463ae32" sha1="7f4aca80c0a49caa589d1338464b71c4d33f0bd6" />
		<rom name="ic63" size="16777216" crc="2acf1456" sha1="028eae0ff11857e991f26355c1f405e3bcbd33f3" />
		<rom name="ic64" size="16777216" crc="fd04ebf8" sha1="07f6287697deccb1e9c3f1da22c4d8336dfbc41e" />
		<rom name="ic65" size="16777216" crc="0c0ed06b" sha1="1ed0d1624ad304095323aacaab53519fe62b8330" />
		<rom name="ic66s" size="16777216" crc="3a9f33cc" sha1="af4c96ea3b539d631d15b7a66efdf985cd78f87c" />
		<rom name="ic67s" size="16777216" crc="8e08cf8b" sha1="51da97b769823773d1b2bc7e7f40a5b51543642d" />
		<rom name="ic68s" size="16777216" crc="14734999" sha1="cd763fcd4bab5a3cfb09b4054c5358b70249f9b5" />
		<rom name="ic69s" size="16777216" crc="6c0cd4c5" sha1="63963a3f8f1f90c8c78f0dc1f215666d3b7b1151" />
	</machine>
	<machine name="sltblgtka">
		<description>Slots (Belgian Token, Game Card 95-750-452)</description>
		<year>1996</year>
		<manufacturer>BFM/ELAM</manufacturer>
		<rom name="95750452.gam" size="65536" crc="5637591d" sha1="e5ce1e9a06bec7a9c9d1417f61a60bb3d97f4c7d" />
		<rom name="95770065.prg" size="131072" crc="28997756" sha1="9fc0922be20d7dfbc7f5c831b045607e53de0c2a" />
		<rom name="95770066.chr" size="131072" crc="a0a3a2dd" sha1="54f1c0233d5d1b43283c427813195b32a182ec6e" />
	</machine>
	<machine name="sms_diypaddle" isdevice="yes" runnable="no">
		<description>raphnet DIY SMS/Mark III Paddle Controller</description>
		<rom name="sms_paddle.bin" size="312" crc="97c7d334" sha1="dd9e20f2447c43dbe29a49bb3a4fd8049775acd3" />
	</machine>
	<machine name="spinveti">
		<description>Space Invasion (ETI)</description>
		<year>1980</year>
		<manufacturer>Tangerine/ETI</manufacturer>
		<rom name="spaceinv.ic20" size="2048" crc="c0b074e0" sha1="464be4082bd60d825c0c1e7ae033d7ab095c8e70" />
	</machine>
	<machine name="sprachmg">
		<description>Gerät 32620 (Sprach/Morsegenerator)</description>
		<year>1985</year>
		<manufacturer>Institut für Kosmosforschung</manufacturer>
		<rom name="bu01_8-87.bin" size="8192" crc="7d9a92a6" sha1="c9ca4a0d118b2c30e2505de051671769ad08a1c5" />
		<rom name="zg-625_1-12-86.bin" size="2048" crc="9ffd1e15" sha1="759660404dfe479d13a1bdd4beb19e6035a34e17" />
	</machine>
	<machine name="super555">
		<description>Super 555 (English version V1.5)</description>
		<year>1999</year>
		<manufacturer>GMS</manufacturer>
		<rom name="93c46.u138" size="128" crc="60407223" sha1="10f766b5431709ab11b16bf5ad7adbfdced0e7ac" />
		<rom name="pk-a1-a09.u41" size="524288" crc="f48e74bd" sha1="68e2a0384964e04c526e4002ffae5fa4f2835d66" />
		<rom name="pk-s1-s06.u83" size="524288" crc="e329b9ce" sha1="9fc31daaacc7b3a1a1cf99ab30035021b7cbb78f" />
		<rom name="super555-t1-e67d.u39" size="524288" crc="ee092a9c" sha1="4123d45d21ca60b0d38f36f59353c56d4fdfcddf" />
		<rom name="super555-v1.5e-0d9b.u64" size="524288" crc="9a9c16cc" sha1="95609dbd45feb591190a2b62dee8846cdcec3462" />
	</machine>
	<machine name="teedoff">
		<description>Tee'd Off (World)</description>
		<year>1987</year>
		<manufacturer>Tecmo</manufacturer>
		<rom name="1_m5m27c128_dip28.4a" size="16384" crc="0e18f6ee" sha1="7e78b97ca343b6bdc7ee24e99063fbe9bc86e7a2" />
		<rom name="2_m5m27c128_dip28.4b" size="16384" crc="70635a77" sha1="301794ef4761ed417ae211bd570d0cbc6a75bcc5" />
		<rom name="3_m5m27c128_dip28.4d" size="16384" crc="2c765def" sha1="bf256104d8b89713b69dde3d84d03638241ba6af" />
		<rom name="4_hn27256g@dip28.9c" size="32768" crc="a21315bf" sha1="a9dd2c1fea3a184ec5d40fa3246fa24c4d720bb3" />
		<rom name="5_m5m27c256k_dip28.4r" size="32768" crc="90141093" sha1="e8983d8c47e47481c2a8ee2a0bac6df3b17f8e70" />
		<rom name="6_m5m27c128_dip28.8r" size="16384" crc="f87a43f5" sha1="268da812846b9ec24cfeb8d89869e39fa01a6676" />
	</machine>
	<machine name="thecastle">
		<description>The Castle</description>
		<year>200?</year>
		<manufacturer>&lt;unknown&gt;</manufacturer>
		<rom name="mx27c8000.ic11" size="1048576" crc="10cee0cb" sha1="57daa974b9de38921a3c75edcf759cc803f22ec8" />
		<rom name="mx27c8000.ic12" size="1048576" crc="d5940d05" sha1="5a3e8eccaf1934d9ae6c0e01bb1745225929a627" />
		<rom name="mx27c8000.ic13" size="1048576" crc="757d12b7" sha1="8a7794c2bce70226dd047972a47fa1afec4bb0f1" />
		<rom name="mx27c8000.ic14" size="1048576" crc="f1a0898d" sha1="32c2ed41e2f04e3b7d756a15f6e476baeb641669" />
		<rom name="tetrix 0a98.u3" size="524288" crc="7dc03a3f" sha1="a2928dea91a68542fce932f986f288d269b3def3" />
	</machine>
	<machine name="therock">
		<description>The Rock</description>
		<year>200?</year>
		<manufacturer>&lt;unknown&gt;</manufacturer>
		<rom name="mx27c8000.ic11" size="1048576" crc="bc89920d" sha1="904d4fae2f7d0172b06aca9ffa48a1bdfa42bf58" />
		<rom name="mx27c8000.ic12" size="1048576" crc="ad496cb3" sha1="ded21b9c60404a692d3c6d3f579fb7ecb0575a13" />
	</machine>
	<machine name="thrilld">
		<description>Thrill Drive (UDE)</description>
		<year>1998</year>
		<manufacturer>Konami</manufacturer>
		<rom name="gc713ud.2g" size="548" crc="fc9563f5" sha1="1ed08482024f6d4353d4e4ea6c8092f6625d699b" status="baddump" />
		<rom name="gm676ua_m48t58y.35d" size="8192" crc="2aeeda76" sha1="ed63b5ebbd9ebb90afd7fdebc9ad4b4d9966012b" status="baddump" />
	</machine>
	<machine name="thrillda">
		<description>Thrill Drive (ACE)</description>
		<year>1998</year>
		<manufacturer>Konami</manufacturer>
		<rom name="gc713ac.2g" size="548" crc="8db4eed6" sha1="f99120c18435866354c5deadfacd47453fb53c15" status="baddump" />
		<rom name="gm676aa_m48t58y.35d" size="8192" crc="c011dcea" sha1="39cbbe518bfc256cdb72bdaece03c539f705c807" status="baddump" />
	</machine>
	<machine name="thrilldab">
		<description>Thrill Drive (ABE)</description>
		<year>1998</year>
		<manufacturer>Konami</manufacturer>
		<rom name="gc713ab.2g" size="548" crc="f1c26d7d" sha1="2a3f45d18bc8e9278d077118d478a501531011f4" status="baddump" />
	</machine>
	<machine name="thrilldbe">
		<description>Thrill Drive (EDB)</description>
		<year>1998</year>
		<manufacturer>Konami</manufacturer>
		<rom name="gc713ed.2g" size="548" crc="8a5bdf3c" sha1="7cb9b0e30177caf8a623af5ee6ff95ead5eae4f2" status="baddump" />
		<rom name="gm676ea_m48t58y.35d" size="8192" crc="b4afab84" sha1="e8c653df7ce0a5cb77bf7aedeca4c4ff91669047" status="baddump" />
	</machine>
	<machine name="thrilldbj">
		<description>Thrill Drive (JCB)</description>
		<year>1998</year>
		<manufacturer>Konami</manufacturer>
		<rom name="gc713jc.2g" size="548" crc="98e326b7" sha1="af532cf84eca02a3ed0bd0d49c2b142c7f21760c" status="baddump" />
		<rom name="gm676ja_m48t58y.35d" size="8192" crc="e6eafce5" sha1="167d957f7cf1e94a12070739a4103977512f6737" status="baddump" />
	</machine>
	<machine name="thrilldbja">
		<description>Thrill Drive (JAB)</description>
		<year>1998</year>
		<manufacturer>Konami</manufacturer>
		<rom name="gc713ja.2g" size="548" crc="600e21e1" sha1="ca7b30ed4b564aee17a326d1d9729656b5101249" status="baddump" />
	</machine>
	<machine name="thrilldgej">
		<description>Thrill Drive (ver GE713JAB)</description>
		<year>1998</year>
		<manufacturer>Konami</manufacturer>
		<rom name="ge713ja_m48t58y.35d" size="8192" crc="f484975b" sha1="027097109a850d38376b79e5a5f844d357967f2c" />
	</machine>
	<machine name="thrilldgeu">
		<description>Thrill Drive (ver GE713UFB)</description>
		<year>1998</year>
		<manufacturer>Konami</manufacturer>
		<rom name="ge713uf_m48t58y.35d" size="8192" crc="39f521d4" sha1="2a1a574eb5830d40f5db87464785a159a5ab252d" />
	</machine>
	<machine name="thrilldgke">
		<description>Thrill Drive (ver GK713EAB)</description>
		<year>1998</year>
		<manufacturer>Konami</manufacturer>
		<rom name="gk713ea_m48t58y.35d" size="8192" crc="3e77a0b9" sha1="fdbd0b72447cb8077ae614864452152223fd2b57" />
	</machine>
	<machine name="thrilldgkee">
		<description>Thrill Drive (ver GK713EEB)</description>
		<year>1998</year>
		<manufacturer>Konami</manufacturer>
		<rom name="gk713ee_m48t58y.35d" size="8192" crc="ac6a7648" sha1="73d06b219c2d6859a565d1b0d3dea79268cc3795" />
	</machine>
	<machine name="thrilldgkk">
		<description>Thrill Drive (ver GK713K*B)</description>
		<year>1998</year>
		<manufacturer>Konami</manufacturer>
		<rom name="gk713ka_m48t58y.35d" size="8192" crc="688f5164" sha1="0617e2e2a0078854e2344412f8c4fbee22452ba1" />
	</machine>
	<machine name="thrilldgmj">
		<description>Thrill Drive (ver GM713JAB)</description>
		<year>1998</year>
		<manufacturer>Konami</manufacturer>
		<rom name="gm713ja_m48t58y.35d" size="8192" crc="96792a3f" sha1="f05e9f83fc655da2b300e2a17b71a52b7933cfb2" />
	</machine>
	<machine name="thrilldgnj">
		<description>Thrill Drive (ver GN713JAB)</description>
		<year>1998</year>
		<manufacturer>Konami</manufacturer>
		<rom name="gn713ja_m48t58y.35d" size="8192" crc="4496250d" sha1="d433dc63afb3fd1c0ce772a62bec0e026d0e278c" />
	</machine>
	<machine name="thrilldgpj">
		<description>Thrill Drive (ver GP713JAB)</description>
		<year>1998</year>
		<manufacturer>Konami</manufacturer>
		<rom name="gp713ja_m48t58y.35d" size="8192" crc="2a5011ef" sha1="9bac6d95d2f035ad1fd1b91810be198fa6e4c7ce" />
	</machine>
	<machine name="triton41">
		<description>Triton L4.1</description>
		<year>1978</year>
		<manufacturer>Transam</manufacturer>
		<rom name="basic_l4.1a.rom" size="1024" crc="468264b0" sha1="bcd2705be359eb727f00ae54562afd75028ee34f" />
		<rom name="basic_l4.1b.rom" size="1024" crc="858aa55c" sha1="a49bf12a1f11d9c04ef30b4ca0278782e93bd95c" />
		<rom name="graphics.ic70" size="512" crc="77364e43" sha1="b6ec6543acacab544e8568f700a1b581025897a1" />
		<rom name="lowercase.ic70" size="512" crc="fd677f54" sha1="7d5a907f97df1f7f7379df3eedbd36c5c071abd1" />
		<rom name="monitor_4.1.rom" size="1024" crc="2228040d" sha1="0e92fa1c0a1327dd77b6f9403a5f34aa8b464e9b" />
		<rom name="vducontrol.ic54" size="256" crc="ad5d426e" sha1="3db409fe7e3e9fc350acd5500594965c5f2bb5be" />
	</machine>
	<machine name="triton51">
		<description>Triton L5.1</description>
		<year>1979</year>
		<manufacturer>Transam</manufacturer>
		<rom name="basic_l5.1a.rom" size="1024" crc="08830f6f" sha1="1467e35aa8e4d5c7e73a7b5bc0d1ef06ef1e0b4b" />
		<rom name="basic_l5.1b.rom" size="1024" crc="4470590a" sha1="a7aa5b900f33a4e7e973ccf4fc07cc7b02dbd336" />
		<rom name="humbug_5.1a.rom" size="1024" crc="502a7b4f" sha1="b2e4dc177676c528c5f11518e0d0d4b40385be25" />
		<rom name="humbug_5.1b.rom" size="1024" crc="6d47d54e" sha1="c672ce87944a91f481c66202b7f1109348c3c6d1" />
		<rom name="humbug_5.1p.rom" size="1024" crc="f68b10ac" sha1="30b19012df1507781d2d8a070021dec50c1d8461" />
	</machine>
	<machine name="triton52">
		<description>Triton L5.2</description>
		<year>1980</year>
		<manufacturer>Transam</manufacturer>
		<rom name="humbug_5.2a.rom" size="1024" crc="9020f7ed" sha1="ad0561c51b20684e49b180fb5d2535e2cf0e05e7" />
		<rom name="humbug_5.2b.rom" size="1024" crc="47bc3961" sha1="37f5c09e43f84227e6b4b76e02ba95721dcbf2f1" />
		<rom name="humbug_5.2p.rom" size="1024" crc="eb2ded3d" sha1="4e5b291f7a84deb629e351ec5166aadb6477d436" />
		<rom name="trap_2.1a.rom" size="1024" crc="115d1c80" sha1="6b7a5b9f75432c012f1cc37ad3fe82d92adcd1e7" />
		<rom name="trap_2.1b.rom" size="1024" crc="c8d4ba47" sha1="e89b087630bf1deb4542a2ab6d697047430bd8a1" />
		<rom name="trap_2.1c.rom" size="1024" crc="ad383c51" sha1="95dac006c1e22bb9e820d9aee9b0ab0fdc745045" />
		<rom name="trap_2.1d.rom" size="1024" crc="cf0c1358" sha1="9ad965f17589490753fb81e7781dc1bf4c82663d" />
		<rom name="trap_2.1e.rom" size="1024" crc="211e5173" sha1="e4cbd7b852ecd4fe46557efa0b3b2db24f83d5a1" />
		<rom name="trap_2.1f.rom" size="1024" crc="5f45fe51" sha1="4218328b697d52a5b85cf3c0280e0e097af3bf44" />
		<rom name="trap_2.1g.rom" size="1024" crc="455e3212" sha1="17e01b3a9b0a358cc483952d25a92823ced15698" />
		<rom name="trap_2.1h.rom" size="1024" crc="4fc2666d" sha1="fdae9a762d10be5a69e0c5f889ffc86d370b2ae4" />
	</machine>
	<machine name="triton72">
		<description>Triton L7.2</description>
		<year>1980</year>
		<manufacturer>Transam</manufacturer>
		<rom name="basic_l7.2a.rom" size="1024" crc="d0713894" sha1="f56ad2af91f25b86737f70c25e08d3aa358eb009" />
		<rom name="basic_l7.2b.rom" size="1024" crc="7604032f" sha1="103cbf0a9f8706cf6a8e0e759bab587636a4fff6" />
		<rom name="basic_l7.2c.rom" size="1024" crc="1255fb1e" sha1="6cb76813a3604c4fcc689fdf861b9e1de361f3fa" />
		<rom name="basic_l7.2d.rom" size="1024" crc="df2db6a1" sha1="da0b185707fe30596b25a560709a1eeb535070ed" />
		<rom name="basic_l7.2e.rom" size="1024" crc="9fc0a643" sha1="5d1758a4cf6741e1e5ef6f655f21a4704ac72125" />
		<rom name="basic_l7.2f.rom" size="1024" crc="002723ad" sha1="146ff347d893d4aba4148fc2ce88bbe08abab479" />
		<rom name="basic_l7.2g.rom" size="1024" crc="b43d50de" sha1="dde0d26713b3a346c8bbcff9c40e2c1d448fb8d5" />
		<rom name="basic_l7.2h.rom" size="1024" crc="2af7f180" sha1="7f18375147eb18f90b15606cd9b1578fd3fb3e76" />
		<rom name="monitor_7.2a.rom" size="1024" crc="0ea43528" sha1="40fd2d435879dbb4931eec1c091c8c7531a1a96f" />
		<rom name="monitor_7.2b.rom" size="1024" crc="0e75d714" sha1="bfc9c68dc8e86503c5ecacd454b633f95b407727" />
	</machine>
	<machine name="ww_p6" ismechanical="yes">
		<description>White Water (P-6)</description>
		<year>1992</year>
		<manufacturer>Williams</manufacturer>
		<rom name="ww_p6.u6" size="524288" crc="97dd311f" sha1="7a0079365479fd4af7465a48cafd10a6ef169073" />
	</machine>
</datafile>