<?xml version="1.0" encoding="utf-8"?>
<!DOCTYPE datafile PUBLIC "-//Logiqx//DTD ROM Management Datafile//EN" "http://www.logiqx.com/Dats/datafile.dtd">
<datafile>
	<header>
		<name>HBMAME - Update ROMs (v0.245.8 to v0.245.9)</name>
		<description>HBMAME - Update ROMs (v0.245.8 to v0.245.9)</description>
		<version></version>
		<author></author>
	</header>
	<machine name="dkong05">
		<description>Donkey Kong (Barreling)</description>
		<year>2022</year>
		<manufacturer>Jon Wilson</manufacturer>
		<rom name="s05.5at" size="4096" crc="c1b95bd3" sha1="a447c9f82e7c4a9b7f60b33a037156ae355aa949" />
		<rom name="s05.5ct" size="4096" crc="bcf79636" sha1="eac1b8c80c10cbc58dc2cf205084b0cb05ea6f5a" />
	</machine>
	<machine name="dkong06">
		<description>Donkey Kong (Half Kong)</description>
		<year>2022</year>
		<manufacturer>Jon Wilson</manufacturer>
		<rom name="s06.3pt" size="2048" crc="4a4ba8d4" sha1="045b72caa312bb4fba2b938856b73996346d2adf" />
		<rom name="s06.4m" size="2048" crc="8f6b9786" sha1="303fc53fef58ce41aa230f87ba582ab660d53ff9" />
		<rom name="s06.4n" size="2048" crc="8744b5e3" sha1="c20bc6ff27e67b65aa891d57f1279712a75c7d98" />
		<rom name="s06.4r" size="2048" crc="2839cb25" sha1="71884c312e469d97ea82a87d2d9e016ae0ec3710" />
		<rom name="s06.4s" size="2048" crc="c0981d89" sha1="7a305d07000f94607621a7d1bbeba46c4f87d25e" />
		<rom name="s06.5at" size="4096" crc="f41cd662" sha1="1fad3138c8f920b0425a11f8e29a8d1c542c11e9" />
		<rom name="s06.5et" size="4096" crc="da0c3028" sha1="5a2d8d9c05906eb891757917dab61757e1c6dc5a" />
		<rom name="s06.5h" size="2048" crc="77b4c1f9" sha1="8fc70474542c573869981d7754ab05ed4dfbdf1d" />
	</machine>
	<machine name="dkong07">
		<description>Donkey Kong (Kana Kong)</description>
		<year>2022</year>
		<manufacturer>Kirai Shouen, 125scratch</manufacturer>
		<rom name="s07.2j" size="256" crc="4f1f882a" sha1="df95e3424ba7372b1096e39d6c10f7eaa51cf739" />
		<rom name="s07.2k" size="256" crc="2f18a54e" sha1="098f70fe519102ebb146a3aa42b0aa1d6fb7fbe7" />
		<rom name="s07.3pt" size="2048" crc="3525a8c0" sha1="7e94f5c212dfb6fe00f7dbcd8e1ecb56b6066d5e" />
		<rom name="s07.4m" size="2048" crc="089af499" sha1="33445181a67a25be2e953dec7a0d2437070e71f1" />
		<rom name="s07.4n" size="2048" crc="7375d02d" sha1="8c0d3130c01d7a0e3cd50eb7de6cc000a4215c67" />
		<rom name="s07.4r" size="2048" crc="a8142c34" sha1="7bbaf33f12ce971a02e1c38e8b9b807554657ec6" />
		<rom name="s07.4s" size="2048" crc="72de5617" sha1="01a08d52aeb1151b5261218afb980cfcb6bef937" />
		<rom name="s07.5h" size="2048" crc="d314c451" sha1="bb28f431c5ce6e9c1dd77a0aad3728e882f0f9c0" />
	</machine>
	<machine name="dkong08">
		<description>Konkey Dong</description>
		<year>2022</year>
		<manufacturer>Jon Wilson</manufacturer>
		<rom name="s08.3pt" size="2048" crc="f866040f" sha1="7740f95ccdad7f89b67fed6d068a5dda12a88ff0" />
		<rom name="s08.4m" size="2048" crc="4b882a01" sha1="9f95a032b2d19800e9271b71e70dbe64f1ee5ae4" />
		<rom name="s08.4n" size="2048" crc="dc13a5b3" sha1="b78b3239b00b2b2fd0b461764fbabbf79c1091e9" />
		<rom name="s08.4r" size="2048" crc="80558471" sha1="a50ea67e4d78d3d02d2d8082c7e566d2adb49acb" />
		<rom name="s08.4s" size="2048" crc="18d7d478" sha1="7cc666f28deba131c3fe8805f79a53199e0363c9" />
		<rom name="s08.5at" size="4096" crc="a72252cd" sha1="bfdd01ac68ebb65d5da661347fa7d2abeeb8cf05" />
		<rom name="s08.5bt" size="4096" crc="ca1e5693" sha1="422f14bef6d80903d950298f97242fbd0b69f32b" />
		<rom name="s08.5h" size="2048" crc="9fd983a7" sha1="3b80759286e69aa60d5efe308373d28a6639e525" />
	</machine>
	<machine name="dkong09">
		<description>Donkey Kong (DK Lava Panic!)</description>
		<year>2022</year>
		<manufacturer>Jon Wilson</manufacturer>
		<rom name="s09.5at" size="4096" crc="e9fb42fc" sha1="162b70fe4dfa7a4f66816aefa532a2f9da79de16" />
	</machine>
	<machine name="dkong10">
		<description>Donkey Kong (NoLuck Kong)</description>
		<year>2022</year>
		<manufacturer>Jon Wilson</manufacturer>
		<rom name="s10.3pt" size="2048" crc="4f158a44" sha1="4660c62d1b14571f549a696e0797c75a0707e285" />
		<rom name="s10.5at" size="4096" crc="8df18df7" sha1="bcc765395fb1af47154bae0291f38d8864ed3382" />
		<rom name="s10.5bt" size="4096" crc="11e0a7a2" sha1="4af6ab490ffc297a31631184e903b5206486ed9a" />
		<rom name="s10.5ct" size="4096" crc="89363e27" sha1="fa5493c30d1be98ca1c6facb99d1e4e1ecc5e4c0" />
		<rom name="s10.5et" size="4096" crc="b653104f" sha1="8bf17b6695b4593ba46aba909aeea2a56cf6e489" />
		<rom name="s10.5h" size="2048" crc="659aaeb5" sha1="ba5e11ed16cdc6aed4ea9a557f4780ea645a31c0" />
	</machine>
	<machine name="dkong11">
		<description>Donkey Kong (Octo Monkey)</description>
		<year>2022</year>
		<manufacturer>Jon Wilson</manufacturer>
		<rom name="s11.3pt" size="2048" crc="9bfa72d3" sha1="5a0aec001f8fcbd2d35603629860c772fd6d6f70" />
		<rom name="s11.4m" size="2048" crc="b31de054" sha1="fd270483858bfac85ff08b5df03ec66964b45e69" />
		<rom name="s11.4n" size="2048" crc="2154c474" sha1="401c438a1a8314ba769d791d6adab09f9ffb76f7" />
		<rom name="s11.4r" size="2048" crc="144fbcf7" sha1="c723ce2f5976b050d58f9498408bb9bc54fd35e0" />
		<rom name="s11.4s" size="2048" crc="66886c1e" sha1="b16ec71a1926280e1ef317c8cdacb9d5ae26b1db" />
		<rom name="s11.5at" size="4096" crc="36768adf" sha1="0ca5fc7a2a3e13d4751b2626f51a01d3ebc896c4" />
		<rom name="s11.5et" size="4096" crc="264d83c7" sha1="9270264ecd8a9c8598196ef244efd87507cdeeae" />
		<rom name="s11.5h" size="2048" crc="43488249" sha1="0df7629167ae2c188ce22d2642c90686ca807ca1" />
	</machine>
	<machine name="dkong12">
		<description>Donkey Kong (Pies only)</description>
		<year>2022</year>
		<manufacturer>Jon Wilson</manufacturer>
		<rom name="s12.5at" size="4096" crc="9eae173c" sha1="e5dc63bede32763fa7b5b0de0dab0b96113e764e" />
		<rom name="s12.5et" size="4096" crc="fa9b1242" sha1="4c139e31a040844f3a61089da2614000c7104f48" />
	</machine>
	<machine name="dkong13">
		<description>Donkey Kong (Quarter)</description>
		<year>2022</year>
		<manufacturer>Jon Wilson</manufacturer>
		<rom name="s13.3pt" size="2048" crc="8a7cc885" sha1="2c369e023051dcaba711c1f3ad49fff8f6c4671f" />
		<rom name="s13.4m" size="2048" crc="43899f5d" sha1="44b1e9ce7dea9289796515679c787765110fcff4" />
		<rom name="s13.4n" size="2048" crc="a3c087db" sha1="bc6a579aaeb872dbd9074d0b1f2f21ff63bc4fa9" />
		<rom name="s13.4r" size="2048" crc="e4dbc3fe" sha1="97944896a0be4f55c05b698eb3a3a9d67afc2790" />
		<rom name="s13.4s" size="2048" crc="e41c2fb1" sha1="3d167796b5f987f9d772af703b04280f1b670e11" />
		<rom name="s13.5at" size="4096" crc="2d95e2dc" sha1="2f72341b626b25745e83987929883eda7df6478d" />
		<rom name="s13.5et" size="4096" crc="7bb6a069" sha1="860e5e3c85fcdf932dc5df3b7c3e98e0495a062d" />
		<rom name="s13.5h" size="2048" crc="3123e13e" sha1="8b444bacdabc91c472d24daa64f94cd3396877b0" />
	</machine>
	<machine name="dkong14">
		<description>Donkey Kong (Riveting)</description>
		<year>2022</year>
		<manufacturer>Jon Wilson</manufacturer>
		<rom name="s14.5at" size="4096" crc="6f2d5bfe" sha1="5799e972234e3b3c8cc27e884b43088dec70192d" />
		<rom name="s14.5et" size="4096" crc="7b4c47d0" sha1="ad95cb487a6598fef7d4610d5ab88846cf64285a" />
	</machine>
	<machine name="dkong15">
		<description>Donkey Kong (Springy)</description>
		<year>2022</year>
		<manufacturer>Jon Wilson</manufacturer>
		<rom name="s15.5at" size="4096" crc="bf13dd67" sha1="0acddff1087445cd93a8b0e63e5e8d98ceb1513b" />
		<rom name="s15.5et" size="4096" crc="73ed763a" sha1="d9db48fe1478fd0b6e8ef05cb21429d02dde5cff" />
	</machine>
	<machine name="dkong16">
		<description>Donkey Kong (Wild Barrel hack)</description>
		<year>2022</year>
		<manufacturer>Jon Wilson</manufacturer>
		<rom name="s16.5at" size="4096" crc="c282c79c" sha1="0612b15738e5a5ad0ceffa988886fbadcece68d3" />
		<rom name="s16.5bt" size="4096" crc="c34b67aa" sha1="84ef5e509f32eb544179e5a186cbe3f1193d1ee3" />
		<rom name="s16.5et" size="4096" crc="df6f3ad0" sha1="a87c1262c8f0ccf6a906a88ddcfe1d147504ff53" />
	</machine>
	<machine name="dkong17">
		<description>Donkey Kong (DK Who and the Daleks)</description>
		<year>2022</year>
		<manufacturer>Jon Wilson</manufacturer>
		<rom name="s17.3pt" size="2048" crc="36fb859c" sha1="577d7d0027b789561800963dfb7bcbb84037d85a" />
		<rom name="s17.4m" size="2048" crc="8c2b5bcd" sha1="6f6445eb1ceff1a0c22b3654edb5976469ecf57f" />
		<rom name="s17.4n" size="2048" crc="3876fdb6" sha1="c1a0c0fc7084d0ae3679d13c578f8542c7cdc620" />
		<rom name="s17.4r" size="2048" crc="dd96b24c" sha1="5318ded576d3e027c58b5667c68d26df8b390bee" />
		<rom name="s17.4s" size="2048" crc="1feca016" sha1="b0ea321fb85a16c6b96db4b1fcb22532615046aa" />
		<rom name="s17.5at" size="4096" crc="9591efd4" sha1="025043df8d4b27343cf4532f3737a843ca6d20ee" />
		<rom name="s17.5h" size="2048" crc="621f575c" sha1="15884de84759421ba59faadf4b2da669a6d9a1be" />
	</machine>
	<machine name="dkong20">
		<description>Donkey Kong (2600 graphics, set 2)</description>
		<year>1999</year>
		<manufacturer>Vic Twenty George</manufacturer>
		<rom name="s20.3pt" size="2048" crc="50c92785" sha1="27411c03ecf6b3cbd864d310af42d54cc25d659d" />
		<rom name="s20.4m" size="2048" crc="ac877f07" sha1="2392789f7a9ddcc9e48ffba6a786f08e55b7bef0" />
		<rom name="s20.4n" size="2048" crc="5c9e71e1" sha1="4981f6d4fe21baeb35e267eca19771c6cd995944" />
		<rom name="s20.4r" size="2048" crc="f1834ba5" sha1="8ba39a25f1085d9e9a7be4b3ed953a2584a4db84" />
		<rom name="s20.4s" size="2048" crc="d1ce232a" sha1="0531ddc86c76048689eadd39911adb236901cf2a" />
		<rom name="s20.5h" size="2048" crc="04cfd877" sha1="8cbbcbc4d2c459bde0a652d8dbd2c6cec9d90ef3" />
	</machine>
	<machine name="futari15bc">
		<description>Mushihime-Sama Futari Ver 1.5 (2006-12-08.MASTER VER. 1.54. BLK COLOR)</description>
		<year>2022</year>
		<manufacturer>ArcCabView</manufacturer>
		<rom name="futari15_u4" size="2097152" crc="e8c5f128" sha1="45fb8066fdbecb83fdc2e14555c460d0c652cd5f" />
		<rom name="futari15bc_u2" size="138412032" crc="d5459f63" sha1="4f01e4d71561c83b5f69ccca4b3f1317f0ee8ff5" />
		<rom name="u23" size="4194304" crc="39f1e1f4" sha1="53d12f59a56df35c705408c76e6e02118da656f1" />
		<rom name="u24" size="4194304" crc="c631a766" sha1="8bb6934a2f5b8a9841c3dcf85192b1743773dd8b" />
	</machine>
	<machine name="futari15">
		<description>Mushihime-Sama Futari Ver 1.5 (2006/12/8.MASTER VER. 1.54.)</description>
		<year>2006</year>
		<manufacturer>Cave (AMI license)</manufacturer>
		<rom name="futari15_u2" size="138412032" crc="b9eae1fc" sha1="410f8e7cfcbfd271b41fb4f8d049a13a3191a1f9" />
	</machine>
	<machine name="futaribl">
		<description>Mushihime-Sama Futari Black Label - Another Ver (2009/11/27 INTERNATIONAL BL)</description>
		<year>2007</year>
		<manufacturer>Cave (AMI license)</manufacturer>
		<rom name="futaribli_u4" size="2097152" crc="1971dd16" sha1="e75993f2978cbaaf925b4b8bb33d094a5a7cebf0" />
		<rom name="futariblk_u2" size="138412032" crc="08c6fd62" sha1="e1fc386b2b0e41906c724287cbf82304297e0150" />
	</machine>
	<machine name="futariblc">
		<description>Mushihime-Sama Futari Black Label - Another Ver (2009-11-27 INTERNATIONAL BL - ORIG COLOR)</description>
		<year>2022</year>
		<manufacturer>ArcCabView</manufacturer>
		<rom name="futariblkc_u2" size="138412032" crc="299b9bac" sha1="7cd160b17ed2931978143341c997bf402debc48b" />
	</machine>
	<machine name="futaribljc">
		<description>Mushihime-Sama Futari Black Label (2007-12-11 BLACK LABEL VER - ORIG COLOR)</description>
		<year>2022</year>
		<manufacturer>ArcCabView</manufacturer>
		<rom name="futariblk_u4" size="2097152" crc="b9467b6d" sha1="64782807fe69acb4ae028e36c5c689d8bd9b7857" />
	</machine>
	<machine name="grdians41">
		<description>Denjin Makai II (LBS Edition, 2022-10-14)</description>
		<year>2022</year>
		<manufacturer>Bindi</manufacturer>
		<rom name="s41.u2" size="524288" crc="a2e89715" sha1="af4ad713550270853676d3834174581ec5b4e511" />
		<rom name="s41.u3" size="524288" crc="df5b58bc" sha1="a0704883a61f205c6fe400d99aaa2558de20a74c" />
	</machine>
	<machine name="ibara">
		<description>Ibara (2005/03/22 MASTER VER..)</description>
		<year>2005</year>
		<manufacturer>Cave (AMI license)</manufacturer>
		<rom name="u2" size="138412032" crc="55840976" sha1="4982bdce84f9603adfed7a618f18bc80359ab81e" />
		<rom name="u4" size="2097152" crc="8e6c155d" sha1="38ac2107dc7824836e2b4e04c7180d5ae43c9b79" />
		<rom name="u23" size="4194304" crc="ee5e585d" sha1="7eeba4ee693060e927f8c46b16e39227c6a62392" />
		<rom name="u24" size="4194304" crc="f0aa3cb6" sha1="f9d137cd879e718811b2d21a0af2a9c6b7dca2f9" />
	</machine>
	<machine name="ibarablk">
		<description>Ibara Kuro Black Label (2006/02/06. MASTER VER.)</description>
		<year>2006</year>
		<manufacturer>Cave (AMI license)</manufacturer>
		<rom name="ibarablk_u2" size="138412032" crc="5e46be44" sha1="bed5f1bf452f2cac58747ecabec3c4392566a3a7" />
		<rom name="ibarablk_u4" size="2097152" crc="ee1f1f77" sha1="ac276f3955aa4dde2544af4912819a7ae6bcf8dd" />
		<rom name="u23" size="4194304" crc="a436bb22" sha1="0556e771cc02638bf8814315ba671c2d442594f1" />
		<rom name="u24" size="4194304" crc="d11ab6b6" sha1="2132191cbe847e2560423e4545c969f21f8ff825" />
	</machine>
	<machine name="ibarablkcs">
		<description>Ibara Kuro Black Label (2006-02-06. MASTER VER. COLOR SAT)</description>
		<year>2006</year>
		<manufacturer>ArcCabView</manufacturer>
		<rom name="ibarablkcs_u2" size="138412032" crc="60723c96" sha1="eb06ad85f0ebdad1f66102772dc9181fbd727950" />
	</machine>
	<machine name="ibaracs">
		<description>Ibara (2005-03-22 MASTER VER.. COLOR SAT)</description>
		<year>2005</year>
		<manufacturer>ArcCabView</manufacturer>
		<rom name="ibaracs_u2" size="138412032" crc="bd68d0af" sha1="8faf49d9b4b472f711dd04a772b28999edeb21e3" />
	</machine>
	<machine name="mhavocpe">
		<description>Major Havoc - The Promised End (v1.00) ENGLISH - ADPCM Speech</description>
		<year>2022</year>
		<manufacturer>JMA</manufacturer>
		<rom name="mhpe100.1l" size="16384" crc="b138e015" sha1="385664936cdd9a65f1ea5c7b03b6369070fe9f0e" />
		<rom name="mhpe100.1mn" size="16384" crc="8bdf1048" sha1="f93d44ac80938dc6a3f22ab9768a7e2a4a9987f7" />
		<rom name="mhpe100.1np" size="32768" crc="6a67d68e" sha1="1ffcb543db81db3c4d4591b3f4d0bf8a6eb4f47c" />
		<rom name="mhpe100.1q" size="32768" crc="22e54ef3" sha1="2b5e4e2b072c1a6fb2f7c34eebf59d0d03e8f564" />
		<rom name="mhpe100.6h" size="16384" crc="88527b65" sha1="f525e39b7cb32008c016a4e076195642cec5024d" />
		<rom name="mhpe100.6jk" size="16384" crc="f5bd6c74" sha1="a4dc4ad05469c125c842bf9e0d465ed3b9ee85c8" />
		<rom name="mhpe100.6kl" size="8192" crc="f195a326" sha1="36681cdc9665ea55bb6a9f143ecc38083e28c379" />
		<rom name="mhpe100.9s" size="16384" crc="99c12d95" sha1="27d82f3bc73fbbb310f4e6cda27788e3f3fc1007" />
	</machine>
	<machine name="mhavocpe_lpc">
		<description>Major Havoc - The Promised End (v1.00) ENGLISH - LPC Speech</description>
		<year>2022</year>
		<manufacturer>JMA</manufacturer>
		<rom name="mhpe100lpc.9s" size="32768" crc="777b4965" sha1="da3d6e8e3331d9a03402260c4d79bf1397bb1412" />
		<rom name="mhpelpc100.1l" size="16384" crc="0581c2f3" sha1="c2541c8a5e83f9e4c5aacbd7d6d175e4f7e39e93" />
	</machine>
	<machine name="mhavocpede">
		<description>Major Havoc - The Promised End (v1.00) GERMAN - ADPCM Speech</description>
		<year>2022</year>
		<manufacturer>JMA</manufacturer>
		<rom name="mhpede100.1l" size="16384" crc="b926eccc" sha1="960a337b674f37021b3b5de9fc9081c6c5d50da7" />
		<rom name="mhpede100.1mn" size="16384" crc="5972eb18" sha1="9281756c65108e12a0155161c53a19d94654cc3d" />
		<rom name="mhpede100.1np" size="32768" crc="300bef6e" sha1="fa89b42eea215997d09a864fe7ec4446052b735c" />
		<rom name="mhpede100.1q" size="32768" crc="7fa593e9" sha1="7e58b392f129ede857ed84385040e3fdb0054021" />
		<rom name="mhpede100.6h" size="16384" crc="44836d69" sha1="7f7fa905c659abd591fdc47c587fc770a8e5fada" />
		<rom name="mhpede100.6jk" size="16384" crc="396c7a78" sha1="671d50ab39f951d9401682a212f793103a1e56fb" />
		<rom name="mhpede100.6kl" size="8192" crc="752ec4d1" sha1="012bda0d8af7ffa3beeebb31f4d8772bd6d4a9e0" />
		<rom name="mhpede100.9s" size="16384" crc="7ce836a4" sha1="9284fefb256d8e20812eb71216e3bc7ba76af39a" />
	</machine>
	<machine name="mhavocpedete">
		<description>Major Havoc - The Promised End - Tournament (v1.00) GERMAN - ADPCM Speech</description>
		<year>2022</year>
		<manufacturer>JMA</manufacturer>
		<rom name="mhpedete100.1l" size="16384" crc="94123d5c" sha1="656b86422ef6344ec03d5e028d6c716aa1728baa" />
		<rom name="mhpedete100.1mn" size="16384" crc="18d8e337" sha1="853c59b8bfe46b09852c936b9860e2269b3065b2" />
		<rom name="mhpedete100.1np" size="32768" crc="be075794" sha1="559fd8ab093d80da1882627c3a0e795c71965d9a" />
		<rom name="mhpedete100.1q" size="32768" crc="8cbef67d" sha1="ac51906e1a5ed192d72834594b7b72ffbc442562" />
	</machine>
	<machine name="mhavocpefr">
		<description>Major Havoc - The Promised End (v1.00) FRENCH - ADPCM Speech</description>
		<year>2022</year>
		<manufacturer>JMA</manufacturer>
		<rom name="mhpefr100.1l" size="16384" crc="625adcb2" sha1="5e73398fd4a01a12fa9d99d85cc0381d9104ccbe" />
		<rom name="mhpefr100.1mn" size="16384" crc="b490caa2" sha1="14e81015d9b9dc4b39102d4c09718d219d2874d4" />
		<rom name="mhpefr100.1np" size="32768" crc="3e91a0ff" sha1="b633323672064073612298de22588e04544c762f" />
		<rom name="mhpefr100.1q" size="32768" crc="6c8d6a09" sha1="9a8a399a1667e3e61993a8053abbec1a9d3ce4d9" />
		<rom name="mhpefr100.6h" size="16384" crc="ca81513c" sha1="2ddfcc708be7d70c2aae0d9b66b823aa70a45cf0" />
		<rom name="mhpefr100.6jk" size="16384" crc="b76e462d" sha1="4b598112bdcdf330c239b58f5a1a034f7b9ab07d" />
		<rom name="mhpefr100.6kl" size="8192" crc="23926a89" sha1="9f056219e29b22d61c6549e1f6d6e8fe51ed98a8" />
		<rom name="mhpefr100.9s" size="16384" crc="88e21db6" sha1="ee010fc63f90e9538b49e3ef3a78220d2f9e9ce9" />
	</machine>
	<machine name="mhavocpefrte">
		<description>Major Havoc - The Promised End - Tournament (v1.00) FRENCH - ADPCM Speech</description>
		<year>2022</year>
		<manufacturer>JMA</manufacturer>
		<rom name="mhpefrte100.1l" size="16384" crc="c1f15780" sha1="b788d138327270c65b93d9ea9e0b645ff4d76803" />
		<rom name="mhpefrte100.1mn" size="16384" crc="f53ac28d" sha1="e25cf04327b0e1a9c0398cc1f1c23633e8879171" />
		<rom name="mhpefrte100.1np" size="32768" crc="cff2909d" sha1="d98c7a52cba7455dc9c6ed865c4919240dedd11f" />
		<rom name="mhpefrte100.1q" size="32768" crc="0d44804e" sha1="718254f153ede02b6b9417dc583a63f2e2a65fc5" />
	</machine>
	<machine name="mhavocpete">
		<description>Major Havoc - The Promised End - Tournament (v1.00) ENGLISH - ADPCM Speech</description>
		<year>2022</year>
		<manufacturer>JMA</manufacturer>
		<rom name="mhpete100.1l" size="16384" crc="3dac3795" sha1="a4e647f8ce418519b44dbd178d131f0bc4ba35f1" />
		<rom name="mhpete100.1mn" size="16384" crc="ca751867" sha1="3fac5e31c624ebf6273c912604482d65584895ae" />
		<rom name="mhpete100.1np" size="32768" crc="20310a4d" sha1="016e46128722a550ff105f2b8adbf744250c79ca" />
		<rom name="mhpete100.1q" size="32768" crc="6b35a969" sha1="b02f7f0d84af6389f0191ac6dcea911385b7cc4a" />
	</machine>
	<machine name="ngmontst3">
		<description>NeoGeo Monitor Test v1.3</description>
		<year>2022</year>
		<manufacturer>M.Priewe</manufacturer>
		<rom name="446c.c1" size="1048576" crc="5c63f88a" sha1="418e3345c40fc1d8d964ee55ca68a56be32f4df2" />
		<rom name="446c.c2" size="1048576" crc="3c7e0729" sha1="695d36002cc428dfaf6174bdcf5fed351df39b35" />
		<rom name="446c.m1" size="65536" crc="6f41ac95" sha1="92dd52bd6717e116301f965a45aa1762e797154c" />
		<rom name="446c.p1" size="1048576" crc="8a140722" sha1="a7e4ac8b7bf531a10b68460e37e7e6da59ecccfe" />
		<rom name="446c.v1" size="2097152" crc="0f88bd1a" sha1="75a288744533e2546fb94dddf50da0148f158d19" />
	</machine>
	<machine name="pacyuyu">
		<description>Pac-Yuyu</description>
		<year>2022</year>
		<manufacturer>Kirai Shouen, 125scratch</manufacturer>
		<rom name="pacyuyu.4a" size="256" crc="2c004790" sha1="00031f2dc7bd64b894ee5b5a5113f41f36c58edb" />
		<rom name="pacyuyu.5e" size="4096" crc="430a4708" sha1="96026757c4de2e6a1bc5b6f91ca5a5499880f7da" />
		<rom name="pacyuyu.5f" size="4096" crc="333e98df" sha1="c9fa72b9aad48a4d99a0ab9767335619d408ddc9" />
		<rom name="pacyuyu.6j" size="4096" crc="85bb3cba" sha1="9c3897b773c6dba55d78a385b0edc8f49439fbd2" />
		<rom name="pacyuyu.7f" size="32" crc="67141599" sha1="dd99fc1329f237a7c56abe643de15b49c18abb64" />
	</machine>
	<machine name="pandajump">
		<description>Panda Jump</description>
		<year>2022</year>
		<manufacturer>Ben Larson</manufacturer>
		<rom name="pj.1h" size="2048" crc="6ac96510" sha1="acb9897a4c5325b26eadd0300e49e43bbbf11462" />
		<rom name="pj.1k" size="2048" crc="f2fb3d80" sha1="fe421dcf4b9d2f75d9d98f0adb7630f054115b36" />
		<rom name="pj.7l" size="2048" crc="f1e8ba9e" sha1="605db3fdbaff4ba13729371ad0c4fbab3889378e" />
		<rom name="pj.u" size="2048" crc="b2658d7d" sha1="d9e87bd4483f925861cfc4f571201d0d088e8565" />
		<rom name="pj.v" size="2048" crc="d47fa6c5" sha1="ddb5058c28feb18fb35c8bf88f362decfc9d6fb3" />
		<rom name="pj.w" size="2048" crc="12e3e07e" sha1="9544a0b5e5990d6ca302236e2f639f981a9132c2" />
		<rom name="pj.y" size="2048" crc="ee2133d0" sha1="ad64039ec280ec24b8ff921bedbf8719762b569f" />
	</machine>
	<machine name="sf2mkot01">
		<description>Street Fighter II': Magic KO Turbo - Nightmare Crack (set 2)</description>
		<year>1992</year>
		<manufacturer>bootleg</manufacturer>
		<rom name="c19m8.c41" size="131072" crc="94778332" sha1="c0b9a05c710b89864ee5df1a53b39de30c994e2d" />
		<rom name="c19m8.c42" size="131072" crc="d1e452d3" sha1="794f7ebf6c46c2938a5477451cf05f2e0c7b9049" />
		<rom name="c19m8.c44" size="131072" crc="155824a9" sha1="74d7e86be22c11234f5d9d0b25fa709b59ef471b" />
		<rom name="c19mkot01.c43" size="131072" crc="748f2dd0" sha1="debcad2796042d8af571fbca9859fb0e672a728c" />
		<rom name="c19mkot01.p1" size="524288" crc="c57501cb" sha1="50a4f85678c75ac1ef105230245bf73a9d137cae" />
		<rom name="c19mkot01.p2" size="524288" crc="31d2691b" sha1="c8eeb847924793d380eb97f9993a6786364969e4" />
	</machine>
</datafile>