<?xml version="1.0" encoding="utf-8"?>
<!DOCTYPE datafile PUBLIC "-//Logiqx//DTD ROM Management Datafile//EN" "http://www.logiqx.com/Dats/datafile.dtd">
<datafile debug="no">
	<header>
		<name>HBMAME 0.245.9 ROMs (bios-devices)</name>
		<description>HBMAME 0.245.9 ROMs (bios-devices)</description>
		<version></version>
		<author></author>
	</header>
	<machine name="arkanoid68705p3" isdevice="yes" runnable="no">
		<description>Arkanoid MC68705P3 Interface</description>
		<rom name="bootstrap.bin" size="115" crc="696e1383" sha1="45104fe1dbd683d251ed2b9411b1f4befbb5aff4" />
	</machine>
	<machine name="arkanoid68705p5" isdevice="yes" runnable="no">
		<description>Arkanoid MC68705P5 Interface</description>
		<rom name="bootstrap.bin" size="115" crc="f70a8620" sha1="c154f78c23f10bb903a531cb19e99121d5f7c19c" />
	</machine>
	<machine name="atari_cage" isdevice="yes" runnable="no">
		<description>Atari CAGE</description>
		<rom name="c31boot.bin" size="16384" crc="bddc2763" sha1="96b2170ecee5bec5abaa1741bb2d3b6096ecc262" status="baddump" />
	</machine>
	<machine name="atari_cage_seattle" isdevice="yes" runnable="no">
		<description>Atari CAGE Seattle</description>
		<rom name="c31boot.bin" size="16384" crc="bddc2763" sha1="96b2170ecee5bec5abaa1741bb2d3b6096ecc262" status="baddump" />
	</machine>
	<machine name="atarisy1" isbios="yes">
		<description>Atari System 1 BIOS</description>
		<year>1984</year>
		<manufacturer>Atari Games</manufacturer>
		<rom name="136032.101.e3" size="256" crc="7e84972a" sha1="84d422b53547271e3a07342704a05ef481db3f99" />
		<rom name="136032.102.e5" size="256" crc="ebf1e0ae" sha1="2d327e78832edd67ca3909c25b8c8c839637a1ed" />
		<rom name="136032.103.f7" size="235" crc="92d6a0b4" sha1="0a42a4816c89447b16e1f3245409591efea98a4a" />
		<rom name="136032.104.f5" size="8192" crc="7a29dc07" sha1="72ba464da01bd6d3a91b8d9997d5ac14b6f47aad" />
		<rom name="136032.105.l13" size="16384" crc="79021d3c" sha1="85febd34bcb166fc3326b5e5e4e80e157b660a08" />
		<rom name="136032.106.l12" size="16384" crc="76ee86c4" sha1="cbcd424510435a04e9041967a13781fd19b0f2c4" />
		<rom name="136032.107.b2" size="8192" crc="7a29dc07" sha1="72ba464da01bd6d3a91b8d9997d5ac14b6f47aad" />
		<rom name="136032.114.j11" size="16384" crc="195c54ad" sha1="d7cda3cd3db4c6f77074ca05e96ae11b62e048b7" />
		<rom name="136032.115.j10" size="16384" crc="7275b4dc" sha1="0896ab37ea832a1335046353612c1b4c86d8d040" />
		<rom name="136032.205.l13" size="16384" crc="88d0be26" sha1="d124045eccc562ff0423b23a240e27ad740fa0c9" />
		<rom name="136032.206.l12" size="16384" crc="3c79ef05" sha1="20fdca7131478e1ee12691bdafd2d5bb74cbd16f" />
	</machine>
	<machine name="bsmt2000" isdevice="yes" runnable="no">
		<description>BSMT2000</description>
		<rom name="bsmt2000.bin" size="8192" crc="c2a265af" sha1="6ec9eb038fb8eb842c5482aebe1d149daf49f2e6" />
	</machine>
	<machine name="cchip" isdevice="yes" runnable="no">
		<description>Taito TC0030CMD (C-Chip)</description>
		<rom name="cchip_upd78c11.bin" size="4096" crc="43021521" sha1="73bc4b46cd2d6805ec926f39f22af00e38a3f822" />
	</machine>
	<machine name="coh1000c" isbios="yes">
		<description>ZN1</description>
		<year>1995</year>
		<manufacturer>Capcom</manufacturer>
		<rom name="cp01.ic652" size="8" crc="bb7ba033" sha1="966f3aee5d00e1312c455f855915d621e6cb0672" />
		<rom name="dl-1425.bin" size="24576" crc="d6cf5ef5" sha1="555f50fe5cdf127619da7d854c03f4a244a0c501" />
		<rom name="m534002c-13.ic353" size="524288" crc="50033af6" sha1="486d92ff6c7f1e54f8e0ef41cd9116eca0e10e1a" />
		<rom name="msm27c402zb.ic353" size="524288" crc="f20f7fe5" sha1="9aac7d3b3d0cc0bbbe4056164b73078dce41d91c" />
	</machine>
	<machine name="coh1000w" isbios="yes">
		<description>Atari PSX</description>
		<year>1996</year>
		<manufacturer>Atari</manufacturer>
		<rom name="msm27c402zb.ic353" size="524288" crc="45e8a4b4" sha1="815488d8563c85f97fbc3384ff21f08e4c88b7b7" />
		<rom name="tw01.ic652" size="8" crc="1cac067e" sha1="8e87941bfb374172628c8a37647e3a66b7166aa8" />
	</machine>
	<machine name="coh1002m" isbios="yes">
		<description>TPS</description>
		<year>1997</year>
		<manufacturer>Tecmo</manufacturer>
		<rom name="m534002c-61.ic353" size="524288" crc="69ffbcb4" sha1="03eb2febfab3fcde716defff291babd9392de965" />
		<rom name="mg01.ic652" size="8" crc="50dc8322" sha1="cef4011c6c06d6fce546e1db5d9fbae155eabf57" />
	</machine>
	<machine name="coh3002c" isbios="yes">
		<description>ZN2</description>
		<year>1997</year>
		<manufacturer>Capcom</manufacturer>
		<rom name="cp10.ic652" size="8" crc="7808fcef" sha1="3c3fb8227b05dace042dc1429b9f2355b1a15638" />
		<rom name="dl-1425.bin" size="24576" crc="d6cf5ef5" sha1="555f50fe5cdf127619da7d854c03f4a244a0c501" />
		<rom name="m534002c-59.ic353" size="524288" crc="e860ea8b" sha1="66e7e1d4e426466b8f48a2ba055a91b475569504" />
	</machine>
	<machine name="decobsmt" isdevice="yes" runnable="no">
		<description>Data East/Sega/Stern BSMT2000 Sound Board</description>
		<rom name="bsmt2000.bin" size="8192" crc="c2a265af" sha1="6ec9eb038fb8eb842c5482aebe1d149daf49f2e6" />
	</machine>
	<machine name="decocass" isbios="yes">
		<description>DECO Cassette System</description>
		<year>1981</year>
		<manufacturer>Data East Corporation</manufacturer>
		<rom name="cassmcu.1c" size="1024" crc="a6df18fd" sha1="1f9ea47e372d31767c936c15852b43df2b0ee8ff" />
		<rom name="dsp-3_p0-a.m9" size="2048" crc="2541e34b" sha1="4f983513dbae1350c83a433dea77a4465748b9c6" />
		<rom name="dsp-3_p0-b.m9" size="2048" crc="b67a91d9" sha1="681c040be0f0ed1ba0a50161b36d0ad8e1c8c5cb" />
		<rom name="dsp-3_p1-.l9" size="2048" crc="3bfff5f3" sha1="4e9437cb1b76d64da6b37f01bd6e879fb399e8ce" />
		<rom name="dsp-3_p3-.e5" size="32" crc="539a5a64" sha1="7b7d3cc58ac6f95242240c97046e770d2fd20c96" />
		<rom name="dsp-3_p5-.m4" size="32" crc="e52089a0" sha1="d85c17809b089c6977ee9571f976af6f107fd4d3" />
		<rom name="rms-3_p2-.c9" size="1024" crc="6c4a891f" sha1="5c00cf8b1accfdbb1d61e9b3f6db1594dfbc608b" />
		<rom name="rms-3_p4-.f6" size="32" crc="9014c0fd" sha1="7405d39a5f4fcad821448ddaf6bd4e27c0c9e145" />
		<rom name="v0a-.7e" size="4096" crc="3d33ac34" sha1="909d59e7a993affd10224402b4370e82a5f5545c" />
		<rom name="v0b-.7e" size="4096" crc="23d929b7" sha1="063f83020ba3d6f43ab8471f95ca919767b93aa4" />
		<rom name="v0d-.7e" size="4096" crc="1e0c22b1" sha1="5fec8fef500bbebc13d0173406afc55235d3affb" />
		<rom name="v1-.5a" size="2048" crc="b66b2c2a" sha1="0097f38beb4872e735e560148052e258a26b08fd" />
		<rom name="v2.3m" size="32" crc="238fdb40" sha1="b88e8fabb82092105c3828154608ea067acbf2e5" />
		<rom name="v3.3j" size="32" crc="51eef657" sha1="eaedce5caf55624ad6ae706aedf82c5717c60f1f" />
		<rom name="v4.10d" size="32" crc="3b5836b4" sha1="b630bb277d9ec09d46ef26b944014dd6165b35d8" />
	</machine>
	<machine name="ds1001" isdevice="yes" runnable="no">
		<description>Yamaha DS1001 / Konami 053982</description>
		<rom name="ds1001_instruments.bin" size="144" crc="9d699efc" sha1="7adf1d77bab12c50ebfa9921774f9aea1e74dd7b" />
	</machine>
	<machine name="gotsndr1vt" isdevice="yes" runnable="no">
		<description>Gottlieb Sound rev. 1 with Votrax</description>
		<rom name="sc01a.bin" size="512" crc="fc416227" sha1="1d6da90b1807a01b5e186ef08476119a862b5e6d" />
	</machine>
	<machine name="konamigx" isbios="yes">
		<description>System GX</description>
		<year>1994</year>
		<manufacturer>Konami</manufacturer>
		<rom name="300a01.34k" size="131072" crc="d5fa95f5" sha1="c483aa98ff8ef40cdac359c19ad23fea5ecc1906" />
	</machine>
	<machine name="m68705p3" isdevice="yes" runnable="no">
		<description>Motorola MC68705P3</description>
		<rom name="bootstrap.bin" size="115" crc="696e1383" sha1="45104fe1dbd683d251ed2b9411b1f4befbb5aff4" />
	</machine>
	<machine name="m68705p5" isdevice="yes" runnable="no">
		<description>Motorola MC68705P5</description>
		<rom name="bootstrap.bin" size="115" crc="f70a8620" sha1="c154f78c23f10bb903a531cb19e99121d5f7c19c" />
	</machine>
	<machine name="m68705r3" isdevice="yes" runnable="no">
		<description>Motorola MC68705R3</description>
		<rom name="bootstrap.bin" size="120" crc="5946479b" sha1="834ea00aef5de12dbcd6421a6e21d5ea96cfbf37" />
	</machine>
	<machine name="m68705u3" isdevice="yes" runnable="no">
		<description>Motorola MC68705U3</description>
		<rom name="bootstrap.bin" size="120" crc="5946479b" sha1="834ea00aef5de12dbcd6421a6e21d5ea96cfbf37" />
	</machine>
	<machine name="midcsd" isdevice="yes" runnable="no">
		<description>Cheap Squeak Deluxe Sound Board</description>
		<rom name="0304-00803-0052.u15" size="74" crc="8b401aee" sha1="360f3f59877f0bc25b4154782a2011963dd80a52" />
	</machine>
	<machine name="midssio" isdevice="yes" runnable="no">
		<description>Midway SSIO Sound Board</description>
		<rom name="82s123.12d" size="32" crc="e1281ee9" sha1="9ac9b01d24affc0ee9227a4364c4fd8f8290343a" />
	</machine>
	<machine name="model1io" isdevice="yes" runnable="no">
		<description>Sega Model 1 I/O Board</description>
		<rom name="epr-14869.25" size="65536" crc="6187cd7a" sha1="b65fdd0ad31794a565a0ca4dc67a3f16b329fd71" />
		<rom name="epr-14869b.25" size="65536" crc="2d093304" sha1="af0fe245eb9fa3c3c60e4b685f1e779f83d894f9" />
		<rom name="epr-14869c.25" size="65536" crc="24b68e64" sha1="c19d044d4c2fe551474492aa51922587394dd371" />
	</machine>
	<machine name="namco50" isdevice="yes" runnable="no">
		<description>Namco 50xx</description>
		<rom name="50xx.bin" size="2048" crc="a0acbaf7" sha1="f03c79451e73b3a93c1591cdb27fedc9f130508d" />
	</machine>
	<machine name="namco51" isdevice="yes" runnable="no">
		<description>Namco 51xx</description>
		<rom name="51xx.bin" size="1024" crc="c2f57ef8" sha1="50de79e0d6a76bda95ffb02fcce369a79e6abfec" />
	</machine>
	<machine name="namco52" isdevice="yes" runnable="no">
		<description>Namco 52xx</description>
		<rom name="52xx.bin" size="1024" crc="3257d11e" sha1="4883b2fdbc99eb7b9906357fcc53915842c2c186" />
	</machine>
	<machine name="namco53" isdevice="yes" runnable="no">
		<description>Namco 53xx</description>
		<rom name="53xx.bin" size="1024" crc="b326fecb" sha1="758d8583d658e4f1df93184009d86c3eb8713899" />
	</machine>
	<machine name="namco54" isdevice="yes" runnable="no">
		<description>Namco 54xx</description>
		<rom name="54xx.bin" size="1024" crc="ee7357e0" sha1="01bdf984a49e8d0cc8761b2cc162fd6434d5afbe" />
	</machine>
	<machine name="namcoc65" isdevice="yes" runnable="no">
		<description>Namco C65 I/O</description>
		<rom name="sys2mcpu.bin" size="8192" crc="a342a97e" sha1="2c420d34dba21e409bf78ddca710fc7de65a6642" />
	</machine>
	<machine name="namcoc68" isdevice="yes" runnable="no">
		<description>Namco C68 I/O</description>
		<rom name="c68.bin" size="32768" crc="ca64550a" sha1="38d1ad1b1287cadef0c999aff9357927315f8e6b" />
	</machine>
	<machine name="namcoc69" isdevice="yes" runnable="no">
		<description>Namco C69 (M37702)</description>
		<rom name="c69.bin" size="16384" crc="349134d9" sha1="61a4981fc2716c228b6121fedcbf1ed6f34dc2de" />
	</machine>
	<machine name="namcoc70" isdevice="yes" runnable="no">
		<description>Namco C70 (M37702)</description>
		<rom name="c70.bin" size="16384" crc="b4015f23" sha1="7ce91eda76e86b5cab625e2b67c463b7d143832e" />
	</machine>
	<machine name="namcoc74" isdevice="yes" runnable="no">
		<description>Namco C74 (M37702)</description>
		<rom name="c74.bin" size="16384" crc="a3dce360" sha1="8f3248b1890abb2e649927240ae46f73bb171e3b" />
	</machine>
	<machine name="namcoc75" isdevice="yes" runnable="no">
		<description>Namco C75 (M37702)</description>
		<rom name="c75.bin" size="16384" crc="42f539a5" sha1="3103e5a0a2867620309fd4fe478a2be0effbeff8" />
	</machine>
	<machine name="namcoc76" isdevice="yes" runnable="no">
		<description>Namco C76 (M37702)</description>
		<rom name="c76.bin" size="16384" crc="399faac7" sha1="ceb184ef0486caf715dd997101999785f67a40b8" />
	</machine>
	<machine name="neogeo" isbios="yes">
		<description>Neo-Geo</description>
		<year>1990</year>
		<manufacturer>SNK</manufacturer>
		<rom name="000-lo.lo" size="131072" crc="5a86cff2" sha1="5992277debadeb64d1c1c64b0a92d9293eaf7e4a" />
		<rom name="japan-j3.bin" size="131072" crc="dff6d41f" sha1="e92910e20092577a4523a6b39d578a71d4de7085" />
		<rom name="sfix.sfix" size="131072" crc="c2ea0cfd" sha1="fd4a618cdcdbf849374f0a50dd8efe9dbab706c3" />
		<rom name="sm1.sm1" size="131072" crc="94416d67" sha1="42f9d7ddd6c0931fd64226a60dc73602b2819dcf" />
		<rom name="sp1-j3.bin" size="131072" crc="fbc6d469" sha1="46b2b409b5b68869e367b40c846373623edb632a" />
		<rom name="sp1-u2" size="131072" crc="62f021f4" sha1="62d372269e1b3161c64ae21123655a0a22ffd1bb" />
		<rom name="sp1-u3.bin" size="131072" crc="2025b7a2" sha1="73d774746196f377111cd7aa051cc8bb5dd948b3" />
		<rom name="sp1-u4.bin" size="131072" crc="1179a30f" sha1="866817f47aa84d903d0b819d61f6ef356893d16a" />
		<rom name="sp1.jipan.1024" size="131072" crc="9fb0abe4" sha1="18a987ce2229df79a8cf6a84f968f0e42ce4e59d" />
		<rom name="sp-1v1_3db8c.bin" size="131072" crc="162f0ebe" sha1="fe1c6dd3dfcf97d960065b1bb46c1e11cb7bf271" />
		<rom name="sp-45.sp1" size="524288" crc="03cc9f6a" sha1="cdf1f49e3ff2bac528c21ed28449cf35b7957dc1" />
		<rom name="sp-e.sp1" size="131072" crc="2723a5b5" sha1="5dbff7531cf04886cde3ef022fb5ca687573dcb8" />
		<rom name="sp-j2.sp1" size="131072" crc="acede59c" sha1="b6f97acd282fd7e94d9426078a90f059b5e9dd91" />
		<rom name="sp-j3.sp1" size="524288" crc="486cb450" sha1="52c21ea817928904b80745a8c8d15cbad61e1dc1" />
		<rom name="sp-s2.sp1" size="131072" crc="9036d879" sha1="4f5ed7105b7128794654ce82b51723e16e389543" />
		<rom name="sp-s3.sp1" size="131072" crc="91b64be3" sha1="720a3e20d26818632aedf2c2fd16c54f213543e1" />
		<rom name="sp-s.sp1" size="131072" crc="c7f2fa45" sha1="09576ff20b4d6b365e78e6a5698ea450262697cd" />
		<rom name="sp-u2.sp1" size="131072" crc="e72943de" sha1="5c6bba07d2ec8ac95776aa3511109f5e1e2e92eb" />
		<rom name="uni-bios_1_0.rom" size="131072" crc="0ce453a0" sha1="3b4c0cd26c176fc6b26c3a2f95143dd478f6abf9" />
		<rom name="uni-bios_1_1.rom" size="131072" crc="5dda0d84" sha1="4153d533c02926a2577e49c32657214781ff29b7" />
		<rom name="uni-bios_1_2.rom" size="131072" crc="4fa698e9" sha1="682e13ec1c42beaa2d04473967840c88fd52c75a" />
		<rom name="uni-bios_1_2o.rom" size="131072" crc="e19d3ce9" sha1="af88ef837f44a3af2d7144bb46a37c8512b67770" />
		<rom name="uni-bios_1_3.rom" size="131072" crc="b24b44a0" sha1="eca8851d30557b97c309a0d9f4a9d20e5b14af4e" />
		<rom name="uni-bios_2_0.rom" size="131072" crc="0c12c2ad" sha1="37bcd4d30f3892078b46841d895a6eff16dc921e" />
		<rom name="uni-bios_2_1.rom" size="131072" crc="8dabf76b" sha1="c23732c4491d966cf0373c65c83c7a4e88f0082c" />
		<rom name="uni-bios_2_2.rom" size="131072" crc="2d50996a" sha1="5241a4fb0c63b1a23fd1da8efa9c9a9bd3b4279c" />
		<rom name="uni-bios_2_3.rom" size="131072" crc="27664eb5" sha1="5b02900a3ccf3df168bdcfc98458136fd2b92ac0" />
		<rom name="uni-bios_2_3o.rom" size="131072" crc="601720ae" sha1="1b8a72c720cdb5ee3f1d735bbcf447b09204b8d9" />
		<rom name="uni-bios_3_0.rom" size="131072" crc="a97c89a9" sha1="97a5eff3b119062f10e31ad6f04fe4b90d366e7f" />
		<rom name="uni-bios_3_1.rom" size="131072" crc="0c58093f" sha1="29329a3448c2505e1ff45ffa75e61e9693165153" />
		<rom name="uni-bios_3_2.rom" size="131072" crc="a4e8b9b3" sha1="c92f18c3f1edda543d264ecd0ea915240e7c8258" />
		<rom name="uni-bios_3_3.rom" size="131072" crc="24858466" sha1="0ad92efb0c2338426635e0159d1f60b4473d0785" />
		<rom name="uni-bios_4_0.rom" size="131072" crc="a7aab458" sha1="938a0bda7d9a357240718c2cec319878d36b8f72" />
		<rom name="vs-bios.rom" size="131072" crc="f0e8f27d" sha1="ecf01eda815909f1facec62abf3594eaa8d11075" />
	</machine>
	<machine name="nmk004" isdevice="yes" runnable="no">
		<description>NMK004</description>
		<rom name="nmk004.bin" size="8192" crc="83b6f611" sha1="bb7ddc00affe8a066002ecd6858dbd2854af8940" />
	</machine>
	<machine name="pgm" isbios="yes">
		<description>PGM (Polygame Master) System BIOS</description>
		<year>1997</year>
		<manufacturer>IGS</manufacturer>
		<rom name="pgm_m01s.rom" size="2097152" crc="45ae7159" sha1="d3ed3ff3464557fd0df6b069b2e431528b0ebfa8" />
		<rom name="pgm_p01s.u20" size="131072" crc="e42b166e" sha1="2a9df9ec746b14b74fae48b1a438da14973702ea" />
		<rom name="pgm_p02s.u20" size="131072" crc="78c15fa2" sha1="885a6558e022602cc6f482ac9667ba9f61e75092" />
		<rom name="pgm_t01s.rom" size="2097152" crc="1a7123a0" sha1="cc567f577bfbf45427b54d6695b11b74f2578af3" />
	</machine>
	<machine name="playch10" isbios="yes">
		<description>PlayChoice-10 BIOS</description>
		<year>1986</year>
		<manufacturer>Nintendo of America</manufacturer>
		<rom name="pch1-c-6d.82s129an.6d" size="256" crc="1213ebd4" sha1="0ad386fc3eab5e53c0288ad1de33639a9e461b7c" />
		<rom name="pch1-c-6e.82s129an.6e" size="256" crc="a2625c6e" sha1="a448b47c9289902e26a3d3c4c7d5a7968c385e81" />
		<rom name="pch1-c-6f.82s129an.6f" size="256" crc="e5414ca3" sha1="d2878411cda84ffe0afb2e538a67457f51bebffb" />
		<rom name="pch1-c_8m.8m" size="8192" crc="83ebc7a3" sha1="a7c607138f4f9b96ab5d3a82c47895f77672e296" />
		<rom name="pch1-c_8p-8p" size="8192" crc="90e1b80c" sha1="c4f4b135b2a11743518aaa0554c365b4a8cf299a" />
		<rom name="pch1-c_8te.8t" size="16384" crc="123ffa37" sha1="3bef754a5a85a8498bb6222ddf5cb9021f264db5" />
		<rom name="pch1-c__8k.8k" size="8192" crc="9acffb30" sha1="b814f10ef23f2ca445fabafcbf7f25e2d454ba8c" />
		<rom name="pch1-c__8m_e-1.8m" size="8192" crc="c1232eee" sha1="beaf9fa2d091a3c7f70c51e966d885b1f9f0935f" />
		<rom name="pch1-c__8p_e-1.8p" size="8192" crc="30c15e23" sha1="69166afdb2fe827c7f1919cdf4197caccbd961fa" />
		<rom name="pch1-c__8t_e-1.8t" size="16384" crc="88a8f87e" sha1="d1d7ffe68d2e7aa2faf8ad41a7ec8421265ede42" />
		<rom name="pch1-c__8t_e-2.8t" size="16384" crc="d52fa07a" sha1="55cabf52ae10c050c2229081a80b9fe5454ab8c5" />
		<rom name="pck1-c.8t" size="16384" crc="503ee8b1" sha1="3bd20bc71cac742d1b8c1430a6426d0a19db7ad0" />
		<rom name="pck1-c_fix.8t" size="16384" crc="0be8ceb4" sha1="45b127a537370226e6b30be2b5a92ad05673ca7f" />
		<rom name="rp2c0x.pal" size="192" crc="48de65dc" sha1="d10acafc8da9ff479c270ec01180cca61efe62f5" />
	</machine>
	<machine name="pr8210" isdevice="yes" runnable="no">
		<description>Pioneer PR-8210</description>
		<rom name="pr-8210_mcu_ud6005a.bin" size="2048" crc="120fa83b" sha1="b514326ca1f52d6d89056868f9d17eabd4e3f31d" />
	</machine>
	<machine name="px320a" isdevice="yes" runnable="no">
		<description>PleXCombo PX-320A CD-RW/DVD-ROM Drive</description>
		<rom name="sap1032.bin" size="524288" crc="9ff1c729" sha1="6ed44bf8decaac2ee9127bdd66e0ff1fd52969c3" />
		<rom name="sapp102.bin" size="524288" crc="9f96bea4" sha1="5b70f32e83d8c19d2895d38d0f7e15f2eee326fd" />
		<rom name="sapp104.bin" size="524288" crc="7197425f" sha1="0b02508d668439a78ea8e3d97eddf5a3de6e2ba5" />
		<rom name="sapp105.bin" size="524288" crc="3755a053" sha1="fb966d506edb6e0a97ad64de3898ce9e75e22d7d" />
		<rom name="sapp106.bin" size="524288" crc="2ba54c7a" sha1="032cc5009fe84db902096ea2bb9dc2221601ab20" />
	</machine>
	<machine name="qsound_hle" isdevice="yes" runnable="no">
		<description>QSound (HLE)</description>
		<rom name="dl-1425.bin" size="24576" crc="d6cf5ef5" sha1="555f50fe5cdf127619da7d854c03f4a244a0c501" />
	</machine>
	<machine name="s_smp" isdevice="yes" runnable="no">
		<description>Nintendo/Sony S-SMP</description>
		<rom name="spc700.rom" size="64" crc="44bb3a40" sha1="97e352553e94242ae823547cd853eecda55c20f0" />
	</machine>
	<machine name="segabill" isdevice="yes" runnable="no">
		<description>Sega Billboard</description>
		<rom name="epr-18022.ic2" size="65536" crc="0ca70f80" sha1="edf5ade72d9fa2f4d5f83f9f89e6cecfadd77f56" />
	</machine>
	<machine name="simutrek" isdevice="yes" runnable="no">
		<description>Simutrek Modified PR-8210</description>
		<rom name="laser_player_interface_d8748_a308.bin" size="1024" crc="eed3e728" sha1="1eb3467f1c41553375b2c21952cd593b167f5416" />
		<rom name="pr-8210_mcu_ud6005a.bin" size="2048" crc="120fa83b" sha1="b514326ca1f52d6d89056868f9d17eabd4e3f31d" />
	</machine>
	<machine name="stvbios" isbios="yes">
		<description>ST-V Bios</description>
		<year>1996</year>
		<manufacturer>Sega</manufacturer>
		<rom name="epr-17740.ic8" size="524288" crc="5c5aa63d" sha1="06860d96923b81afbc21e0ad32ee19487d8ff6e7" />
		<rom name="epr-17740a.ic8" size="524288" crc="3e23c81f" sha1="f9b282fd27693e9891843597b2e1823da3d23c7b" />
		<rom name="epr-17741a.ic8" size="524288" crc="4166c663" sha1="cc41d30de06160083d77e0dc5d69e61fec7fdcb5" />
		<rom name="epr-17742a.ic8" size="524288" crc="02daf123" sha1="23185beb1ce9c09b8719e57d1adb7b28c8141fd5" />
		<rom name="epr-17951a.ic8" size="524288" crc="2672f9d8" sha1="63cf4a6432f6c87952f9cf3ab0f977aed2367303" />
		<rom name="epr-17952a.ic8" size="524288" crc="d1be2adf" sha1="eaf1c3e5d602e1139d2090a78d7e19f04f916794" />
		<rom name="epr-17953a.ic8" size="524288" crc="a4c47570" sha1="9efc73717ec8a13417e65c54344ded9fc25bf5ef" />
		<rom name="epr-17954a.ic8" size="524288" crc="f7722da3" sha1="af79cff317e5b57d49e463af16a9f616ed1eee08" />
		<rom name="epr-18022.ic2" size="65536" crc="0ca70f80" sha1="edf5ade72d9fa2f4d5f83f9f89e6cecfadd77f56" />
		<rom name="epr-19730.ic8" size="524288" crc="d0e0889d" sha1="fae53107c894e0c41c49e191dbe706c9cd6e50bd" />
		<rom name="epr-19854.ic8" size="524288" crc="e09d1f60" sha1="b55cdcb45b2a5b0b35e352cf7625f0bd659084df" />
		<rom name="epr-20091.ic8" size="524288" crc="59ed40f4" sha1="eff0f54c70bce05ff3a289bf30b1027e1c8cd117" />
		<rom name="stv110.bin" size="524288" crc="3dfeda92" sha1="8eb33192a57df5f3a1dfb57263054867c6b2db6d" />
		<rom name="stv1061.bin" size="524288" crc="728dbca3" sha1="0ed2030177f0aa8285645c395ae9ad9f568ab1d6" />
		<rom name="stvbios.nv" size="128" crc="15432ae2" sha1="7d9364d546f3d3f839ec36be148076f8d26a65a6" />
	</machine>
	<machine name="taito68705tiger" isdevice="yes" runnable="no">
		<description>Taito MC68705 MCU Interface (Tiger-Heli)</description>
		<rom name="bootstrap.bin" size="115" crc="f70a8620" sha1="c154f78c23f10bb903a531cb19e99121d5f7c19c" />
	</machine>
	<machine name="taito68705" isdevice="yes" runnable="no">
		<description>Taito MC68705 MCU Interface</description>
		<rom name="bootstrap.bin" size="115" crc="f70a8620" sha1="c154f78c23f10bb903a531cb19e99121d5f7c19c" />
	</machine>
	<machine name="taitosjsecmcu" isdevice="yes" runnable="no">
		<description>Taito SJ Security MCU Interface</description>
		<rom name="bootstrap.bin" size="115" crc="f70a8620" sha1="c154f78c23f10bb903a531cb19e99121d5f7c19c" />
	</machine>
	<machine name="tms32030" isdevice="yes" runnable="no">
		<description>Texas Instruments TMS320C30</description>
		<rom name="c30boot.bin" size="16384" crc="bddc2763" sha1="96b2170ecee5bec5abaa1741bb2d3b6096ecc262" status="baddump" />
	</machine>
	<machine name="tms32031" isdevice="yes" runnable="no">
		<description>Texas Instruments TMS320C31</description>
		<rom name="c31boot.bin" size="16384" crc="bddc2763" sha1="96b2170ecee5bec5abaa1741bb2d3b6096ecc262" status="baddump" />
	</machine>
	<machine name="tms32032" isdevice="yes" runnable="no">
		<description>Texas Instruments TMS320C32</description>
		<rom name="c32boot.bin" size="16384" crc="ecf84729" sha1="4d32ead450f921f563514b061ea561a222283616" status="baddump" />
	</machine>
	<machine name="tms32033" isdevice="yes" runnable="no">
		<description>Texas Instruments TMS320VC33</description>
		<rom name="c31boot.bin" size="16384" crc="bddc2763" sha1="96b2170ecee5bec5abaa1741bb2d3b6096ecc262" status="baddump" />
	</machine>
	<machine name="votrax" isdevice="yes" runnable="no">
		<description>Votrax SC-01</description>
		<rom name="sc01a.bin" size="512" crc="fc416227" sha1="1d6da90b1807a01b5e186ef08476119a862b5e6d" />
	</machine>
	<machine name="ym2413" isdevice="yes" runnable="no">
		<description>YM2413 OPLL</description>
		<rom name="ym2413_instruments.bin" size="144" crc="6f582d01" sha1="bb5537717e0b34849456b5ca7d405403dc3f8fda" />
	</machine>
	<machine name="ym2423" isdevice="yes" runnable="no">
		<description>YM2423 OPLL-X</description>
		<rom name="ym2423_instruments.bin" size="144" crc="cc51dd1b" sha1="59c51918f02891d6a0e917f7ebc27e42f7eadd15" />
	</machine>
	<machine name="ym2608" isdevice="yes" runnable="no">
		<description>YM2608 OPNA</description>
		<rom name="ym2608_adpcm_rom.bin" size="8192" crc="23c9e0d8" sha1="50b6c3e288eaa12ad275d4f323267bb72b0445df" />
	</machine>
	<machine name="ymf281" isdevice="yes" runnable="no">
		<description>YMF281 OPLLP</description>
		<rom name="ymf281_instruments.bin" size="144" crc="1c68abba" sha1="5242d7b9c677c48e156ba5753db1a73db627a1a9" />
	</machine>
</datafile>