<?xml version="1.0" encoding="utf-8"?>
<!DOCTYPE datafile PUBLIC "-//Logiqx//DTD ROM Management Datafile//EN" "http://www.logiqx.com/Dats/datafile.dtd">
<datafile>
	<header>
		<name>kpython2</name>
		<description>Python 2 upgrade DVD-ROM images</description>
		<version></version>
		<author></author>
	</header>
	<machine name="ddrsn2j">
		<description>Dance Dance Revolution SuperNOVA 2 Install Disk (JAA/AAA)</description>
		<year>2007</year>
		<publisher>Konami</publisher>
		<disk name="gdjjaa03" sha1="3ccf04f254df88b9aed8c1ef4214cd62a1927f97" />
	</machine>
	<machine name="ddrsn2u">
		<description>Dance Dance Revolution SuperNOVA 2 Install Disk (UAA)</description>
		<year>2007</year>
		<publisher>Konami</publisher>
		<disk name="gdjuaa03" sha1="67d93c426d60b042432440cb5ac076987f73dbf5" />
	</machine>
	<machine name="ddrsnu">
		<description>Dance Dance Revolution SuperNOVA Install Disk (UAA)</description>
		<year>2006</year>
		<publisher>Konami</publisher>
		<disk name="fdhuaa03" sha1="476bd58f4d68d2d14568d24d2d3ee1a67a04576d" />
	</machine>
	<machine name="drmnv2b">
		<description>DrumMania V2 Version 1.01 (JAA/AAA)</description>
		<year>2005</year>
		<publisher>Konami</publisher>
		<disk name="f02jab03" sha1="e925fc7439386f317749adf8100b56c4e2f8125d" />
	</machine>
	<machine name="drmnv2">
		<description>DrumMania V2 (JAA/AAA)</description>
		<year>2005</year>
		<publisher>Konami</publisher>
		<disk name="f02jaa03" sha1="f2d05ca3e1b6bedf528fe1b79cd180de319d90a1" />
	</machine>
	<machine name="drmnv3">
		<description>DrumMania V3 (JAA/AAA)</description>
		<year>2006</year>
		<publisher>Konami</publisher>
		<disk name="f32jaa03" sha1="c659710e70a74f15b2761d85a44c2f51f3a44e0f" />
	</machine>
	<machine name="dstagesn">
		<description>Dancing Stage SuperNOVA Install Disk (EAA)</description>
		<year>2006</year>
		<publisher>Konami</publisher>
		<disk name="fdheaa03" sha1="b2cb31716bf98b09cdef4dae99658b43e7e53dd5" />
	</machine>
	<machine name="gtrfrkv2b">
		<description>GuitarFreaks V2 Version 1.01 (JAA/AAA)</description>
		<year>2005</year>
		<publisher>Konami</publisher>
		<disk name="f03jab03" sha1="bf751781d64f561ce5e7b8a5be5974b299301c14" />
	</machine>
	<machine name="gtrfrkv2">
		<description>GuitarFreaks V2 (JAA/AAA)</description>
		<year>2005</year>
		<publisher>Konami</publisher>
		<disk name="f03jaa03" sha1="4efd2b6cc771ce2ccb3f266803f1c71e804f793f" />
	</machine>
	<machine name="gtrfrkv3">
		<description>GuitarFreaks V3 (JAA/AAA)</description>
		<year>2006</year>
		<publisher>Konami</publisher>
		<disk name="f33jaa03" sha1="58cd27f49dbdf9fd449adf1d8bc8ec99ea8f03e7" />
	</machine>
</datafile>