<?xml version="1.0" encoding="utf-8"?>
<!DOCTYPE datafile PUBLIC "-//Logiqx//DTD ROM Management Datafile//EN" "http://www.logiqx.com/Dats/datafile.dtd">
<datafile>
	<header>
		<name>megacd</name>
		<description>Sega Mega CD (Europe) CD-ROMs</description>
		<version></version>
		<author></author>
	</header>
	<machine name="aburner3">
		<description>After Burner III (Europe)</description>
		<year>1993</year>
		<publisher>Sega</publisher>
		<disk name="after burner iii (1993)(sega)(pal)" sha1="5fa571f5da4fd2924b14c4acdf4e07eef1858cab" />
	</machine>
	<machine name="advbatr">
		<description>The Adventures of Batman and Robin (Europe)</description>
		<year>1995</year>
		<publisher>Sega</publisher>
		<disk name="adventures of batman and robin, the (1995)(sega)(pal)" sha1="1a0d7f788806923d52516f25fc690084c85cde4a" />
	</machine>
	<machine name="animals">
		<description>The San Diego Zoo Presents The Animals! - A Multimedia Experience (Europe)</description>
		<year>1994</year>
		<publisher>Mindscape</publisher>
		<disk name="san diego zoo presents the animals, the - a multimedia experience (1994)(mindscape)(pal)" sha1="dfa9b5dacfdebfb6d09b4093fc17492a07452f30" />
	</machine>
	<machine name="batmanrn">
		<description>Batman Returns (Europe)</description>
		<year>1993</year>
		<publisher>Sega</publisher>
		<disk name="batman returns (europe)" sha1="55b308f7659ab8bb4a25f450c93032c6f20d74e7" />
		<disk name="batman returns (europe) (alt)" sha1="f555bac913565f8f2408df6e8016dad1641a88cf" />
	</machine>
	<machine name="bcracers">
		<description>BC Racers (Europe)</description>
		<year>1994</year>
		<publisher>Core Design</publisher>
		<disk name="bc racers (demo) (1994)(core)(pal)[mega power - issue 18]" sha1="549b8f6dd58c585ec015f4a85611c89d88312fb0" />
		<disk name="bc racers (demo) (1994)(core)(pal)[sega pro cd - issue 41]" sha1="5c86a8672b3a8cad1cb0ce6faa02574302b92279" />
		<disk name="bc racers (europe) (en,fr,de)" sha1="70846d7b219407714d2760345ecc9f819c4afbe3" />
	</machine>
	<machine name="beast2">
		<description>Shadow of the Beast II (Europe)</description>
		<year>19??</year>
		<publisher>Sega</publisher>
		<disk name="shadow of the beast ii (europe)" sha1="afdb5c237bbee870756142487c3bdc958256f7d4" />
	</machine>
	<machine name="billwlsh">
		<description>Bill Walsh College Football (Europe)</description>
		<year>1993</year>
		<publisher>Electronic Arts</publisher>
		<disk name="bill walsh college football (1993)(ea sports)(pal)" sha1="6f88485287bb9b42ac935afc38d0b0c1472b1500" />
	</machine>
	<machine name="blackh">
		<description>Blackhole Assault (Europe)</description>
		<year>1993</year>
		<publisher>Sega</publisher>
		<disk name="blackhole assault (europe)" sha1="398803262717642a8aab1676933d5e41f3136fee" />
	</machine>
	<machine name="bloodsht">
		<description>Bloodshot (Europe)</description>
		<year>1994</year>
		<publisher>Domark</publisher>
		<disk name="bloodshot (1995)(acclaim)(pal)(m4)[aka battle frenzy]" sha1="cdebd573c3bd6c4cfc1f0b007cd7d449e203b915" />
	</machine>
	<machine name="brutal">
		<description>Brutal - Paws of Fury (Europe)</description>
		<year>1994</year>
		<publisher>GameTek</publisher>
		<disk name="brutal - paws of fury (1994)(gametek)(pal)(m3)" sha1="5106898fb8513617eb64e6da5a1f9ba6ad036ce3" />
	</machine>
	<machine name="btlcorps">
		<description>Battlecorps (Europe)</description>
		<year>1994</year>
		<publisher>Core Design</publisher>
		<disk name="battlecorps (demo) (1994)(core)(pal)[mega power - issue 11, sega pro cd - issue 50]" sha1="215c9386ed3d5813b1d03fcc8f64305b9a69f9e4" />
		<disk name="battlecorps (europe) (en,fr,de,es)" sha1="1e648d7aec08b46b362cdd9f34a0fff4c7061e94" />
		<disk name="battlecorps and soulstar (demo) (1994)(core)(pal)[mega power - issue 14]" sha1="bb6ff8c357af08f9da3ff99fafa000f77310200e" />
	</machine>
	<machine name="ccmusic">
		<description>Power Factory featuring C+C Music Factory (Europe)</description>
		<year>1993</year>
		<publisher>Sony Imagesoft</publisher>
		<disk name="power factory featuring c+c music factory (1993)(sony imagesoft)(pal)" sha1="633b3cf0e374f873060138f95919b238be87b6cf" />
	</machine>
	<machine name="chuckrck">
		<description>Chuck Rock (Europe)</description>
		<year>1993</year>
		<publisher>Sony Imagesoft</publisher>
		<disk name="chuck rock (1993)(sony imagesoft)(pal)" sha1="8303768b64ea14e99b424fab0b583fdc8dc03e48" />
	</machine>
	<machine name="chukrck2">
		<description>Chuck Rock II - Son of Chuck (Europe)</description>
		<year>1993</year>
		<publisher>Core Design</publisher>
		<disk name="chuck rock ii - son of chuck (1993)(core)(pal)" sha1="56cb62d98ca55005f20e8ec6d4aef6ff2431ca6c" />
	</machine>
	<machine name="cobra">
		<description>The Space Adventure - Cobra: The Legendary Bandit (Europe)</description>
		<year>1995</year>
		<publisher>Hudson Soft</publisher>
		<disk name="space adventure, the - cobra - the legendary bandit (europe)" sha1="c71b0e00967f6f8cbaf04320597ee352eea9d801" />
	</machine>
	<machine name="cobracom">
		<description>Cobra Command (Europe)</description>
		<year>1993</year>
		<publisher>Sega</publisher>
		<disk name="cobra command (1993)(sega)(pal)[mk-4402p-00032-r1m]" sha1="4f439e01d4d9827cabb1f730271e60293476fd5a" />
		<disk name="cobra command (1993)(sega)(pal)[mk-4402p-00032 2]" sha1="a24ad79b1d0b7acfabe7bbc43fd8e39aaebec7d2" />
		<disk name="cobra command (europe)" sha1="ada1606091cdd644bbc05cf2bf00bc22fcd7535f" />
	</machine>
	<machine name="corpse">
		<description>Corpse Killer (Europe)</description>
		<year>1994</year>
		<publisher>Digital Pictures</publisher>
		<disk name="corpse killer (europe)" sha1="dabe064bf2cc0a43dd162d3cf2da09af53f2515f" />
	</machine>
	<machine name="dblswtch">
		<description>Double Switch (Europe)</description>
		<year>1994</year>
		<publisher>Sega</publisher>
		<disk name="double switch (1994)(sega)(pal)" sha1="49f4901db49b1a082429dcbbec549008de0e08bd" />
	</machine>
	<machine name="dlair">
		<description>Dragon's Lair (Europe)</description>
		<year>1994</year>
		<publisher>Sega</publisher>
		<disk name="dragon's lair (1994)(sega)(pal)(m4)" sha1="ff48182d2d39db89ba2e26342eded6f7818acc56" />
	</machine>
	<machine name="dmaster2">
		<description>Dungeon Master II - Skullkeep v1.0 (Europe)</description>
		<year>1994</year>
		<publisher>JVC</publisher>
		<disk name="dungeon master ii - skullkeep v1.0 (1994)(jvc)(pal)" sha1="47f1c0f797128c95b13fd3bb98d455f16b97f721" />
	</machine>
	<machine name="dracunl">
		<description>Dracula Unleashed (Europe)</description>
		<year>1994</year>
		<publisher>Sega</publisher>
		<disk name="dracula unleashed (europe) (disc 1)" sha1="6080b9f81aefa5dfe7d1cdd6e2b467ca67d254a3" />
		<disk name="dracula unleashed (europe) (disc 2)" sha1="a52630cea25c0660f695d1f30566adeede946226" />
	</machine>
	<machine name="dune">
		<description>Dune (Europe)</description>
		<year>1993</year>
		<publisher>Virgin Interactive</publisher>
		<disk name="dune (europe) (en,fr,de,es,it,ar)" sha1="50a9cec0b1bcd0b240837032b3f2d0547dd5b4b2" />
	</machine>
	<machine name="dungexpl">
		<description>Dungeon Explorer (Europe)</description>
		<year>1995</year>
		<publisher>Hudson Soft</publisher>
		<disk name="dungeon explorer (1994)(hudson)(pal)" sha1="c2ea7b6f65ac2e8e9febcdb99894442a21baf9cd" />
	</machine>
	<machine name="ecco2">
		<description>Ecco - The Tides of Time (Europe)</description>
		<year>1994</year>
		<publisher>Sega</publisher>
		<disk name="ecco - the tides of time (europe) (en,fr,de,es)" sha1="6eb9d229b1425bed9e7657d11649f32523012346" />
	</machine>
	<machine name="ecco">
		<description>Ecco the Dolphin (Europe)</description>
		<year>1993</year>
		<publisher>Sega</publisher>
		<disk name="ecco the dolphin (1993)(sega)(pal)[i-2647 a]" sha1="963e35f70becc35a8d5bf0edf3424a2552e9efd1" />
		<disk name="ecco the dolphin (1993)(sega)(pal)[mk-4408p-00135 1]" sha1="21819efcb7698eb4614ec78ac71cebcf5b36e865" />
		<disk name="ecco the dolphin (europe)" sha1="30aec664151e134514fc71de0686c68f88094274" />
	</machine>
	<machine name="ejimse">
		<description>Earthworm Jim - Special Edition (Europe)</description>
		<year>1994</year>
		<publisher>Interplay</publisher>
		<disk name="earthworm jim - special edition (europe)" sha1="8b6e9751f9ea0308ce9b1f31bde1139fac9c5943" />
	</machine>
	<machine name="espnbb">
		<description>ESPN Baseball Tonight (Europe)</description>
		<year>1994</year>
		<publisher>Sony Imagesoft</publisher>
		<disk name="espn baseball tonight (europe)" sha1="7cc9125369e1743239573a1b297e00106dade115" />
	</machine>
	<machine name="eternalc">
		<description>Eternal Champions - Challenge From the Dark Side (Europe)</description>
		<year>1995</year>
		<publisher>Sega</publisher>
		<disk name="eternal champions - challenge from the dark side (1995)(sega)(pal)" sha1="aa82f7dba68dccf54df449f4854708bb992c3d3b" />
	</machine>
	<machine name="eyebehol">
		<description>Eye of the Beholder (Europe)</description>
		<year>1994</year>
		<publisher>Sega</publisher>
		<disk name="eye of the beholder (1994)(sega)(pal)" sha1="f7402a865ec80e91c8d93b1ec1f12a09c7ef75c2" />
	</machine>
	<machine name="f1btl">
		<description>Formula One World Championship - Beyond the Limit (Europe)</description>
		<year>1994</year>
		<publisher>Sega</publisher>
		<disk name="formula one world championship - beyond the limit (1994)(sega sports)(pal)" sha1="d38bda3528feadf34eb8137f5376041be2fbb4c3" />
	</machine>
	<machine name="fahrenhe">
		<description>Fahrenheit (Europe)</description>
		<year>1995</year>
		<publisher>Sega</publisher>
		<disk name="fahrenheit (1995)(sega)(pal)(fr)" sha1="81434d46c3343a9d74b45945f1f6e5ba2808d5b1" />
		<disk name="fahrenheit (europe)" sha1="8b4b33f46aa6d6a7656763fca7414cccc140918f" />
	</machine>
	<machine name="fatfursp">
		<description>Fatal Fury Special (Europe)</description>
		<year>1995</year>
		<publisher>JVC</publisher>
		<disk name="fatal fury special (1995)(jvc)(pal)" sha1="3af12d311585958f319a761ee85dc9e44de14516" />
		<disk name="fatal fury special (demo) (1995)(jvc)(pal)[sega pro cd - issue 46]" sha1="9f4b37da5458411e9cd45a291c689d623aaaa0a9" />
	</machine>
	<machine name="ffightcd">
		<description>Final Fight CD (Europe)</description>
		<year>1993</year>
		<publisher>Sega</publisher>
		<disk name="final fight cd (europe)" sha1="bc70692b148144ae27b2e89072d2f8b77f48ce8c" />
	</machine>
	<machine name="fifa">
		<description>FIFA International Soccer - Championship Edition (Europe)</description>
		<year>1994</year>
		<publisher>Electronic Arts</publisher>
		<disk name="fifa international soccer - ce (demo) (1994)(ea sports)(pal)(m4)[mega power - issue 13]" sha1="2519ddf7884e1089f2c420d1fa09d191e560185e" />
		<disk name="fifa international soccer - ce (demo) (1994)(ea sports)(pal)(m4)[sega pro cd - issue 43]" sha1="ed61ceb382c71acfd078d715bceeb1e6e9c48b4a" />
		<disk name="fifa international soccer - championship edition (1994)(ea sports)(pal)(m4)" sha1="d8418273a99fe31ae2b98de33284574713653283" />
	</machine>
	<machine name="flashbd">
		<description>Flashback - The Quest for Identity (Europe, demo) [Sega Pro CD - issue 42]</description>
		<year>1994</year>
		<publisher>U.S. Gold</publisher>
		<disk name="flashback - the quest for identity (demo) (1994)(u.s. gold)(pal)[sega pro cd - issue 42]" sha1="07ac9c80063e64f662387c32a08839b1699b4bc2" />
	</machine>
	<machine name="flink">
		<description>Flink (Europe)</description>
		<year>1994</year>
		<publisher>Psygnosis ~ Sony Electronic Publishing</publisher>
		<disk name="flink (1994)(psygnosis - sony electronic publishing)(pal)(m5)" sha1="69b997d3d4c7db25dc7f9f3558432bdfe884a0a1" />
	</machine>
	<machine name="gztexas">
		<description>Ground Zero Texas (Europe)</description>
		<year>1993</year>
		<publisher>Sony Imagesoft</publisher>
		<disk name="ground zero texas (europe) (disc 1)" sha1="499cbb316915b5c006277f5591eff36dacbb7f52" />
		<disk name="ground zero texas (europe) (disc 2)" sha1="4eefbaabeb7cc4c1ced4dcbc1722e5c5330a3759" />
	</machine>
	<machine name="holmes2">
		<description>Sherlock Holmes - Consulting Detective Vol. II v1.0 (Europe)</description>
		<year>1993</year>
		<publisher>Sega</publisher>
		<disk name="sherlock holmes - consulting detective vol. ii v1.0 (1993)(sega)(pal)(disc 1 of 2)" sha1="32652ec4dfa7b98473717197a8dac140bbca11f3" />
		<disk name="sherlock holmes - consulting detective vol. ii v1.0 (1993)(sega)(pal)(disc 2 of 2)" sha1="4fdb895abac8a886545e36c9cd6884e15484157a" />
	</machine>
	<machine name="holmes">
		<description>Sherlock Holmes - Consulting Detective Vol. I (Europe)</description>
		<year>1993</year>
		<publisher>Sega</publisher>
		<disk name="sherlock holmes - consulting detective vol. i (europe)" sha1="c8748f146a49aa8c7692d66a85aaed324f88210c" />
	</machine>
	<machine name="hook">
		<description>Hook (Europe)</description>
		<year>1993</year>
		<publisher>Sony Imagesoft</publisher>
		<disk name="hook (1993)(sony imagesoft)(pal)" sha1="7ec6fb82585e10d508889239194849c9af634836" />
	</machine>
	<machine name="inxs">
		<description>INXS (Europe)</description>
		<year>1993</year>
		<publisher>Sega</publisher>
		<disk name="inxs (1993)(sega)(pal)" sha1="03041b120af6e7b3373635dce400af7224b884eb" />
	</machine>
	<machine name="jagxj220">
		<description>Jaguar XJ220 (Europe)</description>
		<year>1993</year>
		<publisher>Sega</publisher>
		<disk name="jaguar xj220 (europe) (en,ja)" sha1="41435c07da25ab9d0bff3aa67712cf8e5bf91c81" />
	</machine>
	<machine name="jpark">
		<description>Jurassic Park (Europe)</description>
		<year>1993</year>
		<publisher>Sega</publisher>
		<disk name="jurassic park (1994)(sega)(pal)(de)" sha1="0aecc93bea8e7cbd91283458c98fc32b5b157432" />
		<disk name="jurassic park (europe)" sha1="5d6e495dc16938bad7f0b53a77c1b35a8a1dbfd5" />
	</machine>
	<machine name="keio">
		<description>Keio Flying Squadron (Europe)</description>
		<year>1994</year>
		<publisher>JVC</publisher>
		<disk name="keio flying squadron (1994)(jvc)(pal)" sha1="a78e98c28db0219944b405f1cb2e962918afb185" />
		<disk name="keio flying squadron (demo) (1994)(jvc)(pal)[sega pro cd - issue 03]" sha1="7467445bd9eeaefcada4497e086128434ac3fd3b" />
	</machine>
	<machine name="kidssite">
		<description>Kids on Site (Europe)</description>
		<year>1994</year>
		<publisher>Digital Pictures</publisher>
		<disk name="kids on site (1994)(digital pictures)(pal)" sha1="20d0a304c5fe444deb68212350b7f1e6cd1b3298" />
	</machine>
	<machine name="kriskros">
		<description>Kris Kross (Europe)</description>
		<year>1993</year>
		<publisher>Sony Imagesoft</publisher>
		<disk name="kris kross (1993)(sony imagesoft)(pal)" sha1="1afb701b4ec323b48762209b10d50318de7c0b59" />
	</machine>
	<machine name="lawnmowr">
		<description>The Lawnmower Man (Europe, demo) [Mega Power - issue 16]</description>
		<year>1994</year>
		<publisher>Time Warner Interactive</publisher>
		<disk name="lawnmower man, the (demo) (1994)(time warner interactive)(pal)[mega power - issue 16]" sha1="2ea4ac590d5259fc0811833bb7d0253fed89da46" />
	</machine>
	<machine name="le2">
		<description>Lethal Enforcers II - Gun Fighters (Europe)</description>
		<year>1994</year>
		<publisher>Konami</publisher>
		<disk name="lethal enforcers ii - gun fighters (demo) (1994)(konami)(pal)[mega power - issue 19]" sha1="9e66699e88d9de75c70c5bde50e8cd97050d03f5" />
		<disk name="lethal enforcers ii - gun fighters (europe)" sha1="e2e9d2555ed76026fecc127337abd073fa3206e0" />
	</machine>
	<machine name="lethalen">
		<description>Lethal Enforcers (Europe)</description>
		<year>1993</year>
		<publisher>Konami</publisher>
		<disk name="lethal enforcers (1993)(konami)(pal)" sha1="5d697aae65641146fff729ac157cdd792b79cd39" />
	</machine>
	<machine name="lordthun">
		<description>Lords of Thunder (Europe)</description>
		<year>1995</year>
		<publisher>Hudson Soft</publisher>
		<disk name="lords of thunder (1995)(virgin)(pal)" sha1="39f971ef22f5c580bfb15e5ec5bd3335d7bb72de" />
	</machine>
	<machine name="marko">
		<description>Marko's Magic Football (Europe)</description>
		<year>1994</year>
		<publisher>Domark</publisher>
		<disk name="marko's magic football (1994)(domark)(pal)(m4)" sha1="df33c08436e1b5c5a09604c29c1bed6fab7176b4" />
	</machine>
	<machine name="microcos">
		<description>Microcosm (Europe) [T-113015-50 14]</description>
		<year>1993</year>
		<publisher>Psygnosis</publisher>
		<disk name="microcosm (1993)(psygnosis)(pal)[t-113015-50 14]" sha1="2b9ebf7221f6385bf7b3c05969d7eabad28375ec" />
		<disk name="microcosm (1993)(psygnosis)(pal)[t-113015-50 24]" sha1="259f8c1870cd2b8ff4b2028259c302c275cdc129" />
	</machine>
	<machine name="midnight">
		<description>Midnight Raiders (Europe)</description>
		<year>1995</year>
		<publisher>Sega</publisher>
		<disk name="midnight raiders (1995)(sega)(pal)" sha1="2a69b58af5c653d780e4adaeab15c0c762f15559" />
	</machine>
	<machine name="mk">
		<description>Mortal Kombat (Europe)</description>
		<year>1994</year>
		<publisher>Arena</publisher>
		<disk name="mortal kombat (europe)" sha1="6d5b3ec89f993737ff0febbb4ee49fbbca151bdc" />
	</machine>
	<machine name="mmania">
		<description>Mickey Mania (Europe)</description>
		<year>1994</year>
		<publisher>Sony Imagesoft</publisher>
		<disk name="mickey mania (demo) (1994)(disney software - sony imagesoft)(pal)[megasega]" sha1="7883b3815621057c28f7ba3eb72a6af6c503aeaf" />
		<disk name="mickey mania (demo) (1994)(pal)[mega power - issue 17, sega pro cd - issue 40]" sha1="ca60d28874c383a7ce6f9c4dcac433c55cbc83dd" />
		<disk name="mickey mania (europe)" sha1="d2f59f10d53cb71ccd1622c81d12c12c431ac710" />
	</machine>
	<machine name="mmpr">
		<description>Mighty Morphin Power Rangers (Europe)</description>
		<year>1994</year>
		<publisher>Sega</publisher>
		<disk name="mighty morphin power rangers (1994)(sega)(pal)" sha1="4f0830e15a95d5970654465d64cc61ad9f3ae00a" />
	</machine>
	<machine name="mystmans">
		<description>Yumemi Mystery Mansion (Europe)</description>
		<year>1994</year>
		<publisher>Sega</publisher>
		<disk name="yumemi mystery mansion (1994)(sega)(pal)" sha1="8d90ba27fc3ac10f37d55701e2ec0b1119b5cace" />
	</machine>
	<machine name="nbajam">
		<description>NBA Jam (Europe)</description>
		<year>1994</year>
		<publisher>Acclaim Entertainment</publisher>
		<disk name="nba jam (europe)" sha1="f837d3aff74dbc304b8714365a5abe562c448211" />
	</machine>
	<machine name="nhl94">
		<description>NHL Hockey '94 (Europe)</description>
		<year>1994</year>
		<publisher>Electronic Arts</publisher>
		<disk name="nhl hockey '94 (1994)(ea sports)(pal)" sha1="157ea7d3e8a6aa2ff9f09ce944e65a665b971d6b" />
	</machine>
	<machine name="novastm">
		<description>Novastorm (Europe)</description>
		<year>1994</year>
		<publisher>Psygnosis ~ Sony Electronic Publishing</publisher>
		<disk name="novastorm (1994)(psygnosis - sony electronic publishing)(pal)" sha1="23dcf599c7a33db8f107f6902045451e3587c274" />
		<disk name="novastorm (demo) (1994)(psygnosis - sony electronic publishing)(pal)[sega pro cd - issue 02]" sha1="3ac887d17dc09355679b1c91c3cd9bc91031af11" />
	</machine>
	<machine name="ntrap">
		<description>Night Trap (Europe)</description>
		<year>1993</year>
		<publisher>Sega</publisher>
		<disk name="night trap (1993)(sega)(pal)(fr)(disc 1 of 2)" sha1="4984af4f9b61eba49a05f9328c65b147afc40448" />
		<disk name="night trap (1993)(sega)(pal)(fr)(disc 2 of 2)" sha1="5d2ddb7294265a266fa4d4307d98e2180c9db83c" />
		<disk name="night trap (1995)(digital pictures)(pal)(disc 1 of 2)[32x]" sha1="09e06b0114f9239c6c9a0e488e26c8b9547febe7" />
		<disk name="night trap (1995)(digital pictures)(pal)(disc 2 of 2)[32x]" sha1="c77726a32262a5b83f97fa735754d57240ed64c1" />
		<disk name="night trap (europe) (disc 1)" sha1="a37dfcb50ba5ee52871a0ebc0a73350daab26747" />
		<disk name="night trap (europe) (disc 2)" sha1="206bcdea91e03fc684b8d7fa10c3dce8152468da" />
	</machine>
	<machine name="pitfall">
		<description>Pitfall - The Mayan Adventure (Europe)</description>
		<year>1994</year>
		<publisher>Activision</publisher>
		<disk name="pitfall - the mayan adventure (1994)(activision)(pal)" sha1="ce9c67b798545c2db4766532c388b3ccc5de1497" />
		<disk name="pitfall - the mayan adventure (demo) (1994)(activision)(pal)[sega pro cd - issue 41]" sha1="eaa3bb1b4090579195abea3fe3292127994b3d8d" />
	</machine>
	<machine name="pmonger">
		<description>Power Monger (Europe)</description>
		<year>1994</year>
		<publisher>Electronic Arts</publisher>
		<disk name="powermonger (1994)(bullfrog - electronic arts)(pal)" sha1="a92c4585621d5e611f2c3ffff892d6408827635c" />
	</machine>
	<machine name="ppersia">
		<description>Prince of Persia (Europe)</description>
		<year>1993</year>
		<publisher>Sega</publisher>
		<disk name="prince of persia (europe)" sha1="701b6b57b2cc1a3409260255123a531ce4aada62" />
	</machine>
	<machine name="prizefig">
		<description>Prize Fighter (Europe)</description>
		<year>1993</year>
		<publisher>Sega</publisher>
		<disk name="prize fighter (1993)(sega)(pal)(disc 1 of 2)" sha1="8d6506c06c66a16ec3c3788feff1b503a911dc95" />
		<disk name="prize fighter (1993)(sega)(pal)(disc 2 of 2)" sha1="cd6bdad994bf0025b8cb0b5feb578d2d55dcf95e" />
	</machine>
	<machine name="psygnosd">
		<description>Microcosm, Puggsy and Wiz 'N' Liz (Europe, demo) [Mega Power - issue 06]</description>
		<year>1994</year>
		<publisher>Psygnosis</publisher>
		<disk name="microcosm, puggsy and wiz 'n' liz (demo) (1994)(psygnosis)(pal)[mega power - issue 06]" sha1="d85cf8e337769c6ff136ed03f702649cf04d1bfc" />
	</machine>
	<machine name="puggsy">
		<description>Puggsy (Europe)</description>
		<year>1993</year>
		<publisher>Psygnosis</publisher>
		<disk name="puggsy (1993)(psygnosis)(pal)" sha1="d5c547342594daf5b6013d4276bd74e8ebff4615" />
	</machine>
	<machine name="ragecage">
		<description>WWF Rage in the Cage (Europe)</description>
		<year>1993</year>
		<publisher>Arena</publisher>
		<disk name="wwf rage in the cage (1993)(arena)(pal)" sha1="4b5d8b895bce7460e0e21c7dc4d08fa593f9b350" />
	</machine>
	<machine name="roadaven">
		<description>Road Avenger (Europe)</description>
		<year>1993</year>
		<publisher>Sega</publisher>
		<disk name="road avenger (europe)" sha1="6e5d48a8654138d246a500810826126d0b9884ef" />
	</machine>
	<machine name="roboales">
		<description>Robo Aleste (Europe)</description>
		<year>1993</year>
		<publisher>Sega</publisher>
		<disk name="robo aleste (1993)(sega)(pal)" sha1="3d3f0aa156340474e5452fe43642331f578fe51f" />
	</machine>
	<machine name="samsho">
		<description>Samurai Shodown (Europe)</description>
		<year>1995</year>
		<publisher>JVC</publisher>
		<disk name="samurai shodown (1995)(jvc)(pal)" sha1="9e65dfaaf10a748790c755991981fdd18da56dbb" />
		<disk name="samurai shodown (demo) (1995)(jvc)(pal)[sega pro cd - issue 47]" sha1="e8d28faa60c2a7d05fac86ae484b9fd91910aefd" />
	</machine>
	<machine name="segaac">
		<description>Sega Classics Arcade Collection - Limited Edition (Europe) [6105411P-00036A-R1M]</description>
		<year>1992</year>
		<publisher>Sega</publisher>
		<disk name="sega classics arcade collection (europe)" sha1="a5a715cecd3209fc125abd200746721bdc40856a" />
		<disk name="sega classics arcade collection - limited edition (1993)(sega)(pal)[compilation][610-5411p-00036a 2]" sha1="8ff8cd77cb561454096993135cdf8fdc675b1871" />
	</machine>
	<machine name="sensible">
		<description>Sensible Soccer (Europe)</description>
		<year>1993</year>
		<publisher>Sony Imagesoft</publisher>
		<disk name="sensible soccer (1993)(sony imagesoft)(pal)(m4)" sha1="702f56129dd6c2b0730c8cb776f0b549fbe2b229" />
		<disk name="sensible soccer v1.08 (demo) (1993)(pal)(m4)[mega power - issue 12, sega pro cd - issue 44]" sha1="e33f26947d570cd03a05b6dade41d61956d12716" />
	</machine>
	<machine name="shinfrce">
		<description>Shining Force CD (Europe)</description>
		<year>1995</year>
		<publisher>Sega</publisher>
		<disk name="shining force cd (1995)(sega)(pal)" sha1="671d0cf0cbe2032dd8f5046def997ef842476210" />
	</machine>
	<machine name="silpheed">
		<description>Silpheed (Europe)</description>
		<year>1993</year>
		<publisher>Sega</publisher>
		<disk name="silpheed (europe)" sha1="f5e58c0216adae49575fc6ff3e30843e9437d592" />
	</machine>
	<machine name="slamcity">
		<description>Slam City with Scottie Pippen (Europe)</description>
		<year>1994</year>
		<publisher>Digital Pictures</publisher>
		<disk name="slam city with scottie pippen (1994)(digital pictures)(pal)(disc 1 of 4)[fingers]" sha1="5bd17a69bed5e3d8dfad25827b3a3ef4c7e0158e" />
		<disk name="slam city with scottie pippen (1994)(digital pictures)(pal)(disc 1 of 4)[fingers][32x]" sha1="39ff006d5f18286a31b1b40e9a7af1a9a56094e6" />
		<disk name="slam city with scottie pippen (1994)(digital pictures)(pal)(disc 2 of 4)[juice]" sha1="3e21496ee6e41d63cdc3ee754c7818cdbc90e139" />
		<disk name="slam city with scottie pippen (1994)(digital pictures)(pal)(disc 2 of 4)[juice][32x]" sha1="a39cdc7e9ed6c7f73dd532e5c13875f4952cb763" />
		<disk name="slam city with scottie pippen (1994)(digital pictures)(pal)(disc 3 of 4)[mad dog]" sha1="acef220d97e12a5c168d85df822506c6fa5dc7d0" />
		<disk name="slam city with scottie pippen (1994)(digital pictures)(pal)(disc 3 of 4)[mad dog][32x]" sha1="5a13f33a5072a233c5a437454d5c348b67e00d1e" />
		<disk name="slam city with scottie pippen (1994)(digital pictures)(pal)(disc 4 of 4)[smash]" sha1="d464bc0a67b28ca1496e531e32c9a21a52a6c573" />
		<disk name="slam city with scottie pippen (1994)(digital pictures)(pal)(disc 4 of 4)[smash][32x]" sha1="6e6e4ee89c8365a38d94140ef8e4d3e72df7c3fe" />
		<disk name="slam city with scottie pippen (demo) (1994)(digital pictures)(pal)[fingers]" sha1="e546799ae3cd710b950010b66a6f66cb9c4b03cf" />
		<disk name="slam city with scottie pippen (europe) (disc 1)" sha1="6dbbbac0e2a17b7a453132b4e2387d8fd71328bd" />
		<disk name="slam city with scottie pippen (europe) (disc 2)" sha1="e2991e6762f7de02d8e0654f6a7b515374089121" />
	</machine>
	<machine name="smurfs">
		<description>The Smurfs (Europe)</description>
		<year>1994</year>
		<publisher>Infogrames</publisher>
		<disk name="smurfs, the (europe) (en,fr,de,es,it)" sha1="ada0f992b04984aa20da0336e5e4ddf435c7c8f6" />
	</machine>
	<machine name="snatcher">
		<description>Snatcher (Europe)</description>
		<year>1994</year>
		<publisher>Konami</publisher>
		<disk name="snatcher (1994)(konami)(pal)" sha1="3d1e2444af744f8c37ca048d7206ea152c7a8264" />
	</machine>
	<machine name="solfeace">
		<description>Sol-Feace (Europe)</description>
		<year>1992</year>
		<publisher>Sega</publisher>
		<disk name="sol-feace (1993)(sega)(pal)[mk-4130p-00033-r1m]" sha1="cc28ad9a944fc808141546d69dcb8e7b3f754dd3" />
		<disk name="sol-feace (1993)(sega)(pal)[mk-4130p-00033 2]" sha1="6fa54dd518e6e5d8db870ce0bdbf88457868ffb7" />
		<disk name="sol-feace (europe)" sha1="63994895abe2c84c4a3a8e95779d72f06369943b" />
	</machine>
	<machine name="soniccd">
		<description>Sonic CD (Europe)</description>
		<year>1993</year>
		<publisher>Sega</publisher>
		<disk name="sonic cd (europe)" sha1="a7e16fdc30c2d0ef6ceb78ab2bda3a220a4a8316" />
	</machine>
	<machine name="soulstar">
		<description>SoulStar (Europe)</description>
		<year>1994</year>
		<publisher>Sega</publisher>
		<disk name="soulstar (demo) (1994)(core)(pal)[mega power - issue 10, sega pro cd - issue 49]" sha1="8c5506ad2b1384a2c6eda453f72d0e29801cec00" />
		<disk name="soulstar (europe) (en,fr,de)" sha1="f4b22f514e8e324e8488e9c79d5afe1d87d462b1" />
	</machine>
	<machine name="spidking">
		<description>The Amazing Spider-Man Vs. The Kingpin (Europe)</description>
		<year>1993</year>
		<publisher>Sega</publisher>
		<disk name="amazing spider-man vs. the kingpin, the (europe)" sha1="1e8feaeed3d77290796b33a87ff3ad40fb5e330f" />
	</machine>
	<machine name="sshark">
		<description>Sewer Shark (Europe)</description>
		<year>1992</year>
		<publisher>Sony Imagesoft</publisher>
		<disk name="sewer shark (europe)" sha1="158fbd44790f66c5ed7af626876a62f1c7c20934" />
	</machine>
	<machine name="starblad">
		<description>StarBlade (Europe)</description>
		<year>1994</year>
		<publisher>Sega</publisher>
		<disk name="starblade (1994)(sega)(pal)" sha1="44b1586880a3a4dc99fdb24c1b6372523228df13" />
	</machine>
	<machine name="supremew">
		<description>Supreme Warrior - Ying Heung (Europe)</description>
		<year>1994</year>
		<publisher>Digital Pictures</publisher>
		<disk name="supreme warrior - ying heung (1994)(digital pictures)(pal)(disc 1 of 2)[fire and earth]" sha1="71a79833c66991576206e562b3cfab11e6543009" />
		<disk name="supreme warrior - ying heung (1994)(digital pictures)(pal)(disc 2 of 2)[wind and fang tu]" sha1="ca2dc67a9b1ec8fb8b6a6c73427945df0e6d0ec0" />
		<disk name="supreme warrior - ying heung (1995)(digital pictures)(pal)(en-zh)(disc 1 of 2)[fire and earth][32x]" sha1="b6630789816d671806d2ce0e6b217b4b840f8087" />
		<disk name="supreme warrior - ying heung (1995)(digital pictures)(pal)(en-zh)(disc 2 of 2)[wind and fang tu][32x]" sha1="e8c86998f99a982718034cadd861fbba46443bd7" />
	</machine>
	<machine name="surgical">
		<description>Surgical Strike (Europe)</description>
		<year>1995</year>
		<publisher>Sega</publisher>
		<disk name="surgical strike (1995)(sega)(pal)" sha1="5a942b42b5005230c1f8e8df5a704b81757b6a0a" />
	</machine>
	<machine name="swchess">
		<description>The Software Toolworks' Star Wars Chess (Europe)</description>
		<year>1994</year>
		<publisher>Mindscape</publisher>
		<disk name="software toolworks' star wars chess, the (1994)(mindscape)(pal)" sha1="f0b38cc70ee62c9e1f8a45729a2dcc0bbadb102b" />
	</machine>
	<machine name="swra">
		<description>Star Wars - Rebel Assault (Europe)</description>
		<year>1994</year>
		<publisher>JVC</publisher>
		<disk name="star wars - rebel assault (demo) (1994)(jvc)(pal)[mega power - issue 15]" sha1="03f75c994cde18debaac71ba618021d0b1c91689" />
		<disk name="star wars - rebel assault (demo) (1994)(jvc)(pal)[sega pro cd - issue 01]" sha1="e7531c032704bdbb1f11c77d26081178aaa2c313" />
		<disk name="star wars - rebel assault (europe)" sha1="2027d03f068c90d8f01da0c53a27be7d1d75013a" />
	</machine>
	<machine name="syndicat">
		<description>Syndicate (Europe)</description>
		<year>1995</year>
		<publisher>Domark</publisher>
		<disk name="syndicate (1995)(domark)(pal)(m3)" sha1="c17160c5a52b99cc6ca833d22433fb79ed43a1e2" />
	</machine>
	<machine name="tcataly">
		<description>Tomcat Alley (Europe)</description>
		<year>1994</year>
		<publisher>Sega</publisher>
		<disk name="tomcat alley (1994)(sega)(pal)(es)" sha1="fe927b2a197f600d1087bd8ca21ae523236b5cbd" />
		<disk name="tomcat alley (1994)(sega)(pal)(fr)" sha1="c6efb9e22235bafdd546ade6133fde3d815df2b7" />
		<disk name="tomcat alley (europe)" sha1="7577af7c7e357159468e726c5f68e69754fcf45c" />
		<disk name="tomcat alley (germany)" sha1="1e9b5447352519d09c4f717995c17f8143a44824" />
	</machine>
	<machine name="termintr">
		<description>The Terminator (Europe)</description>
		<year>1994</year>
		<publisher>Virgin Interactive</publisher>
		<disk name="terminator, the (1994)(virgin)(pal)" sha1="8a238d426d58ea1580025e5f4543bed09792662d" />
	</machine>
	<machine name="thawk">
		<description>Thunderhawk (Europe)</description>
		<year>1993</year>
		<publisher>Core Design</publisher>
		<disk name="thunderhawk (1993)(core)(pal)(m4)[segat115015re r4c]" sha1="eb2891baf1df4a55124eef0cbe9ebed6b96c4cac" />
		<disk name="thunderhawk (1993)(core)(pal)(m4)[segat115015re r5c]" sha1="dd4cfe52d595a38109b20c03b21e869b1be54f3a" />
		<disk name="thunderhawk (demo) (1993)(core)(pal)" sha1="a19463059a9a87b8b19e25487bc3bb1c50e8c327" />
		<disk name="thunderhawk (demo) (1993)(core)(pal)(m4)[mega power - issue 04]" sha1="77c0bdf969a45e24f25e3e98e1a2bf626e05bb10" />
		<disk name="thunderhawk (europe) (en,fr,de,es)" sha1="904664afa73921a86355e3130b7169c763d15181" />
	</machine>
	<machine name="themeprk">
		<description>Theme Park (Europe)</description>
		<year>1995</year>
		<publisher>Domark</publisher>
		<disk name="theme park (1995)(domark)(pal)(m4)" sha1="fb5ca07ca6b42d1ab9541159eab83a22cb64f2a5" />
	</machine>
	<machine name="timecop">
		<description>Time Cop (Europe, prototype)</description>
		<year>19??</year>
		<publisher>&lt;unknown&gt;</publisher>
		<disk name="time cop (pal, beta, complete)" sha1="85fff8d11f87ea866677289e3e031221208bab17" />
		<disk name="timecop (demo) (1995)(jvc)(pal)[sega pro cd - issue 45]" sha1="164cd15f0b06b88acd0cb9685c206827821b4a01" />
		<disk name="timecop (early beta) (e)" sha1="bba88d58fc155d03eba31af562246163712c482c" />
	</machine>
	<machine name="timegal">
		<description>Time Gal (Europe)</description>
		<year>1993</year>
		<publisher>Sega</publisher>
		<disk name="time gal (europe)" sha1="840678ee6bc879ec58a2a80d49fc0e5c8faba12a" />
	</machine>
	<machine name="wcup94">
		<description>World Cup USA 94 (Europe)</description>
		<year>1994</year>
		<publisher>U.S. Gold</publisher>
		<disk name="world cup usa 94 (1994)(u.s. gold)(pal)(m8)" sha1="8036b76baf9ca4871ed39ba4afbdd3814557e39b" />
	</machine>
	<machine name="wolfchld">
		<description>Wolfchild (Europe)</description>
		<year>1993</year>
		<publisher>Sega</publisher>
		<disk name="wolfchild (europe)" sha1="ab3e00347753327a46206acdf5ae16d0645b008a" />
	</machine>
	<machine name="wonderdg">
		<description>Wonder Dog (Europe)</description>
		<year>1993</year>
		<publisher>Sega</publisher>
		<disk name="wonder dog (1993)(sega)(pal)" sha1="bdcf1135bf0972ac899521e83b81e1560e3114c5" />
	</machine>
</datafile>