<?xml version="1.0" encoding="utf-8"?>
<!DOCTYPE datafile PUBLIC "-//Logiqx//DTD ROM Management Datafile//EN" "http://www.logiqx.com/Dats/datafile.dtd">
<datafile>
	<header>
		<name>neocd</name>
		<description>SNK NeoGeo CD CD-ROMs</description>
		<version></version>
		<author></author>
	</header>
	<machine name="3countb">
		<description>3 Count Bout (USA) ~ Fire Suplex (Japan)</description>
		<year>1995</year>
		<publisher>SNK</publisher>
		<disk name="3 count bout (1995)(snk)(jp-us)[fire suplex]" sha1="d31d934452ed3d90c73a5f7ec2f13b502293287b" />
	</machine>
	<machine name="2020bb">
		<description>2020 Super Baseball (Japan, USA)</description>
		<year>1995</year>
		<publisher>SNK</publisher>
		<disk name="2020 super baseball (1995)(snk)(jp-us)" sha1="047a91393b7391d4ef772c706a034d57417a7a46" />
	</machine>
	<machine name="adkworld">
		<description>ADK World (Japan)</description>
		<year>1995</year>
		<publisher>ADK</publisher>
		<disk name="adk world (1995)(adk)(jp)" sha1="c99032d62ce5bf6be9b1dc37c70ef45a4dc37180" />
	</machine>
	<machine name="alpham2">
		<description>Alpha Mission II (USA) ~ ASO II - Last Guardian (Japan)</description>
		<year>1994</year>
		<publisher>SNK</publisher>
		<disk name="alpha mission ii (1994)(snk)(jp-us)[aso ii - last guardian]" sha1="be27801500ae7f4e40f2715dec343943fb0fb0e5" />
	</machine>
	<machine name="aodk">
		<description>Aggressors of Dark Kombat (USA) ~ Tsuukai GanGan Koushinkyoku (Japan)</description>
		<year>1995</year>
		<publisher>ADK</publisher>
		<disk name="aggressors of dark kombat (1995)(adk)(jp-us)[tsuukai gangan koushinkyoku]" sha1="76d7972b3dd81fb476e4b89cd1b02e6ad794956d" />
	</machine>
	<machine name="aof2">
		<description>Art of Fighting 2 (USA) ~ Ryuuko no Ken 2 (Japan)</description>
		<year>1994</year>
		<publisher>SNK</publisher>
		<disk name="art of fighting 2 (1994)(snk)(jp-us)[ryuuko no ken 2]" sha1="91f57d4a159e95a63c5992a69a8e7d02934432f0" />
	</machine>
	<machine name="aof3">
		<description>Art of Fighting - Ryuuko no Ken Gaiden (Japan)</description>
		<year>1996</year>
		<publisher>SNK</publisher>
		<disk name="art of fighting 3 - path of the warrior (1996)(snk)(jp)[art of fighting - ryuuko no ken gaiden][ngcd-0961]" sha1="275e2265e56d719d55a80cac811d421e0f81c669" />
		<disk name="art of fighting 3 - path of the warrior (1996)(snk)(jp-us)[art of fighting - ryuuko no ken gaiden][ngcd-096, ngcd-096e]" sha1="39502261dc15f4279659ed074b1b4e62b683f266" />
	</machine>
	<machine name="aof">
		<description>Ryuuko no Ken (Japan)</description>
		<year>1994</year>
		<publisher>SNK</publisher>
		<disk name="art of fighting (1994)(snk)(jp)[ryuuko no ken]" sha1="77f4910e0b1d82a0b1d17594408bda368b619c0c" />
	</machine>
	<machine name="bjourney">
		<description>Raguy (Japan)</description>
		<year>1994</year>
		<publisher>ADK</publisher>
		<disk name="raguy (1994)(adk)(jp)[blue's journey]" sha1="b1063594b9e214765b95e0446c041c2a5663ae20" />
	</machine>
	<machine name="breakers">
		<description>Breakers (Japan)</description>
		<year>1997</year>
		<publisher>Visco</publisher>
		<disk name="breakers (1997)(visco)(jp)" sha1="f203ef8f2a431a2e841af09deaedda3d33238104" />
	</machine>
	<machine name="bstars2">
		<description>Baseball Stars 2 (Japan, USA)</description>
		<year>1994</year>
		<publisher>SNK</publisher>
		<disk name="baseball stars 2 (1994)(snk)(jp-us)" sha1="e8963b17212889ac5307e8d40f940f8d941cd46a" />
	</machine>
	<machine name="bstars">
		<description>Baseball Stars Professional (Japan, USA)</description>
		<year>1995</year>
		<publisher>SNK</publisher>
		<disk name="baseball stars professional (1995)(snk)(jp-us)" sha1="85fa71ab8576dd7bcc9717111297926ce6cec29e" />
	</machine>
	<machine name="burningf">
		<description>Burning Fight (Japan, USA)</description>
		<year>1994</year>
		<publisher>SNK</publisher>
		<disk name="burning fight (1994)(snk)(jp-us)" sha1="fb851b5fc2bc5ce2addf8c1bae5b65401c10eceb" />
	</machine>
	<machine name="crsword2">
		<description>Crossed Swords II (Japan)</description>
		<year>1995</year>
		<publisher>ADK</publisher>
		<disk name="crossed swords ii (1995)(adk)(jp)" sha1="dc65e9a937bfc912c3fdaff0b8200bfd4df4c34c" />
	</machine>
	<machine name="crsword">
		<description>Crossed Swords (Japan)</description>
		<year>1994</year>
		<publisher>ADK</publisher>
		<disk name="crossed swords (1994)(adk)(jp)" sha1="854759d12584d2bded3bd6355016ac1302acf973" />
	</machine>
	<machine name="cyberlip">
		<description>Cyber-Lip (Japan, USA)</description>
		<year>1995</year>
		<publisher>SNK</publisher>
		<disk name="cyber-lip (1995)(snk)(jp-us)" sha1="4f4667df89005623200bb6a0a49d55beda1128db" />
	</machine>
	<machine name="doubledr">
		<description>Double Dragon (Japan, USA)</description>
		<year>1995</year>
		<publisher>SNK</publisher>
		<disk name="double dragon (1995)(snk)(jp-us)[ngcd-082 mt b01, ngcd-082e mt b04]" sha1="404856deac6875ec1fac00fa36c2aed1b6900c09" />
	</machine>
	<machine name="fatfursp">
		<description>Fatal Fury Special (USA) ~ Garou Densetsu Special (Japan)</description>
		<year>1994</year>
		<publisher>SNK</publisher>
		<disk name="fatal fury special (1994)(snk)(jp-us)[garou densetsu special]" sha1="a4a3a5b7c95214bec4b77d1a91686a83f6600638" />
	</machine>
	<machine name="fatfury1">
		<description>Fatal Fury - The Battle of Fury (USA) ~ Garou Densetsu - Shukumei no Tatakai (Japan)</description>
		<year>1994</year>
		<publisher>SNK</publisher>
		<disk name="fatal fury - the battle of fury (1994)(snk)(jp-us)[garou densetsu - shukumei no tatakai]" sha1="098d6b48b45afad41bb17467e460990069f9385b" />
	</machine>
	<machine name="fatfury2">
		<description>Fatal Fury 2 (USA) ~ Garou Densetsu 2 - Aratanaru Tatakai (Japan)</description>
		<year>1994</year>
		<publisher>SNK</publisher>
		<disk name="fatal fury 2 (1994)(snk)(jp-us)[garou densetsu 2 - aratanaru tatakai]" sha1="886f605d800cdab23de381135a3938bcbd821662" />
	</machine>
	<machine name="fatfury3">
		<description>Fatal Fury 3 - Road to the Final Victory (USA) ~ Garou Densetsu 3 - Harukanaru Tatakai (Japan)</description>
		<year>1995</year>
		<publisher>SNK</publisher>
		<disk name="fatal fury 3 - road to the final victory (1995)(snk)(jp-us)[garou densetsu 3 - harukanaru tatakai][ngcd-069, ngcd-069e mt b02]" sha1="5bcf25e0a4f01389e028632fa2f2a13f31444a87" />
		<disk name="fatal fury 3 - road to the final victory (1995)(snk)(us)[garou densetsu 3 - harukanaru tatakai][ngcd-069e mt b03]" sha1="3a808e3bda8b1eb77e1f30bfd6e38e1b303b11ec" />
	</machine>
	<machine name="fbfrenzy">
		<description>Football Frenzy (Japan, USA)</description>
		<year>1994</year>
		<publisher>SNK</publisher>
		<disk name="football frenzy (1994)(snk)(jp-us)" sha1="e2fed1652c5d513edaae11481b4345e3b19fd760" />
	</machine>
	<machine name="fromanc2">
		<description>Idol Mahjong Final Romance 2 (Japan)</description>
		<year>1995</year>
		<publisher>Video System</publisher>
		<disk name="idol mahjong final romance 2 (1995)(video system)(jp)" sha1="63c2b6c8cccfbcba9c41efb61954db9885ff9869" />
	</machine>
	<machine name="galaxyfg">
		<description>Galaxy Fight - Universal Warriors (Japan, USA)</description>
		<year>1995</year>
		<publisher>Sunsoft</publisher>
		<disk name="galaxy fight - universal warriors (1995)(sunsoft)(jp-us)" sha1="65ca73d11d98e9c9e26bf0753e52378188c79471" />
	</machine>
	<machine name="gowcaizr">
		<description>Choujin Gakuen Gowcaizer (Japan)</description>
		<year>1995</year>
		<publisher>Technos</publisher>
		<disk name="voltage fighter gowcaizer (1995)(technos)(jp)[choujin gakuen gowcaizer]" sha1="9a645a7dc3f723b55393090f11d5ae425f7411c6" />
	</machine>
	<machine name="gpilots">
		<description>Ghost Pilots (Japan)</description>
		<year>1995</year>
		<publisher>SNK</publisher>
		<disk name="ghost pilots (1995)(snk)(jp)" sha1="77f8425c27c314aa746951c517f9a44c2624baae" />
	</machine>
	<machine name="ironclad">
		<description>Choutetsu Brikin'ger (Japan)</description>
		<year>1996</year>
		<publisher>Saurus</publisher>
		<disk name="choutetsu brikin'ger (1996)(saurus)(jp)[ironclad]" sha1="4d518370686853c727eb300a91c0f070c3333225" />
	</machine>
	<machine name="janshin">
		<description>Janshin Densetsu - Quest of the Jongmaster (Japan)</description>
		<year>1995</year>
		<publisher>Aicom</publisher>
		<disk name="janshin densetsu - quest of the jongmaster (1995)(snk)(jp)" sha1="074807c2a48f5c915a253e7b9bff2b8a3ad0ced3" />
	</machine>
	<machine name="joyjoy">
		<description>Puzzled (USA) ~ Joy Joy Kid (Japan)</description>
		<year>1994</year>
		<publisher>SNK</publisher>
		<disk name="puzzled (1994)(snk)(jp-us)[joy joy kid]" sha1="738d0194042cc9c7093bcdbacfbb99f97dc07ba2" />
	</machine>
	<machine name="kabukikl">
		<description>Tengai Makyou Shinden - Far East of Eden (Japan)</description>
		<year>1995</year>
		<publisher>Hudson</publisher>
		<disk name="tengai makyou shinden - far east of eden (1995)(hudson)(jp)[kabuki klash]" sha1="922c307ef433c412d65a1ff3f8a8327fdfb1d1c9" />
	</machine>
	<machine name="karnovr">
		<description>Karnov's Revenge (USA) ~ Fighter's History Dynamite (Japan)</description>
		<year>1994</year>
		<publisher>Data East</publisher>
		<disk name="karnov's revenge (1994)(snk)(jp-us)[fighter's history dynamite]" sha1="89acc598b304e97749f632c4883935cf1f41100e" />
	</machine>
	<machine name="kof94">
		<description>The King of Fighters '94 (Japan, USA)</description>
		<year>1994</year>
		<publisher>SNK</publisher>
		<disk name="king of fighters '94, the (1994)(snk)(jp-us)[ngcd-055 mt b01+b04, ngcd-055e mt b01]" sha1="a6a461dc12ab4a0bb4385d2800a97b64a5792414" />
		<disk name="king of fighters '94, the (1994)(snk)(jp-us)[ngcd-055 mt b12, ngcd-055e]" sha1="60319c764eef1814825b3440bb0838f3f16fd447" />
	</machine>
	<machine name="kof95">
		<description>The King of Fighters '95 (Japan, USA)</description>
		<year>1995</year>
		<publisher>SNK</publisher>
		<disk name="king of fighters '95, the (1995)(snk)(jp-us)[ngcd-084 mt b01+b03+b06, ngcd-084e mt b01]" sha1="dee363caf747ecd92e9e98b88094aecf181173e4" />
		<disk name="king of fighters '95, the (1995)(snk)(jp-us)[ngcd-084 mt b10, ngcd-084e mt b03]" sha1="67f0ce0da3585043b3813be2fc0b7664b60c32d3" />
	</machine>
	<machine name="kof96col">
		<description>The King of Fighters '96 NEOGEO Collection (Japan)</description>
		<year>1997</year>
		<publisher>SNK</publisher>
		<disk name="king of fighters '96 neogeo collection, the (1997)(snk)(jp)[ngcd-229 mt b07]" sha1="4f0fa12fc1e6b77e08fbbfa84366dbb04ca09f32" />
	</machine>
	<machine name="kof96">
		<description>The King of Fighters '96 (Japan)</description>
		<year>1996</year>
		<publisher>SNK</publisher>
		<disk name="king of fighters '96, the (1996)(snk)(jp)[ngcd-214 mt a02+a03]" sha1="e162d33d5a33049bf26226a651b359815efae16b" />
		<disk name="king of fighters '96, the (1996)(snk)(jp-us)[ngcd-214 mt a01, ngcd-214e]" sha1="a3b663994339fd6c8244fed1865895a87e8365b2" />
	</machine>
	<machine name="kof97">
		<description>The King of Fighters '97 (Japan)</description>
		<year>1997</year>
		<publisher>SNK</publisher>
		<disk name="king of fighters '97, the (1997)(snk)(jp)" sha1="3985560edfda8e5095e888b8fd8f5ae6a9a820dd" />
	</machine>
	<machine name="kof98">
		<description>The King of Fighters '98 - Dream Match Never Ends (Japan)</description>
		<year>1998</year>
		<publisher>SNK</publisher>
		<disk name="king of fighters '98, the - the slugfest (1998)(snk)(jp)[king of fighters '98, the - dream match never ends]" sha1="a9347d7ca911be575fc1d4da01b9376f05057181" />
	</machine>
	<machine name="kof99">
		<description>The King of Fighters '99 - Millennium Battle (Japan)</description>
		<year>1999</year>
		<publisher>SNK</publisher>
		<disk name="king of fighters '99, the - millennium battle (1999)(snk)(jp)[king of fighters '99, the]" sha1="813e7880f72e19074beb8cc1d96eb4f9e2f87c09" />
	</machine>
	<machine name="kotm2">
		<description>King of the Monsters 2 (Japan, USA)</description>
		<year>1994</year>
		<publisher>SNK</publisher>
		<disk name="king of the monsters 2 (1994)(snk)(jp-us)" sha1="c041b07f6057b818fb666b450e65b227c1f0c56d" />
	</machine>
	<machine name="lastblad">
		<description>Bakumatsu Roman - Gekka no Kenshi (Japan)</description>
		<year>1998</year>
		<publisher>SNK</publisher>
		<disk name="last blade, the (1998)(snk)(jp)[bakumatsu roman - gekka no kenshi]" sha1="72dd53d44e0b253246e4d1a3815f7c4e9d27c5ec" />
	</machine>
	<machine name="lastbld2">
		<description>Bakumatsu Roman Daini Maku - Gekka no Kenshi - Tsuki ni Saku Hana, Chiri Yuku Hana (Japan)</description>
		<year>1999</year>
		<publisher>SNK</publisher>
		<disk name="bakumatsu roman daini maku - gekka no kenshi - tsuki ni saku hana, chiri yuku hana (1999)(snk)(jp)[last blade 2, the]" sha1="d4a4dc25b27ecb26f64242acf06fe6da98ee3777" />
	</machine>
	<machine name="lasthope">
		<description>Last Hope (Europe)</description>
		<year>2007</year>
		<publisher>NG:DEV.TEAM</publisher>
		<disk name="cd-rom [ngdt cd-300j] [v2007-10-03]" sha1="4cf60613098531b49c447a2b223aeb49a6395fd2" />
	</machine>
	<machine name="lbowling">
		<description>League Bowling (Japan, USA)</description>
		<year>1994</year>
		<publisher>SNK</publisher>
		<disk name="league bowling (1994)(snk)(jp-us)" sha1="ca657fa76e16ae70745a6938770677c523daa041" />
	</machine>
	<machine name="lresort">
		<description>Last Resort (Japan, USA)</description>
		<year>1994</year>
		<publisher>SNK</publisher>
		<disk name="last resort (1994)(snk)(jp-us)" sha1="372b9642cf861d3c7507b8485fc43fc144b16874" />
	</machine>
	<machine name="magdrop2">
		<description>Magical Drop 2 (Japan)</description>
		<year>1996</year>
		<publisher>Data East</publisher>
		<disk name="magical drop 2 (1996)(data east)(jp)" sha1="69135e129dd3587910f3b6042175788298e31a71" />
	</machine>
	<machine name="maglord">
		<description>Magician Lord (Japan)</description>
		<year>1994</year>
		<publisher>ADK</publisher>
		<disk name="magician lord (1994)(adk)(jp)" sha1="e537fefc2179c2017ebb1d0794f77b1d18581555" />
	</machine>
	<machine name="mahretsu">
		<description>Mahjong Kyo Retsuden - Nishi Nihon Hen (Japan)</description>
		<year>1994</year>
		<publisher>SNK</publisher>
		<disk name="mahjong kyo retsuden - nishi nihon hen (1994)(snk)(jp)" sha1="8cc5def122d2638d7c63f02922150cc046ef3c1a" />
	</machine>
	<machine name="mosyougi">
		<description>Shougi no Tatsujin - Master of Syougi (Japan)</description>
		<year>1995</year>
		<publisher>ADK</publisher>
		<disk name="shougi no tatsujin - master of syougi (1995)(adk)(jp)" sha1="d61ec46215b07bb8d7f070e439212641cc409792" />
	</machine>
	<machine name="mslug2">
		<description>Metal Slug 2 (Japan)</description>
		<year>1998</year>
		<publisher>SNK</publisher>
		<disk name="metal slug 2 (1998)(snk)(jp)" sha1="8cc8fc89d4effec887c25ca18d6caf4893572302" />
	</machine>
	<machine name="mslug">
		<description>Metal Slug (Japan, USA)</description>
		<year>1996</year>
		<publisher>SNK</publisher>
		<disk name="metal slug (1996)(snk)(jp-us)" sha1="b4f83b0b7046e9445f9cc16c40e57fd84b575ef9" />
	</machine>
	<machine name="mutnat">
		<description>Mutation Nation (Japan, USA)</description>
		<year>1995</year>
		<publisher>SNK</publisher>
		<disk name="mutation nation (1995)(snk)(jp-us)" sha1="624efc927077f87f7fea2d5b14bf3cf8c68a5514" />
	</machine>
	<machine name="nam1975">
		<description>NAM-1975 (Japan, USA)</description>
		<year>1994</year>
		<publisher>SNK</publisher>
		<disk name="nam-1975 (1994)(snk)(jp-us)" sha1="8a0ea9a98551286da76bb75137211b9f0aec5541" />
	</machine>
	<machine name="ncombat">
		<description>Ninja Combat (Japan)</description>
		<year>1994</year>
		<publisher>ADK</publisher>
		<disk name="ninja combat (1994)(adk)(jp)" sha1="713aefb92722b41926da4676adba6ea428420b19" />
	</machine>
	<machine name="ncommand">
		<description>Ninja Commando (Japan)</description>
		<year>1994</year>
		<publisher>ADK</publisher>
		<disk name="ninja commando (1994)(adk)(jp)" sha1="55e4e119a9fb3cd284eda0712f1fd79c1aced861" />
	</machine>
	<machine name="neodrift">
		<description>Neo DriftOut (Japan)</description>
		<year>1996</year>
		<publisher>Visco</publisher>
		<disk name="neo driftout (1996)(visco)(jp)" sha1="9bad0585e54fc505c635d7d6e0ded79c175c6c8d" />
	</machine>
	<machine name="ngcdspec">
		<description>Neo Geo CD Special (Japan)</description>
		<year>1996</year>
		<publisher>SNK</publisher>
		<disk name="neo geo cd special (1996)(snk)(jp)" sha1="20ceb3e2cb21c6ccad99e0e21dc990affb4ecc39" />
	</machine>
	<machine name="ninjamas">
		<description>Ninja Master's - Haou Ninpou-Chou (Japan)</description>
		<year>1996</year>
		<publisher>ADK</publisher>
		<disk name="ninja master's - haou ninpou-chou (1996)(adk)(jp)" sha1="b2a9a6cb38d66af1e02450a2967b4eeff39e2ad6" />
	</machine>
	<machine name="overtop">
		<description>OverTop (Japan)</description>
		<year>1996</year>
		<publisher>ADK</publisher>
		<disk name="overtop (1996)(adk)(jp)" sha1="e5d510ffa771cc8caa5a6ca7465ac69fe75ae3e5" />
	</machine>
	<machine name="pbobble">
		<description>Bust-A-Move (USA) ~ Puzzle Bobble (Japan)</description>
		<year>1995</year>
		<publisher>SNK</publisher>
		<disk name="bust-a-move (1995)(snk)(jp-us)[puzzle bobble]" sha1="e9ae51499f1790b402307c0d1c8a62c2ff0cfea9" />
	</machine>
	<machine name="pgoal">
		<description>Futsal - 5 on 5 Mini Soccer (Japan)</description>
		<year>1996</year>
		<publisher>Saurus</publisher>
		<disk name="futsal - 5 on 5 mini soccer (1996)(saurus)(jp)[pleasuregoal - 5 on 5 mini soccer]" sha1="8e70456d560e6c8f1a484af86b953d9ed6bbf724" />
	</machine>
	<machine name="pspikes2">
		<description>Power Spikes II (Japan)</description>
		<year>1995</year>
		<publisher>Video System</publisher>
		<disk name="power spikes ii (1995)(video system)(jp)" sha1="a0b7b551971f2f0c76b92ad09f271f0d96575a5a" />
	</machine>
	<machine name="pulstar">
		<description>Pulstar (Japan, USA)</description>
		<year>1995</year>
		<publisher>SNK</publisher>
		<disk name="pulstar (1995)(snk)(jp-us)" sha1="a7836434d5180beb460c3100c29812dd3928228c" />
	</machine>
	<machine name="quizkof">
		<description>Quiz King of Fighters (Japan)</description>
		<year>1995</year>
		<publisher>Saurus</publisher>
		<disk name="quiz king of fighters (1995)(saurus)(jp)" sha1="e361db324e54e4e523e46c2803c831e3b51750de" />
	</machine>
	<machine name="ragnagrd">
		<description>Shin-Oh-Ken (Japan)</description>
		<year>1996</year>
		<publisher>Saurus</publisher>
		<disk name="shinouken (1996)(saurus)(jp)[ragnagard]" sha1="ae219a7382645c648a78a2126f3cd1dfc01cd708" />
	</machine>
	<machine name="rbff1">
		<description>Real Bout Fatal Fury (USA) ~ Real Bout Garou Densetsu (Japan)</description>
		<year>1996</year>
		<publisher>SNK</publisher>
		<disk name="real bout fatal fury (1996)(snk)(jp-us)[real bout garou densetsu][ngcd-095 mt b06+b08, ngcd-095e]" sha1="634906800d14029e0e86f1ff531139ec47e213c6" />
	</machine>
	<machine name="rbff2">
		<description>Real Bout Fatal Fury 2 - The Newcomers (USA) ~ Real Bout Garou Densetsu 2 - The Newcomers (Japan)</description>
		<year>1998</year>
		<publisher>SNK</publisher>
		<disk name="real bout fatal fury 2 - the newcomers (1998)(snk)(jp-us)[real bout garou densetsu 2 - the newcomers]" sha1="d738ff116843cedeb719d5ee033d98e05f62d92e" />
	</machine>
	<machine name="rbffspec">
		<description>Real Bout Special (Japan)</description>
		<year>1997</year>
		<publisher>SNK</publisher>
		<disk name="real bout fatal fury special (1997)(snk)(jp)[real bout special]" sha1="22da9b42359f4c9281dd9569baf043a6f86eb746" />
	</machine>
	<machine name="ridhero">
		<description>Riding Hero (Japan, USA)</description>
		<year>1995</year>
		<publisher>SNK</publisher>
		<disk name="riding hero (1995)(snk)(jp-us)" sha1="0289f10c5bfffad8575cda05088fad52e256474d" />
	</machine>
	<machine name="roboarmy">
		<description>Robo Army (Japan, USA)</description>
		<year>1995</year>
		<publisher>SNK</publisher>
		<disk name="robo army (1995)(snk)(jp-us)" sha1="1e3a592681df2ec8e7c983c7a2192ae8ae563121" />
	</machine>
	<machine name="samsho2">
		<description>Samurai Shodown II (USA) ~ Shin Samurai Spirits - Haoumaru Jigoku Hen (Japan)</description>
		<year>1994</year>
		<publisher>SNK</publisher>
		<disk name="samurai shodown ii (1994)(snk)(jp-us)[shin samurai spirits - haoumaru jigoku hen]" sha1="ee5a32a77152f7408c62dc7321e5f2adf322d46c" />
	</machine>
	<machine name="samsho3">
		<description>Samurai Spirits - Zankurou Musouken (Japan)</description>
		<year>1995</year>
		<publisher>SNK</publisher>
		<disk name="samurai shodown iii (1995)(snk)(jp)[samurai spirits - zankurou musouken][ngcd-087 mt a04]" sha1="ad0b2dee64bf8b34e27ec2c1435859d568b49981" />
	</machine>
	<machine name="samsho4">
		<description>Samurai Shodown IV - Amakusa's Revenge (USA) ~ Samurai Spirits - Amakusa Kourin (Japan)</description>
		<year>1996</year>
		<publisher>SNK</publisher>
		<disk name="samurai shodown iv - amakusa's revenge (1996)(snk)(jp-us)[samurai spirits - amakusa kourin]" sha1="b90bff26f7977049935ca3d761f3ce692f117813" />
	</machine>
	<machine name="samsho">
		<description>Samurai Shodown (USA) ~ Samurai Spirits (Japan)</description>
		<year>1994</year>
		<publisher>SNK</publisher>
		<disk name="samurai shodown (1994)(snk)(jp-us)[samurai spirits][ngcd-045 mt b02+b05, ngcd-045e mt b02]" sha1="26181f36ae317a2eb93ade832d2cf0b9ccfd1c42" />
	</machine>
	<machine name="samsprpg">
		<description>Shinsetsu Samurai Spirits - Bushidou Retsuden (Japan)</description>
		<year>1997</year>
		<publisher>SNK</publisher>
		<disk name="shinsetsu samurai spirits - bushidohretsuden (1997)(snk)(jp)[ngcd-0850 mt a01]" sha1="5df33f9533c2bc55c3354790bcafb1350039b438" />
	</machine>
	<machine name="savagere">
		<description>Savage Reign (USA) ~ Fu'un Mokujiroku - Kakutou Sousei (Japan)</description>
		<year>1995</year>
		<publisher>SNK</publisher>
		<disk name="savage reign (1995)(snk)(jp-us)[fu'un mokujiroku - kakutou sousei]" sha1="67cdf5abc7f52b8c2f9d7ad5cec73528d6a456bd" />
	</machine>
	<machine name="sengoku2">
		<description>Sengoku 2 (USA) ~ Sengoku Denshou 2 (Japan)</description>
		<year>1995</year>
		<publisher>SNK</publisher>
		<disk name="sengoku 2 (1995)(snk)(jp-us)[sengoku denshou 2]" sha1="52f016131ccd4f5835f5ddf35b20114c474c62d9" />
	</machine>
	<machine name="sengoku">
		<description>Sengoku (USA) ~ Sengoku Denshou (Japan)</description>
		<year>1995</year>
		<publisher>SNK</publisher>
		<disk name="sengoku (1995)(snk)(jp-us)[sengoku denshou]" sha1="eac1b1a0b884bcd4d9e02891c85c34ea182ccdb1" />
	</machine>
	<machine name="socbrawl">
		<description>Soccer Brawl (Japan, USA)</description>
		<year>1995</year>
		<publisher>SNK</publisher>
		<disk name="soccer brawl (1995)(snk)(jp-us)" sha1="97e9a937f211536197a96a9cbcafaec0ffc21662" />
	</machine>
	<machine name="sonicwi2">
		<description>Aero Fighters 2 (USA) ~ Sonic Wings 2 (Japan)</description>
		<year>1994</year>
		<publisher>SNK</publisher>
		<disk name="aero fighters 2 (1994)(snk)(jp-us)[sonic wings 2]" sha1="12a453dd787b6407f9bf18eec044095edb5c4511" />
	</machine>
	<machine name="sonicwi3">
		<description>Aero Fighters 3 (USA) ~ Sonic Wings 3 (Japan)</description>
		<year>1995</year>
		<publisher>SNK</publisher>
		<disk name="aero fighters 3 (1995)(snk)(jp-us)[sonic wings 3]" sha1="3bd2b3931429d67e5443a2e931a6f75041cb3030" />
	</machine>
	<machine name="ssideki2">
		<description>Super Sidekicks 2 (USA) ~ Tokuten Ou 2 (Japan)</description>
		<year>1994</year>
		<publisher>SNK</publisher>
		<disk name="super sidekicks 2 (1994)(snk)(jp-us)[tokuten ou 2]" sha1="ef2a5fee5502561d25922aad1656319de18c72a0" />
	</machine>
	<machine name="ssideki3">
		<description>Super Sidekicks 3 - The Next Glory (USA) ~ Tokuten Ou 3 - Eikou e no Chousen (Japan)</description>
		<year>1995</year>
		<publisher>SNK</publisher>
		<disk name="super sidekicks 3 - the next glory (1995)(snk)(jp-us)[tokuten ou 3 - eikou e no chousen]" sha1="ac8e645615318789535513b5861d99d6e45b99f9" />
	</machine>
	<machine name="ssideki">
		<description>Super Sidekicks (USA) ~ Tokuten Ou (Japan)</description>
		<year>1995</year>
		<publisher>SNK</publisher>
		<disk name="super sidekicks (1995)(snk)(jp-us)[tokuten ou]" sha1="9bda953cb1b5354cb19ec3f8d2792de6bd1fba1a" />
	</machine>
	<machine name="stakwin">
		<description>Stakes Winner - GI Kanzen Seiha e no Machi (Japan)</description>
		<year>1996</year>
		<publisher>Saurus</publisher>
		<disk name="stakes winner - gi kanzen seiha e no machi (1996)(saurus)(jp)" sha1="e72ce998b2d91542df5ae05ac0714284b6926e5d" />
	</machine>
	<machine name="strhoop">
		<description>Street Hoop (USA) ~ Dunk Dream (Japan)</description>
		<year>1995</year>
		<publisher>Data East</publisher>
		<disk name="street hoop (1995)(data east)(jp-us)[dunk dream]" sha1="7bb971e4dd218a65c40e0f2f368711a6889e1b05" />
	</machine>
	<machine name="superspy">
		<description>The Super Spy (Japan, USA)</description>
		<year>1994</year>
		<publisher>SNK</publisher>
		<disk name="super spy, the (1994)(snk)(jp-us)" sha1="46297a94d8db0e4e6abaebbf33e4560cdec9be85" />
	</machine>
	<machine name="tophuntr">
		<description>Top Hunter - Roddy &amp; Cathy (Japan, USA)</description>
		<year>1994</year>
		<publisher>SNK</publisher>
		<disk name="top hunter - roddy &amp; cathy (1994)(snk)(jp-us)[ngcd-046 mt b02, ngcd-046e]" sha1="fdde6325416fabf1929b61f64c87a5398e6e8e5d" />
	</machine>
	<machine name="totc">
		<description>Treasure of the Caribbean (France)</description>
		<year>2011?</year>
		<publisher>Neo Conception International</publisher>
		<disk name="cd-rom [ngcd-500] [v2011-12-22]" sha1="95c9e0b42410ac4e384529b3c067cb55e9b0e537" />
	</machine>
	<machine name="tpgolf">
		<description>Top Player's Golf (Japan, USA)</description>
		<year>1994</year>
		<publisher>SNK</publisher>
		<disk name="top player's golf (1994)(snk)(jp-us)" sha1="fe6326f015917a87fd1f436311be6f48def2b2cf" />
	</machine>
	<machine name="trally">
		<description>Rally Chase (Japan)</description>
		<year>1994</year>
		<publisher>ADK</publisher>
		<disk name="rally chase (1994)(adk)(jp)" sha1="07a394aaf9937206f4bd61e2c9f46afe1a43aecb" />
	</machine>
	<machine name="turfmast">
		<description>Big Tournament Golf (Japan)</description>
		<year>1996</year>
		<publisher>SNK</publisher>
		<disk name="neo turf masters (1996)(snk)(jp)[big tournament golf]" sha1="806597142c6e7939009494c8f3a84fcbdc1fca38" />
	</machine>
	<machine name="twinspri">
		<description>Twinkle Star Sprites (Japan)</description>
		<year>1997</year>
		<publisher>ADK</publisher>
		<disk name="twinkle star sprites (1997)(adk)(jp)" sha1="169ad6845fe9baa6ca3e08f92e554ede71b3b13e" />
	</machine>
	<machine name="viewpoin">
		<description>Viewpoint (Japan, USA)</description>
		<year>1995</year>
		<publisher>Aicom</publisher>
		<disk name="viewpoint (1995)(snk)(jp-us)" sha1="8a13861b34cbe5953843a535c7b50d691aefa069" />
	</machine>
	<machine name="wh1">
		<description>World Heroes (Japan, USA)</description>
		<year>1995</year>
		<publisher>ADK</publisher>
		<disk name="world heroes (1995)(adk)(jp-us)" sha1="10b4a5ef5613982edbc07da1894208ec6a468583" />
	</machine>
	<machine name="wh2j">
		<description>World Heroes 2 Jet (Japan)</description>
		<year>1994</year>
		<publisher>ADK</publisher>
		<disk name="world heroes 2 jet (1994)(adk)(jp)" sha1="b2ce705d16b82963a2eafbbefe37975225b7b145" />
	</machine>
	<machine name="wh2">
		<description>World Heroes 2 (Japan, USA)</description>
		<year>1995</year>
		<publisher>ADK</publisher>
		<disk name="world heroes 2 (1995)(adk)(jp-us)" sha1="4dba3f8107f798c089d8be7b1b1fbe2dfb4e1d8b" />
	</machine>
	<machine name="whp">
		<description>World Heroes Perfect (Japan, USA)</description>
		<year>1995</year>
		<publisher>ADK</publisher>
		<disk name="world heroes perfect (1995)(adk)(jp-us)" sha1="7d444937c98b08845a00f965ced83e6677109cb7" />
	</machine>
	<machine name="wjammers">
		<description>Windjammers (USA) ~ Flying Power Disc (Japan)</description>
		<year>1995</year>
		<publisher>Data East</publisher>
		<disk name="windjammers (1995)(snk)(jp-us)[flying power disc]" sha1="2d4dc090fa7d55f04c2f6484f1e892d93ce42aa4" />
	</machine>
	<machine name="zintrick">
		<description>Oshidashi Zintrick (Japan)</description>
		<year>1996</year>
		<publisher>ADK</publisher>
		<disk name="oshidashi zintrick (1996)(adk)(jp)[zintrick]" sha1="46ab081316ffc6d5cca76fee679e80270fe1a8ab" />
	</machine>
</datafile>