<?xml version="1.0" encoding="utf-8"?>
<!DOCTYPE datafile PUBLIC "-//Logiqx//DTD ROM Management Datafile//EN" "http://www.logiqx.com/Dats/datafile.dtd">
<datafile>
	<header>
		<name>segacd</name>
		<description>Sega CD CD-ROMs</description>
		<version></version>
		<author></author>
	</header>
	<machine name="3ninja">
		<description>3 Ninjas Kick Back (USA)</description>
		<year>1994</year>
		<publisher>Sony Imagesoft</publisher>
		<disk name="3 ninjas kick back (usa)" sha1="7dfca4e3bfad7b8e6f98b24651970409fd0d7d6f" />
	</machine>
	<machine name="3rdww">
		<description>The Third World War (USA)</description>
		<year>1994</year>
		<publisher>Extreme Entertainment Group</publisher>
		<disk name="the third world war (usa)" sha1="cd1644735ac3b600167f0680f2210811b90b9bd4" />
	</machine>
	<machine name="aburner3">
		<description>After Burner III (USA)</description>
		<year>1993</year>
		<publisher>Sega</publisher>
		<disk name="after burner iii (usa)" sha1="5387cce37990836db962ce82ec217edbe2c1fd0d" />
	</machine>
	<machine name="advbatr">
		<description>The Adventures of Batman and Robin (USA)</description>
		<year>1995</year>
		<publisher>Sega</publisher>
		<disk name="the adventures of batman and robin (usa)" sha1="80e65ec95ea9440e59d64ea067b48921686006e8" />
	</machine>
	<machine name="ah3ts">
		<description>AH3 - ThunderStrike (USA)</description>
		<year>1993</year>
		<publisher>JVC</publisher>
		<disk name="ah3 - thunderstrike (usa)" sha1="46d352674119dabf0728a07dc7354b54fe5a027b" />
	</machine>
	<machine name="animals">
		<description>The San Diego Zoo Presents... The Animals! (USA)</description>
		<year>1994</year>
		<publisher>The Software Toolworks</publisher>
		<disk name="the san diego zoo presents... the animals (usa)" sha1="88f7be68f35e5dd7776b3ff580ae40ce7087151b" />
	</machine>
	<machine name="ax101">
		<description>A/X-101 (USA)</description>
		<year>1994</year>
		<publisher>Absolute Entertainment</publisher>
		<disk name="ax-101 (usa)" sha1="4a0200c4b1d6b7f486d1946b6ce886d35872aae7" />
	</machine>
	<machine name="bariarm">
		<description>Bari-Arm (USA)</description>
		<year>1994</year>
		<publisher>Sega</publisher>
		<disk name="bari-arm (usa)" sha1="99419bf60689cf563a26236f7db116b72ad6ab8b" />
	</machine>
	<machine name="batlfrnz">
		<description>Battle Frenzy (USA, prototype)</description>
		<year>2003</year>
		<publisher>Good Deal Games</publisher>
		<disk name="battle frenzy (usa, prototype)" sha1="5c60726206f1eb789358500c634924c9e7d8e798" />
	</machine>
	<machine name="batmanrn">
		<description>Batman Returns (USA)</description>
		<year>1993</year>
		<publisher>Sega</publisher>
		<disk name="batman returns (usa)" sha1="fcef5b725f01b928a29a60a5e3d4c493908b209f" />
	</machine>
	<machine name="bcracers">
		<description>BC Racers (USA)</description>
		<year>1994</year>
		<publisher>Core Design</publisher>
		<disk name="bc racers (usa)" sha1="b60b60c6fccc892bf9bf4ebc876b78da10182350" />
	</machine>
	<machine name="beast2">
		<description>Shadow of the Beast II (USA)</description>
		<year>1994</year>
		<publisher>Psygnosis</publisher>
		<disk name="shadow of the beast ii (usa)" sha1="7c341dbce23c5b166d4d949e977dae44a553f8a4" />
	</machine>
	<machine name="billwlsh">
		<description>Bill Walsh College Football (USA)</description>
		<year>1993</year>
		<publisher>Electronic Arts</publisher>
		<disk name="bill walsh college football (usa)" sha1="07cc70df34df37f25d24ea387205640dae48e31c" />
	</machine>
	<machine name="blackh">
		<description>Black Hole Assault (USA)</description>
		<year>1993</year>
		<publisher>Bignet</publisher>
		<disk name="black hole assault (usa)" sha1="e7533c9de5cea95b3d3ddbcc19d0002aa4fabb2b" />
		<disk name="blackhole assault (usa, alt)" sha1="7b3e4027715b8752579ad862ac19daae50eb34ea" />
		<disk name="blackhole assault (usa, prototype 19920210)" sha1="57b0d81a327f6f3aadae1ca477566a602781ff23" status="baddump" />
	</machine>
	<machine name="bouncers">
		<description>Bouncers (USA)</description>
		<year>1994</year>
		<publisher>Sega</publisher>
		<disk name="bouncers (usa)" sha1="ec21e095b7670989495095f6a6cb9a94ba24a405" />
	</machine>
	<machine name="brutal">
		<description>Brutal - Paws of Fury (USA)</description>
		<year>1994</year>
		<publisher>GameTek</publisher>
		<disk name="brutal - paws of fury (usa)" sha1="4e3f09cb9f1ce381adcf0b832a4d9683e75dd8b5" />
	</machine>
	<machine name="btlcorps">
		<description>Battlecorps (USA)</description>
		<year>1994</year>
		<publisher>Core Design</publisher>
		<disk name="battlecorps (usa)" sha1="6ea60ddc9064f7aa770ea87f2fb2ff438793c037" />
	</machine>
	<machine name="bugblastse">
		<description>The Exterminators - Special Edition (USA, prototype)</description>
		<year>2003</year>
		<publisher>Good Deal Games</publisher>
		<disk name="the exterminators (usa, prototype)" sha1="9c1e73e31c90d2cfdff50dce0e2c95c562934d96" />
		<disk name="the exterminators - special edition (usa, prototype)" sha1="cb14ae1bf6825ac804a5508142759ff64d1d5b70" />
	</machine>
	<machine name="ccmusic">
		<description>C+C Music Factory (USA)</description>
		<year>1993</year>
		<publisher>Sony Imagesoft</publisher>
		<disk name="c+c music factory (usa)" sha1="2fbb157ab695769d9dc11a9f56605934ad684a4c" />
	</machine>
	<machine name="champs94">
		<description>Championship Soccer '94 (USA)</description>
		<year>1994</year>
		<publisher>Sony Imagesoft</publisher>
		<disk name="championship soccer '94 (usa)" sha1="314522011b559b18082a1c867de1ace574a4a680" />
	</machine>
	<machine name="chuckrck">
		<description>Chuck Rock (USA)</description>
		<year>1992</year>
		<publisher>Sony Imagesoft</publisher>
		<disk name="chuck rock (usa)" sha1="2a0ca620f253992e92af5655c7ed4203a1537b0e" />
	</machine>
	<machine name="chukrck2">
		<description>Chuck Rock II - Son of Chuck (USA)</description>
		<year>1993</year>
		<publisher>Virgin Interactive</publisher>
		<disk name="chuck rock ii - son of chuck (usa)" sha1="d47e53ee53653ee9b5623f276060e7a5f4f28c9e" />
	</machine>
	<machine name="citizenx">
		<description>Citizen X (USA, prototype)</description>
		<year>2002</year>
		<publisher>Good Deal Games</publisher>
		<disk name="citizen x" sha1="8264c6175e61475cdd8bab342251c36162d37c0a" />
	</machine>
	<machine name="cliffh">
		<description>Cliffhanger (USA)</description>
		<year>1993</year>
		<publisher>Sony Imagesoft</publisher>
		<disk name="cliffhanger (usa)" sha1="71753bdebddc8de1f9920f19e06a7858a470f286" />
	</machine>
	<machine name="cobra">
		<description>The Space Adventure - Cobra the Legendary Bandit (USA)</description>
		<year>1995</year>
		<publisher>Hudson Soft</publisher>
		<disk name="the space adventure - cobra the legendary bandit (usa)" sha1="51a755087713cc945adf5d5e85da713343ea3a0e" />
	</machine>
	<machine name="cobracom">
		<description>Cobra Command (USA)</description>
		<year>1992</year>
		<publisher>Sega</publisher>
		<disk name="cobra command (usa)" sha1="2d7c32591cec389f6d5feb5f0301495ff8021307" />
	</machine>
	<machine name="comptons">
		<description>Compton's Interactive Encyclopedia v2.10 (USA)</description>
		<year>1994</year>
		<publisher>Compton's NewMedia</publisher>
		<disk name="compton's interactive encyclopedia v2.01r (usa)" sha1="2df62d0e0a8f37e7b52c549ce7605d8c55fadf00" />
		<disk name="compton's interactive encyclopedia v2.01s (usa)" sha1="79ca6bb38c296ac3cc6352823be337371ad7a396" />
		<disk name="compton's interactive encyclopedia v2.10 (usa)" sha1="07568afaf31544942d9304fe1d0e6b70684de0d1" />
	</machine>
	<machine name="corpse">
		<description>Corpse Killer (USA)</description>
		<year>1994</year>
		<publisher>Digital Pictures</publisher>
		<disk name="corpse killer (usa)" sha1="fc73eb3211b4ba941423f5b2adb95e3f7f9a948d" />
		<disk name="corpse killer (usa, 32x)" sha1="68a6c75bc730025e90fa413c107090e7f4e377e0" />
	</machine>
	<machine name="cpatrol">
		<description>Crime Patrol (USA)</description>
		<year>1994</year>
		<publisher>American Laser Games</publisher>
		<disk name="crime patrol (usa)" sha1="544f2ac30e49c141d5a185a30c80b2ee51f12fd1" />
	</machine>
	<machine name="darkwiz">
		<description>Dark Wizard (USA)</description>
		<year>1994</year>
		<publisher>Sega</publisher>
		<disk name="dark wizard (usa)" sha1="cf784af53b6dedc2777b91f5ac5f169f2f7b9c30" />
	</machine>
	<machine name="dblswtch">
		<description>Double Switch (USA)</description>
		<year>1993</year>
		<publisher>Sega</publisher>
		<disk name="double switch (usa)" sha1="2b727773fda836ddfb972dc98820bee7135da709" />
	</machine>
	<machine name="demoman">
		<description>Demolition Man (USA)</description>
		<year>1994</year>
		<publisher>Acclaim Entertainment</publisher>
		<disk name="demolition man (usa)" sha1="5d7a96692fe79c8a1f6105c208bd60ced82d6014" />
	</machine>
	<machine name="dino2">
		<description>Cadillacs and Dinosaurs - The Second Cataclysm (USA)</description>
		<year>1994</year>
		<publisher>Rocket Science Games</publisher>
		<disk name="cadillacs and dinosaurs - the second cataclysm (bra)" sha1="04d8959520952c15c670e8b507d55c4eb0903d62" />
		<disk name="cadillacs and dinosaurs - the second cataclysm (usa)" sha1="e39951f55e2b2792bcfcdb97c0b7d65522f829ef" />
	</machine>
	<machine name="dlair">
		<description>Dragon's Lair (USA)</description>
		<year>1993</year>
		<publisher>Sega</publisher>
		<disk name="dragon's lair (usa)" sha1="724bc872d111ed67df10e95b134f8bf7fe2fcfe3" />
		<disk name="dragon's lair (usa, demo)" sha1="d96e5388a727dcb7fa948b38d275e1a42c752a36" />
	</machine>
	<machine name="dmaster2">
		<description>Dungeon Master II - Skullkeep (USA)</description>
		<year>1994</year>
		<publisher>JVC</publisher>
		<disk name="dungeon master ii - skullkeep (usa)" sha1="7564538fa48345f408aa3e1ab7b1da1f34b54d2a" />
	</machine>
	<machine name="dracula">
		<description>Bram Stoker's Dracula (USA, rev. A)</description>
		<year>1992</year>
		<publisher>Sony Imagesoft</publisher>
		<disk name="bram stoker's dracula (usa)" sha1="35a46f2a7c32d18ec22e3e8a7c03518f915fb4b2" />
		<disk name="bram stoker's dracula (usa, alt)" sha1="98ef333e37ed4968c3421966f36ea158a5a3e203" />
		<disk name="bram stoker's dracula (usa, rev. a)" sha1="ff8b30072085ed157c94859371e6a8f087ebd132" />
	</machine>
	<machine name="dracunl">
		<description>Dracula Unleashed (USA)</description>
		<year>1993</year>
		<publisher>Sega</publisher>
		<disk name="dracula unleashed (usa) (disc 1)" sha1="307c0779dace5d95f3e7a0ccee18c00356ca2362" />
		<disk name="dracula unleashed (usa) (disc 2)" sha1="e3adeebe60f32a3487e7d5afc86675b73057fba6" />
	</machine>
	<machine name="dune">
		<description>Dune (USA)</description>
		<year>1994</year>
		<publisher>Virgin Interactive</publisher>
		<disk name="dune (usa)" sha1="c96ba231930d4749abe864868ac9253d31527a34" />
	</machine>
	<machine name="dungexpl">
		<description>Dungeon Explorer (USA)</description>
		<year>1995</year>
		<publisher>Sega</publisher>
		<disk name="dungeon explorer (usa)" sha1="432897f1f19e8a053c8f7d783e2331e7fd0f0b1f" />
	</machine>
	<machine name="ecco2">
		<description>Ecco - The Tides of Time (USA)</description>
		<year>1993</year>
		<publisher>Sega</publisher>
		<disk name="ecco - the tides of time (usa)" sha1="20cb72bf75a848568dd034188bebe316138b6186" />
		<disk name="ecco - the tides of time (usa, alt)" sha1="9fb665727fdc629df195ef315eef17eae9661f4d" />
	</machine>
	<machine name="ecco">
		<description>Ecco the Dolphin (USA)</description>
		<year>1993</year>
		<publisher>Sega</publisher>
		<disk name="ecco the dolphin (usa)" sha1="7fb88d4f0fe34ee40991d724b9e90f7586081fd2" />
	</machine>
	<machine name="ejimse">
		<description>Earthworm Jim - Special Edition (USA)</description>
		<year>1995</year>
		<publisher>Interplay</publisher>
		<disk name="earthworm jim - special edition (usa)" sha1="0f7052a3c22367e7c5e0f857254849ffee9c941b" />
	</machine>
	<machine name="espnbb">
		<description>ESPN Baseball Tonight (USA)</description>
		<year>1994</year>
		<publisher>Sony Imagesoft</publisher>
		<disk name="espn baseball tonight (usa)" sha1="3965f3f96579abe6d754360fb123f5cfb2e8cce1" />
	</machine>
	<machine name="espnhn">
		<description>ESPN National Hockey Night (USA)</description>
		<year>1994</year>
		<publisher>Sony Imagesoft</publisher>
		<disk name="espn national hockey night (usa)" sha1="fcf0a2f3dbcf292047dd03b2c5d6b49c41af9585" />
	</machine>
	<machine name="espnnba">
		<description>ESPN NBA Hangtime '95 (USA)</description>
		<year>1994</year>
		<publisher>Sony Imagesoft</publisher>
		<disk name="espn nba hangtime '95 (usa)" sha1="86f1f4ee8da0f04109cf20b6b8ad455900562abe" />
	</machine>
	<machine name="espnnfl">
		<description>ESPN Sunday Night NFL (USA)</description>
		<year>1994</year>
		<publisher>Sony Imagesoft</publisher>
		<disk name="espn sunday night nfl (usa)" sha1="11504fbfcecc6ffdaa69960ba9e57d6cd343bd78" />
	</machine>
	<machine name="eternalc">
		<description>Eternal Champions - Challenge from the Dark Side (USA)</description>
		<year>1995</year>
		<publisher>Sega</publisher>
		<disk name="eternal champions - challenge from the dark side (usa)" sha1="cfdfda50429d14db0510fdfd8b2642c06d370b05" />
		<disk name="eternal champions - challenge from the dark side (usa, alt)" sha1="6608bca9094b0412578a37b8250c9548f68bbbb1" />
	</machine>
	<machine name="eyebehol">
		<description>Eye of the Beholder (USA)</description>
		<year>1994</year>
		<publisher>Sega</publisher>
		<disk name="eye of the beholder (usa)" sha1="8901e20ec6cb1cc8b8771b7bdac01d3220a067f5" />
	</machine>
	<machine name="f1btl">
		<description>Formula One World Championship - Beyond the Limit (USA)</description>
		<year>1994</year>
		<publisher>Sega</publisher>
		<disk name="formula one world championship - beyond the limit (usa)" sha1="da0c0fd84af458744d6b045c3fb44b5ac5f89152" />
	</machine>
	<machine name="fahrenhe">
		<description>Fahrenheit (USA, Sega CD &amp; 32X CD)</description>
		<year>1995</year>
		<publisher>Sega</publisher>
		<disk name="fahrenheit (usa) (32x cd)" sha1="f94ea9821ca030c3cc61eccc29eb9c692198415e" />
		<disk name="fahrenheit (usa) (sega cd)" sha1="c53080012578fe291323197e6319842beb84ee9b" />
	</machine>
	<machine name="fatfursp">
		<description>Fatal Fury Special (USA)</description>
		<year>1995</year>
		<publisher>JVC</publisher>
		<disk name="fatal fury special (usa)" sha1="07010baf387179950d62efe19745718fd5bc0744" />
		<disk name="fatal fury special (usa, prototype)" sha1="f9f8fc41787372a336ccce379c64bf675f7bd82b" status="baddump" />
	</machine>
	<machine name="ffightcd">
		<description>Final Fight CD (USA)</description>
		<year>1993</year>
		<publisher>Sega</publisher>
		<disk name="final fight cd (usa)" sha1="bd0ae447a302d2e220f13c84a7a56a45007c7e83" />
	</machine>
	<machine name="fifa">
		<description>FIFA International Soccer (USA)</description>
		<year>1994</year>
		<publisher>Electronic Arts</publisher>
		<disk name="fifa international soccer (usa)" sha1="3e32c3d5e99f5df103277aed209a59f888c06bec" />
	</machine>
	<machine name="flashb">
		<description>Flashback - The Quest for Identity (USA)</description>
		<year>1994</year>
		<publisher>Sega</publisher>
		<disk name="flashback - the quest for identity (usa)" sha1="865fb3fb8f5824656f756ab96bd16435857bb098" />
	</machine>
	<machine name="flink">
		<description>Flink (USA)</description>
		<year>1994</year>
		<publisher>Vic Tokai</publisher>
		<disk name="flink (usa)" sha1="3395bc2c0291f5af9f19ce5ab246c8ff15f6ced3" />
	</machine>
	<machine name="franken">
		<description>Mary Shelley's Frankenstein (USA)</description>
		<year>1994</year>
		<publisher>Sony Imagesoft</publisher>
		<disk name="mary shelley's frankenstein (usa)" sha1="4d0d40a70d2a585e371d23d122ec98a6dce7b299" />
	</machine>
	<machine name="frcestrk">
		<description>Force Striker (USA, prototype)</description>
		<year>2006</year>
		<publisher>Good Deal Games</publisher>
		<disk name="force striker (usa, prototype)" sha1="593892565e8ba7df9204128bd7bc36e72f92b803" />
	</machine>
	<machine name="frog">
		<description>Frog Feast (USA)</description>
		<year>2007</year>
		<publisher>RasterSoft</publisher>
		<disk name="frog feast (usa)" sha1="4dcd26df32f6463d5e9417558bbbf22c910ac65a" />
		<disk name="frog feast (usa, demo)" sha1="8411e49c5ef3a39a70d3e1612a04c66e3161eea9" />
	</machine>
	<machine name="graydeth">
		<description>Battletech - Gray Death Legion (USA, prototype)</description>
		<year>200?</year>
		<publisher>Good Deal Games</publisher>
		<disk name="battletech - gray death legion (usa, prototype)" sha1="c27d1f4447a3ba431ee283266ba26ecd93e67916" />
	</machine>
	<machine name="gztexas">
		<description>Ground Zero Texas (USA)</description>
		<year>1993</year>
		<publisher>Sony Imagesoft</publisher>
		<disk name="ground zero texas (usa) (disc 1)" sha1="226bef5c19446c6be18674941707b3baebc11223" />
		<disk name="ground zero texas (usa) (disc 2)" sha1="13c7cc77f2659155dec4deb4700d8ac8af95fb42" />
		<disk name="ground zero texas (usa, alt) (disc 1)" sha1="cb019a26b3edec7a8f0119d74a0991aa5b258313" />
		<disk name="ground zero texas (usa, alt) (disc 2)" sha1="4b3ebe516e2047d4df38590e0badf372262fa435" />
	</machine>
	<machine name="heimdall">
		<description>Heimdall (USA)</description>
		<year>1994</year>
		<publisher>JVC</publisher>
		<disk name="heimdall (usa)" sha1="986813f0d66eff9c163c19ccdbe6e055bf75043d" />
	</machine>
	<machine name="holmes2">
		<description>Sherlock Holmes - Consulting Detective Vol. II (USA)</description>
		<year>1993</year>
		<publisher>Sega</publisher>
		<disk name="sherlock holmes - consulting detective vol ii (usa) (disc 1)" sha1="162af0ed791b8a18040ecb3925984a738dc72d49" />
		<disk name="sherlock holmes - consulting detective vol ii (usa) (disc 2)" sha1="3de4f89de8920185197d8a65f0ea97a83e774a98" />
	</machine>
	<machine name="holmes">
		<description>Sherlock Holmes - Consulting Detective Vol. I (USA)</description>
		<year>1992</year>
		<publisher>Sega</publisher>
		<disk name="sherlock holmes - consulting detective vol. i (usa)" sha1="32d2f47f459927cd162376e46d6a02430572a82a" />
	</machine>
	<machine name="hook">
		<description>Hook (USA)</description>
		<year>1992</year>
		<publisher>Sony Imagesoft</publisher>
		<disk name="hook (usa)" sha1="310b67fc0163da2dbae236b1276624b2170425b0" />
		<disk name="hook (usa, alt)" sha1="4f01088a4ac4a059dbf8f8e4f2d94acc96757f05" />
	</machine>
	<machine name="hota">
		<description>Heart of the Alien - Out of this World Parts I and II (USA)</description>
		<year>1994</year>
		<publisher>Virgin Interactive</publisher>
		<disk name="heart of the alien - out of this world parts i and ii (usa)" sha1="a2784fa95bb3b29067b5d8148dd95877456577e7" />
	</machine>
	<machine name="hothits">
		<description>Hot Hits - Adventurous New Music Sampler (USA)</description>
		<year>1992</year>
		<publisher>Sega</publisher>
		<disk name="hot hits - adventurous new music sampler (usa)" sha1="0a83a39a37faf3f7338d7926ac3e22471319a433" />
	</machine>
	<machine name="inxs">
		<description>INXS (USA)</description>
		<year>1992</year>
		<publisher>Sega</publisher>
		<disk name="inxs (usa)" sha1="2370215eabf6fa7190c39f74f3365d7af6fe2a48" />
	</machine>
	<machine name="ironhlx">
		<description>Iron Helix (USA)</description>
		<year>1994</year>
		<publisher>Spectrum Holobyte</publisher>
		<disk name="iron helix (usa)" sha1="243a1c1691ab1a587371e34c1692663b28814184" />
	</machine>
	<machine name="jagxj220">
		<description>Jaguar XJ220 (USA)</description>
		<year>1993</year>
		<publisher>JVC</publisher>
		<disk name="jaguar xj220 (usa)" sha1="5f643ee293ecca6013464d0f48f15121edcaf876" />
	</machine>
	<machine name="jeopardy">
		<description>Jeopardy! (USA)</description>
		<year>1993</year>
		<publisher>Sony Imagesoft</publisher>
		<disk name="jeopardy (usa)" sha1="6f159f64d3ea62bb8eff70e9a2f84d02bfb54688" />
	</machine>
	<machine name="joemont">
		<description>Joe Montana's NFL Football (USA)</description>
		<year>1993</year>
		<publisher>Sega</publisher>
		<disk name="joe montana's nfl football (usa)" sha1="a6c4dccb249c27d38846e204313446e5928c2b4d" />
	</machine>
	<machine name="johnnymn">
		<description>Johnny Mnemonic (USA, prototype)</description>
		<year>1995?</year>
		<publisher>Sega</publisher>
		<disk name="johnny mnemonic (usa, prototype) (disc 1)" sha1="bd222aee2d7ebaf9524db3fc3cbc3d9782504d92" status="baddump" />
		<disk name="johnny mnemonic (usa, prototype) (disc 2)" sha1="e2f626d382b861043fbedddacf948d59cce1f290" status="baddump" />
	</machine>
	<machine name="jpark">
		<description>Jurassic Park (USA)</description>
		<year>1994</year>
		<publisher>Sega</publisher>
		<disk name="jurassic park (usa)" sha1="8ab39eda898277571127b9ac03dce64546602caf" />
		<disk name="jurassic park (usa, prototype)" sha1="65e63e6bd734f6eebed6d13ea6bb33627214420d" status="baddump" />
	</machine>
	<machine name="kamenrzo">
		<description>The Masked Rider - Kamen Rider ZO (USA)</description>
		<year>1994</year>
		<publisher>Sega</publisher>
		<disk name="the masked rider - kamen rider zo (usa)" sha1="a5906a3c5702f7ab0ba0f37a66d7b0f136488d85" />
	</machine>
	<machine name="karaoke">
		<description>Karaoke - JVC CD+G Karaoke - Top Hit Sampler (USA)</description>
		<year>1993</year>
		<publisher>JVC</publisher>
		<disk name="karaoke - jvc cd+g karaoke - top hit sampler (usa)" sha1="e969df346a8106b837b471cc87670b6aab981ec3" status="baddump" />
	</machine>
	<machine name="keio">
		<description>Keio Flying Squadron (USA)</description>
		<year>1995</year>
		<publisher>JVC</publisher>
		<disk name="keio flying squadron (usa)" sha1="4e47afd43c13ae481dd159fd6e0f2fc4d180a211" />
	</machine>
	<machine name="kidssite">
		<description>Kids on Site (USA)</description>
		<year>1994</year>
		<publisher>Digital Pictures</publisher>
		<disk name="kids on site (usa)" sha1="9a97c7c151cbe77121bb626954b50bd2223a9292" />
	</machine>
	<machine name="kriskros">
		<description>Kris Kross (USA)</description>
		<year>1992</year>
		<publisher>Sony Imagesoft</publisher>
		<disk name="kris kross (usa)" sha1="1bfbe435dcb3c4b7e892f6fdcf19d08015a01933" />
	</machine>
	<machine name="lawnmowr">
		<description>The Lawnmower Man (USA)</description>
		<year>1994</year>
		<publisher>Sales Curve Interactive</publisher>
		<disk name="the lawnmower man (usa)" sha1="0fbfa11d36a770450c8f34d74dc2b44196484ad6" />
	</machine>
	<machine name="le2">
		<description>Lethal Enforcers II - Gun Fighters (USA)</description>
		<year>1994</year>
		<publisher>Konami</publisher>
		<disk name="lethal enforcers ii - gun fighters (usa)" sha1="7d63da6fa26441e31bd614474936d8c7adacd239" />
	</machine>
	<machine name="lethalen">
		<description>Lethal Enforcers (USA)</description>
		<year>1993</year>
		<publisher>Konami</publisher>
		<disk name="lethal enforcers (usa)" sha1="2a9bb24ed2a7db353e035311269180b368230069" />
		<disk name="lethal enforcers (usa, alt)" sha1="924fd382c6d23099200ef33eee358f768a0503b8" />
	</machine>
	<machine name="links">
		<description>Links - The Challenge of Golf (USA)</description>
		<year>1994</year>
		<publisher>Virgin Interactive</publisher>
		<disk name="links - the challenge of golf (usa)" sha1="a663bd03db7815b017f7fac039e76f22b4993452" />
		<disk name="links - the challenge of golf (usa, alt)" sha1="4fd31dafd2c565d1fdf94cb7e483b13f17da7ae7" />
	</machine>
	<machine name="loadstar">
		<description>Loadstar - The Legend of Tully Bodine (USA)</description>
		<year>1994</year>
		<publisher>Rocket Science Games</publisher>
		<disk name="loadstar - the legend of tully bodine (usa)" sha1="a9b4df4c8b3ed81d14cfa5506961c3815387194e" />
	</machine>
	<machine name="lordthun">
		<description>Lords of Thunder (USA)</description>
		<year>1995</year>
		<publisher>Sega</publisher>
		<disk name="lords of thunder (usa)" sha1="c4be0138ac50ee190fb8df9839a2efb97e9f30c2" />
	</machine>
	<machine name="lunar2">
		<description>Lunar - Eternal Blue (USA)</description>
		<year>1995</year>
		<publisher>Game Arts</publisher>
		<disk name="lunar - eternal blue (usa)" sha1="1cc95c2b91d6c52d561a4f70e96c52ddc3c10313" />
	</machine>
	<machine name="lunar">
		<description>Lunar - The Silver Star (USA)</description>
		<year>1993</year>
		<publisher>Game Arts</publisher>
		<disk name="lunar - the silver star (usa)" sha1="eebcd9cdadb0a74de4313fc44fff83ba95ba3135" />
	</machine>
	<machine name="maddog2">
		<description>Mad Dog II - The Lost Gold (USA)</description>
		<year>1994</year>
		<publisher>American Laser Games</publisher>
		<disk name="mad dog ii - the lost gold (usa)" sha1="bb599adbb99cfc6fbd667f60429bb1f504af16c6" />
	</machine>
	<machine name="maddog">
		<description>Mad Dog McCree (USA)</description>
		<year>1993</year>
		<publisher>American Laser Games</publisher>
		<disk name="mad dog mccree (usa)" sha1="244713e8c7c1d1ef38f5f9ba2232cb1a2b23a1f7" />
	</machine>
	<machine name="mansion">
		<description>Mansion of Hidden Souls (USA)</description>
		<year>1994</year>
		<publisher>Vic Tokai</publisher>
		<disk name="mansion of hidden souls (usa)" sha1="1d1dba770de6d5969d23d2e86ad4028445d514c4" />
	</machine>
	<machine name="marko">
		<description>Marko (USA, prototype)</description>
		<year>200?</year>
		<publisher>Good Deal Games</publisher>
		<disk name="marko (usa, prototype)" sha1="c4e51740ca8ff7c9574519bc849082220efe69f5" />
	</machine>
	<machine name="marky">
		<description>Marky Mark and The Funky Bunch (USA)</description>
		<year>1992</year>
		<publisher>Sega</publisher>
		<disk name="marky mark and the funky bunch (usa)" sha1="43371912dc0bf83158ec383bbc4cf2b4b9e60274" />
	</machine>
	<machine name="megarace">
		<description>MegaRace (USA)</description>
		<year>1993</year>
		<publisher>The Software Toolworks</publisher>
		<disk name="megarace (usa)" sha1="d60afc89afa7de225f42deb3fac894f9202061b5" />
	</machine>
	<machine name="microcos">
		<description>Microcosm (USA)</description>
		<year>1993</year>
		<publisher>Psygnosis</publisher>
		<disk name="microcosm (usa)" sha1="bca8a59c2aa47d1207b0c2df1d2ff40cb5d11fb4" />
	</machine>
	<machine name="midnight">
		<description>Midnight Raiders (USA)</description>
		<year>1994</year>
		<publisher>Sega</publisher>
		<disk name="midnight raiders (usa)" sha1="83db51aee2ef658fa9d29e67acdc7d5774e69d3a" />
	</machine>
	<machine name="mk">
		<description>Mortal Kombat (USA)</description>
		<year>1994</year>
		<publisher>Arena</publisher>
		<disk name="mortal kombat (usa)" sha1="454e23c8922380f813a3a5b9d94902a691109332" />
	</machine>
	<machine name="mmania">
		<description>Mickey Mania - Timeless Adventures of Mickey Mouse (USA)</description>
		<year>1994</year>
		<publisher>Sony Imagesoft</publisher>
		<disk name="mickey mania - timeless adventures of mickey mouse (usa)" sha1="c98e204f92845b6e90ee0afce16d10501ded7ea2" />
	</machine>
	<machine name="mmm">
		<description>Mighty Mighty Missile! (USA)</description>
		<year>2005</year>
		<publisher>Good Deal Games</publisher>
		<disk name="mighty mighty missile (usa)" sha1="561a66d7ed2df029ad07b49c4f0bca11f8ae0eb4" />
	</machine>
	<machine name="mmpr">
		<description>Saban's Mighty Morphin Power Rangers (USA)</description>
		<year>1995</year>
		<publisher>Sega</publisher>
		<disk name="saban's mighty morphin power rangers (usa)" sha1="fffd902d4ab06d946c47b7eaa40cc5ddd9963299" />
	</machine>
	<machine name="monkey">
		<description>The Secret of Monkey Island (USA)</description>
		<year>1992</year>
		<publisher>JVC</publisher>
		<disk name="the secret of monkey island (usa)" sha1="a894a9e6ba908f742d686fb85b7ae3c700fb1d36" />
	</machine>
	<machine name="mypaint">
		<description>My Paint (USA)</description>
		<year>1993</year>
		<publisher>Saddleback Graphics</publisher>
		<disk name="my paint (usa)" sha1="30917da8038266ad3d76498e3fbe565c4456d602" />
	</machine>
	<machine name="nbajam">
		<description>NBA Jam (USA)</description>
		<year>1994</year>
		<publisher>Arena</publisher>
		<disk name="nba jam (usa)" sha1="48b0fdb2476ac795b303bfdc11b40abb8609511b" />
	</machine>
	<machine name="nflgreat">
		<description>NFL's Greatest - San Francisco VS Dallas 1978-1993 (USA)</description>
		<year>1993</year>
		<publisher>Sega</publisher>
		<disk name="nfl's greatest - san francisco vs dallas 1978-1993 (usa)" sha1="20fc574d1912b92dd9d6c248734a8e897501b3ea" />
	</machine>
	<machine name="nfltriv">
		<description>NFL Football Trivia Challenge (USA)</description>
		<year>1994</year>
		<publisher>CapDisc</publisher>
		<disk name="nfl football trivia challenge (usa)" sha1="eadf0633891eb5d94dcb0336d367abca750fa903" />
	</machine>
	<machine name="nhl94">
		<description>NHL '94 (USA)</description>
		<year>1993</year>
		<publisher>Electronic Arts</publisher>
		<disk name="nhl '94 (usa)" sha1="ac34c65117668dc53e7075a0dbe9bd260fdb1c15" />
	</machine>
	<machine name="novastm">
		<description>Novastorm (USA)</description>
		<year>1994</year>
		<publisher>Psygnosis</publisher>
		<disk name="novastorm (usa)" sha1="d5160362468ffa82ef858d8f9d46e26cf9a4a91f" />
	</machine>
	<machine name="ntrap">
		<description>Night Trap (USA, Re-Release)</description>
		<year>1995</year>
		<publisher>Sega</publisher>
		<disk name="night trap (usa) (disc 1)" sha1="c2c18c6af2aae9619ca5772fcb6aecc79a142a40" />
		<disk name="night trap (usa) (disc 2)" sha1="41c44780c325403d9c4522fc3d010912fc3dad5a" />
		<disk name="night trap (usa, 32x) (disc 1)" sha1="a4407b3264ef29d343f7d4b984194bc4636009d3" />
		<disk name="night trap (usa, 32x) (disc 2)" sha1="18b2a72bf91589ef43986b3f3add9b70c609f346" />
		<disk name="night trap (usa, alt) (disc 1)" sha1="d5d21d92798661d67ab7247acc41ea6602721a0b" />
		<disk name="night trap (usa, re-release) (disc 1)" sha1="69cd893b1b2d971da405cac1c4c71114e8a91648" />
		<disk name="night trap (usa, re-release) (disc 2)" sha1="d8447c507abf9b7afc64b943fa3b4f794ddf25f1" />
	</machine>
	<machine name="panic">
		<description>Panic! (USA)</description>
		<year>1994</year>
		<publisher>Data East</publisher>
		<disk name="panic (usa)" sha1="44216917d5e42f131c0854cd8fb5066f5e39c87f" />
	</machine>
	<machine name="pennsmok">
		<description>Penn &amp; Teller's Smoke and Mirrors (USA, prototype)</description>
		<year>1995?</year>
		<publisher>Absolute Entertainment</publisher>
		<disk name="penn and teller's smoke and mirrors (usa, prototype) (disc 1)" sha1="01d82d2f767df776c55fc49fe0bfe22132fc9e40" status="baddump" />
		<disk name="penn and teller's smoke and mirrors (usa, prototype) (disc 2)" sha1="f7c989041a9775f525287981ed6eae778c5bd5b6" status="baddump" />
	</machine>
	<machine name="pitfall">
		<description>Pitfall - The Mayan Adventure (USA)</description>
		<year>1995</year>
		<publisher>Activision</publisher>
		<disk name="pitfall - the mayan adventure (usa)" sha1="512f8ebf40e653f82ac9528193344ad990b58bf3" />
	</machine>
	<machine name="pmonger">
		<description>Power Monger (USA)</description>
		<year>1994</year>
		<publisher>Electronic Arts</publisher>
		<disk name="powermonger (usa)" sha1="0e281e66912a9d38edfd06bdee836ce8dba06244" />
	</machine>
	<machine name="popmail">
		<description>Popful Mail (USA)</description>
		<year>1995</year>
		<publisher>Sega</publisher>
		<disk name="popful mail (usa)" sha1="459853983b1e01fe297ffd6287502eab1678e8e4" />
	</machine>
	<machine name="ppersia">
		<description>Prince of Persia (USA)</description>
		<year>1992</year>
		<publisher>Sega</publisher>
		<disk name="prince of persia (usa)" sha1="fd9250f32c23e0954b197d1833c20de705df43d3" />
	</machine>
	<machine name="prime">
		<description>Ultraverse Prime (USA)</description>
		<year>1994</year>
		<publisher>Sony Imagesoft</publisher>
		<disk name="ultraverse prime (usa)" sha1="7da5a30679f6ba40a46cd1c5fceb86d6c5541859" />
	</machine>
	<machine name="prizefig">
		<description>Prize Fighter (USA)</description>
		<year>1994</year>
		<publisher>Sega</publisher>
		<disk name="prize fighter (usa) (disc 1)" sha1="37742af63ba540380b8285a1e82be8d1898914e6" />
		<disk name="prize fighter (usa) (disc 2)" sha1="46f731d613d08eba5534331ce85fb5bab1e1b387" />
	</machine>
	<machine name="psgaesd">
		<description>Pier Solar and the Great Architects Enhanced Soundtrack Disc (World)</description>
		<year>2010</year>
		<publisher>WaterMelon</publisher>
		<disk name="pier solar and the great architects enhanced soundtrack disc (world)" sha1="1f26cce723ef044f449d87cdb624a2937f40f5d9" />
	</machine>
	<machine name="puggsy">
		<description>Puggsy (USA)</description>
		<year>1994</year>
		<publisher>Psygnosis</publisher>
		<disk name="puggsy (usa)" sha1="307206f9f4154699e9386fa9b45bd79d5ed72e5d" />
	</machine>
	<machine name="racinace">
		<description>Racing Aces (USA)</description>
		<year>1993</year>
		<publisher>Sega</publisher>
		<disk name="racing aces (usa)" sha1="a2038d4de56b75d61db6ad757919cca00cc91c95" />
	</machine>
	<machine name="radrex">
		<description>Radical Rex (USA)</description>
		<year>1994</year>
		<publisher>Activision</publisher>
		<disk name="radical rex (usa)" sha1="4cdbbc72aa7b1fc191a2e45f9cf1eb1f16e8300c" />
	</machine>
	<machine name="ragecage">
		<description>WWF Rage in the Cage (USA)</description>
		<year>1993</year>
		<publisher>Arena</publisher>
		<disk name="wwf rage in the cage (usa)" sha1="960a6ffa31b52e7ca8e7759f3d385940c8f2eb56" />
	</machine>
	<machine name="rdf">
		<description>RDF - Global Conflict (USA)</description>
		<year>1994</year>
		<publisher>Absolute Entertainment</publisher>
		<disk name="rdf - global conflict (usa)" sha1="32cf1e068598e385962db8de493eb191aab7716b" />
	</machine>
	<machine name="revninja">
		<description>Revenge of the Ninja (USA)</description>
		<year>1993</year>
		<publisher>Renovation</publisher>
		<disk name="revenge of the ninja (usa)" sha1="d6f0a13f1b630ba771cad7c86b607f31cf6092b7" />
	</machine>
	<machine name="revoveng">
		<description>Revengers of Vengeance (USA)</description>
		<year>1994</year>
		<publisher>Extreme Entertainment Group</publisher>
		<disk name="revengers of vengeance (usa)" sha1="fda7766a0480655c1a23ca40f33258c0d83abe3e" />
	</machine>
	<machine name="risedrg">
		<description>Rise of the Dragon (USA, rev. A)</description>
		<year>1994</year>
		<publisher>Dynamix</publisher>
		<disk name="rise of the dragon (usa)" sha1="e84d20447bec4c5bed1bfe27372c5a927d5fbdb2" />
		<disk name="rise of the dragon (usa, rev. a)" sha1="412d819633740c597b67591cf12fdac7c7081194" />
	</machine>
	<machine name="roadaven">
		<description>Road Avenger (USA)</description>
		<year>1993</year>
		<publisher>Renovation</publisher>
		<disk name="road avenger (usa)" sha1="05fa6ae67687aacdf99fe939b0f04ce13b6d527b" />
	</machine>
	<machine name="roadrash">
		<description>Road Rash (USA)</description>
		<year>1995</year>
		<publisher>Electronic Arts</publisher>
		<disk name="road rash (usa)" sha1="d6639e82e767177e5fa255cef2a5993451e10c09" />
		<disk name="road rash (usa, prototype, beta 3 - 19950211)" sha1="7c921496b5caefbb5ff55195d9b2a07b8dc12424" status="baddump" />
	</machine>
	<machine name="roboales">
		<description>Robo Aleste (USA)</description>
		<year>1993</year>
		<publisher>Tengen</publisher>
		<disk name="robo aleste (usa)" sha1="16f734ed901182e0e435e6c2b4f559e99615f148" />
	</machine>
	<machine name="rockpint">
		<description>Rock Paintings (USA)</description>
		<year>1992</year>
		<publisher>Sega</publisher>
		<disk name="rock paintings (usa)" sha1="614f3f8e89e4b91923ff69719c38baef679f8e8d" status="baddump" />
	</machine>
	<machine name="samsho">
		<description>Samurai Shodown (USA)</description>
		<year>1995</year>
		<publisher>JVC</publisher>
		<disk name="samurai shodown (usa)" sha1="5b12e3cea8f93635f25e98b184c68f6921e395d8" />
	</machine>
	<machine name="segaac4">
		<description>Sega Classics Arcade Collection (USA, 4 in 1)</description>
		<year>1992</year>
		<publisher>Sega</publisher>
		<disk name="sega classics arcade collection (usa, 4 in 1)" sha1="cfea01b2bdf3e6eb02209d962e57fc41f0a29bc8" />
		<disk name="sega classics arcade collection (usa, 4 in 1, alt)" sha1="c587085ec1b3a2cea0575a5bf90abfd3789c3779" />
	</machine>
	<machine name="segaac5">
		<description>Sega Classics Arcade Collection (USA, 5 in 1)</description>
		<year>1993</year>
		<publisher>Sega</publisher>
		<disk name="sega classics arcade collection (usa, 5 in 1)" sha1="9f4bdadabba7d8998b701a3becd2520d4d2a037d" />
	</machine>
	<machine name="shinfrce">
		<description>Shining Force CD (USA)</description>
		<year>1994</year>
		<publisher>Sega</publisher>
		<disk name="shining force cd (usa)" sha1="ddd94e30ba53faf04336b5854dd4e0d9980067b5" />
		<disk name="shining force cd (usa, alt)" sha1="ddb304849d01df44251d69b890df47c8db1d8642" />
		<disk name="shining force cd (usa, prototype)" sha1="b5384972be572624929b8f18b7bd2083176bd0af" status="baddump" />
	</machine>
	<machine name="silpheed">
		<description>Silpheed (USA)</description>
		<year>1993</year>
		<publisher>Sega</publisher>
		<disk name="silpheed (usa)" sha1="f4d368f13f7998fb8d37c9a3439d42497e0ee359" />
	</machine>
	<machine name="slamcity">
		<description>Slam City with Scottie Pippen (USA, rev. A)</description>
		<year>1994</year>
		<publisher>Digital Pictures</publisher>
		<disk name="slam city with scottie pippen (usa) (disc 1)" sha1="e458f2e459cb097ed32ea27ffaa7ab5cc47c9a18" />
		<disk name="slam city with scottie pippen (usa) (disc 2)" sha1="d900b5e5dcb904530edc089ce376d53ce404d6ec" />
		<disk name="slam city with scottie pippen (usa) (disc 3)" sha1="11bfe9ce5081785bb8e9cbc0e9bd65c7605e817e" />
		<disk name="slam city with scottie pippen (usa) (disc 4)" sha1="010bc11b7d8a078bbdd869ae7c7bf7ebfe04c916" />
		<disk name="slam city with scottie pippen (usa, 32x) (disc 1)" sha1="c0563dec08e2e89e42705d324b39f78b0056dcd5" />
		<disk name="slam city with scottie pippen (usa, 32x) (disc 2)" sha1="21044739e37a7faf11dd21e633d64c0f817f991b" />
		<disk name="slam city with scottie pippen (usa, 32x) (disc 3)" sha1="cc4a4c7c64c16a0f8ce3d8a4d82e94d11466a769" />
		<disk name="slam city with scottie pippen (usa, 32x) (disc 4)" sha1="6432d3447cb2be5e39fb79b69833dd80e4587c6c" />
		<disk name="slam city with scottie pippen (usa, alt) (disc 1)" sha1="637ceb49d6e9ff89009b26d848b6097a54969d65" />
		<disk name="slam city with scottie pippen (usa, alt) (disc 2)" sha1="e5cc52a7686824b14ee471682f30b0b4a09dbe97" />
		<disk name="slam city with scottie pippen (usa, alt) (disc 3)" sha1="6d144435110bc0fcd97313c75dbb56f472e4e123" />
		<disk name="slam city with scottie pippen (usa, alt) (disc 4)" sha1="ddffdf4dd92fcb3f93f285ff24384815ba401cab" />
	</machine>
	<machine name="snatcher">
		<description>Snatcher (USA)</description>
		<year>1994</year>
		<publisher>Konami</publisher>
		<disk name="snatcher (usa)" sha1="815edc5df272e4b10edd5919b29c3a996a1799c2" />
	</machine>
	<machine name="solfeace">
		<description>Sol-Feace (USA)</description>
		<year>1992</year>
		<publisher>Sega</publisher>
		<disk name="sol-feace (usa)" sha1="498ebd9c1fe4bd2f84cf6c32829b68e471eb3b07" />
	</machine>
	<machine name="soniccd">
		<description>Sonic the Hedgehog CD (USA)</description>
		<year>1993</year>
		<publisher>Sega</publisher>
		<disk name="cd sonic the hedgehog (usa, prototype 19930510)" sha1="a4678b0879fcd42de426ae48bea90214058731e0" status="baddump" />
		<disk name="sonic cd (usa)" sha1="ae08e06cc13b49b75c45e69334b2bdea4974454f" />
		<disk name="sonic cd (usa, alt 2)" sha1="824b78678ce7aa0b845d14de3e7df737105329f4" />
		<disk name="sonic cd (usa, alt)" sha1="a8a968a6239da07c6143dd420a6a3093f4dddcd2" />
		<disk name="sonic the hedgehog cd (usa, prototype 19930712)" sha1="03ae957f349ed69c20b64c92ea552bc8d3639f04" />
		<disk name="sonic the hedgehog cd (usa, prototype 19930920)" sha1="324452f48e8ee7ce605f1d40718a346f23ffea5d" />
	</machine>
	<machine name="soulstar">
		<description>Soul Star (USA)</description>
		<year>1994</year>
		<publisher>Core Design</publisher>
		<disk name="soulstar (usa)" sha1="4e2ab5b51dca2a4c23700b4d3587a9a08ac6d29f" />
	</machine>
	<machine name="spaceace">
		<description>Space Ace (USA)</description>
		<year>1994</year>
		<publisher>ReadySoft</publisher>
		<disk name="space ace (usa)" sha1="d5f5125af3e9e59a59f775576ddc99b4aadaf505" />
		<disk name="space ace (usa, demo)" sha1="a2c36f02bab608baca10bf8d4e6b450cab49715c" />
	</machine>
	<machine name="spidking">
		<description>The Amazing Spider-Man vs. The Kingpin (USA)</description>
		<year>1993</year>
		<publisher>Sega</publisher>
		<disk name="the amazing spider-man vs. the kingpin (usa)" sha1="4102f007184635832ca13ab770ccadcde32242da" />
	</machine>
	<machine name="sshark">
		<description>Sewer Shark (USA, rev. B)</description>
		<year>1992</year>
		<publisher>Sega</publisher>
		<disk name="sewer shark (usa)" sha1="65eb30fa88be9de6a7ceb980b4016241c5aafe0f" />
		<disk name="sewer shark (usa, rev. a)" sha1="0f339806d73c473c20906935836d49457339430f" />
		<disk name="sewer shark (usa, rev. b)" sha1="0353015285afb2fa5119b3e700725d6b8e46d680" />
		<disk name="sewer shark (usa, rev. b, alt 2)" sha1="b5cd7913425b5f14c7fd6a5df9dc66a40022edc6" />
		<disk name="sewer shark (usa, rev. b, alt)" sha1="9229f299de538d02ebf6d8e8a44c0066bc879077" />
	</machine>
	<machine name="starblad">
		<description>StarBlade (USA)</description>
		<year>1994</year>
		<publisher>Namco</publisher>
		<disk name="starblade (usa)" sha1="6233ca426d0797a5bccf98261b5164c44feb5203" />
	</machine>
	<machine name="starstrk">
		<description>Star Strike (USA, prototype)</description>
		<year>2001</year>
		<publisher>Good Deal Games</publisher>
		<disk name="star strike (usa, prototype)" sha1="65552aa20d2b799083fc4d27efc590fe91aa77af" />
	</machine>
	<machine name="stellarf">
		<description>Stellar-Fire (USA)</description>
		<year>1993</year>
		<publisher>Dynamix</publisher>
		<disk name="stellar-fire (usa)" sha1="4e0245e30cac825c262551eda322eb774919e87b" />
	</machine>
	<machine name="supremew">
		<description>Supreme Warrior (USA)</description>
		<year>1994</year>
		<publisher>Digital Pictures</publisher>
		<disk name="supreme warrior (usa) (disc 1)" sha1="dbdc3fcdee8c590401a815662878476632f42cf0" />
		<disk name="supreme warrior (usa) (disc 2)" sha1="00344d23da869e465c322e154c9babf219271e49" />
		<disk name="supreme warrior (usa, 32x) (disc 1)" sha1="a9afa96f2300e19777724404909d4f204199f342" />
		<disk name="supreme warrior (usa, 32x) (disc 2)" sha1="e99f121209bac853d9e0d88a1a395354b264ebd5" />
	</machine>
	<machine name="surgical">
		<description>Surgical Strike (USA)</description>
		<year>1995</year>
		<publisher>Sega</publisher>
		<disk name="surgical strike (usa)" sha1="37ba598fdc774b805f89d43962591a176c2215d4" />
	</machine>
	<machine name="swchess">
		<description>The Software Toolworks' Star Wars Chess (USA)</description>
		<year>1994</year>
		<publisher>The Software Toolworks</publisher>
		<disk name="star wars chess (usa)" sha1="fe03505a7c2f1ebdef4d2c32c8b73677288d635b" />
	</machine>
	<machine name="swra">
		<description>Star Wars - Rebel Assault (USA)</description>
		<year>1994</year>
		<publisher>JVC</publisher>
		<disk name="star wars - rebel assault (usa)" sha1="f1049ddf315f3a9ecd29378bc026a05669120112" />
	</machine>
	<machine name="syndicat">
		<description>Syndicate (USA, prototype)</description>
		<year>19??</year>
		<publisher>&lt;unknown&gt;</publisher>
		<disk name="syndicate (usa, prototype)" sha1="7441856d59cee9e7425a7d0716b712be2020082a" />
	</machine>
	<machine name="tcataly">
		<description>Tomcat Alley (USA)</description>
		<year>1994</year>
		<publisher>Sega</publisher>
		<disk name="tomcat alley (usa)" sha1="b90a1fcdd7371da1c36591b53264e809637b0a18" />
		<disk name="tomcat alley (usa, alt)" sha1="0d2ab8e7934c162ef16d233c62f02b9c0268aca4" />
	</machine>
	<machine name="termintr">
		<description>The Terminator (USA)</description>
		<year>1993</year>
		<publisher>Virgin Games</publisher>
		<disk name="the terminator (usa)" sha1="43bf02bf06fc5d1bd32bc61b11acd1745d2d7a1d" />
	</machine>
	<machine name="timecop">
		<description>Timecop (USA, prototype)</description>
		<year>200?</year>
		<publisher>Good Deal Games</publisher>
		<disk name="time cop (usa, early prototype)" sha1="1faf0b1f68f41d76bd2be4e11ed7ec0d5381da40" status="baddump" />
		<disk name="timecop (usa, prototype)" sha1="8b002f1767595cbc2a753114574ba3487d5a0011" />
	</machine>
	<machine name="timegal">
		<description>Time Gal (USA)</description>
		<year>1993</year>
		<publisher>Renovation</publisher>
		<disk name="time gal (usa)" sha1="22c4bc9adb5560c276f0fe88967e04bf279d54d0" />
	</machine>
	<machine name="trivial">
		<description>Trivial Pursuit (USA)</description>
		<year>1993</year>
		<publisher>Parker Brothers</publisher>
		<disk name="trivial pursuit (usa)" sha1="2e23b0b05b67fe4f30286448f030a391b9da9e9b" />
	</machine>
	<machine name="vay">
		<description>Vay (USA)</description>
		<year>1994</year>
		<publisher>Working Designs</publisher>
		<disk name="vay (usa)" sha1="099e4c43d8ca5eb57854db25cbcbfc3139e41a9e" />
	</machine>
	<machine name="virtvcr">
		<description>Virtual VCR - The Colors of Modern Rock (USA)</description>
		<year>1993</year>
		<publisher>Sega / Warner Custom Music</publisher>
		<disk name="virtual vcr - the colors of modern rock (usa)" sha1="1f45476a265c3c1e60c523930d51dd0beff6f282" />
	</machine>
	<machine name="wcup94">
		<description>World Cup USA 94 (USA)</description>
		<year>1994</year>
		<publisher>U.S. Gold</publisher>
		<disk name="world cup usa 94 (usa)" sha1="cb17c8ea42ec3a7d9562a0e188610a687f6b8829" />
	</machine>
	<machine name="wheelfor">
		<description>Wheel of Fortune (USA)</description>
		<year>1994</year>
		<publisher>Sony Imagesoft</publisher>
		<disk name="wheel of fortune (usa)" sha1="1c48a4dd3d70ed9d4450aea57bb5dc671e5c4a4c" />
	</machine>
	<machine name="whoshot">
		<description>Who Shot Johnny Rock? (USA)</description>
		<year>1994</year>
		<publisher>American Laser Games</publisher>
		<disk name="who shot johnny rock (usa)" sha1="dc9675c0bfc19baae5be13ce1540062c09b930f3" />
	</machine>
	<machine name="wildwood">
		<description>Wild Woody (USA)</description>
		<year>1995</year>
		<publisher>Sega</publisher>
		<disk name="wild woody (usa)" sha1="b19502ae521af64339377d78a8e1d44c9dee7217" />
	</machine>
	<machine name="wilybeam">
		<description>The Adventures of Willy Beamish (USA)</description>
		<year>1993</year>
		<publisher>Dynamix</publisher>
		<disk name="the adventures of willy beamish (usa)" sha1="694476e5e82d7317ec6943d5d749764592045f37" />
	</machine>
	<machine name="wingcomm">
		<description>Wing Commander (USA)</description>
		<year>1993</year>
		<publisher>Electronic Arts</publisher>
		<disk name="wing commander (usa)" sha1="d36f61f84a87518691438a3c4f9862b2ce23e483" />
	</machine>
	<machine name="wirehead">
		<description>WireHead (USA)</description>
		<year>1995</year>
		<publisher>Sega</publisher>
		<disk name="wirehead (usa)" sha1="762bb917b936f1a781a2fbe66bbe3a9bf5dd5d43" />
	</machine>
	<machine name="wolfchld">
		<description>Wolfchild (USA)</description>
		<year>1992</year>
		<publisher>JVC</publisher>
		<disk name="wolfchild (usa)" sha1="700228109f9fe28bd5af6525c9fe0354913e1c6a" />
	</machine>
	<machine name="wonderdg">
		<description>Wonder Dog (USA)</description>
		<year>1992</year>
		<publisher>JVC</publisher>
		<disk name="wonder dog (usa)" sha1="dbb8d538de584c38f0d0217777d091b593e27999" />
	</machine>
</datafile>